week,game_id,team,opponent_team,player,player_key,position,targets,receptions,receiving_yards,receiving_tds,weekly_target_share,offense_snaps,offense_pct
1,2026_01_ARI_LAC,ARI,LAC,Trey McBride,trey mcbride,TE,13,9,95,1,0.35135135135135137,60.0,0.8
1,2026_01_ARI_LAC,ARI,LAC,Kendrick Bourne,kendrick bourne,WR,8,8,75,0,0.21621621621621623,50.0,0.67
1,2026_01_ARI_LAC,ARI,LAC,Michael Wilson,michael wilson,WR,7,5,56,0,0.1891891891891892,64.0,0.85
1,2026_01_ARI_LAC,ARI,LAC,Jeremiyah Love,jeremiyah love,RB,4,2,9,0,0.10810810810810811,32.0,0.43
1,2026_01_ARI_LAC,ARI,LAC,Marvin Harrison Jr.,marvin harrison,WR,3,1,33,0,0.08108108108108109,59.0,0.79
1,2026_01_ARI_LAC,ARI,LAC,Tyler Allgeier,tyler allgeier,RB,2,2,9,0,0.05405405405405406,44.0,0.59
1,2026_01_ARI_LAC,ARI,LAC,Jacoby Brissett,jacoby brissett,QB,0,0,0,0,0.0,75.0,1.0
1,2026_01_ARI_LAC,ARI,LAC,Elijah Wilkinson,elijah wilkinson,OT,0,0,0,0,0.0,75.0,1.0
1,2026_01_ARI_LAC,ARI,LAC,Budda Baker,budda baker,S,0,0,0,0,0.0,0.0,0.0
1,2026_01_ARI_LAC,ARI,LAC,Josh Sweat,josh sweat,LB,0,0,0,0,0.0,0.0,0.0
1,2026_01_ARI_LAC,ARI,LAC,Mack Wilson,mack wilson,LB,0,0,0,0,0.0,0.0,0.0
1,2026_01_ARI_LAC,ARI,LAC,Hjalte Froholdt,hjalte froholdt,C,0,0,0,0,0.0,75.0,1.0
1,2026_01_ARI_LAC,ARI,LAC,Andrew Wingard,andrew wingard,SAF,0,0,0,0,0.0,0.0,0.0
1,2026_01_ARI_LAC,ARI,LAC,L.J. Collier,lj collier,DE,0,0,0,0,0.0,0.0,0.0
1,2026_01_ARI_LAC,ARI,LAC,Blake Gillikin,blake gillikin,P,0,0,0,0,0.0,0.0,0.0
1,2026_01_ARI_LAC,ARI,LAC,Devin Duvernay,devin duvernay,WR,0,0,0,0,0.0,0.0,0.0
1,2026_01_ARI_LAC,ARI,LAC,Roy Lopez,roy lopez,DT,0,0,0,0,0.0,0.0,0.0
1,2026_01_ARI_LAC,ARI,LAC,Simi Fehoko,simi fehoko,WR,0,0,0,0,0.0,6.0,0.08
1,2026_01_ARI_LAC,ARI,LAC,Zaven Collins,zaven collins,LB,0,0,0,0,0.0,0.0,0.0
1,2026_01_ARI_LAC,ARI,LAC,Hunter Long,hunter long,TE,0,0,0,0,0.0,26.0,0.35
1,2026_01_ARI_LAC,ARI,LAC,Jack Gibbens,jack gibbens,LB,0,0,0,0,0.0,0.0,0.0
1,2026_01_ARI_LAC,ARI,LAC,Paris Johnson Jr.,paris johnson,OT,0,0,0,0,0.0,75.0,1.0
1,2026_01_ARI_LAC,ARI,LAC,Chad Ryland,chad ryland,K,0,0,0,0,0.0,0.0,0.0
1,2026_01_ARI_LAC,ARI,LAC,Dante Stills,dante stills,DT,0,0,0,0,0.0,0.0,0.0
1,2026_01_ARI_LAC,ARI,LAC,Eku Leota,eku leota,LB,0,0,0,0,0.0,0.0,0.0
1,2026_01_ARI_LAC,ARI,LAC,Kei'Trel Clark,keitrel clark,CB,0,0,0,0,0.0,0.0,0.0
1,2026_01_ARI_LAC,ARI,LAC,Max Melton,max melton,CB,0,0,0,0,0.0,0.0,0.0
1,2026_01_ARI_LAC,ARI,LAC,Darius Robinson,darius robinson,DL,0,0,0,0,0.0,0.0,0.0
1,2026_01_ARI_LAC,ARI,LAC,Jordan Burch,jordan burch,LB,0,0,0,0,0.0,0.0,0.0
1,2026_01_ARI_LAC,ARI,LAC,Denzel Burke,denzel burke,CB,0,0,0,0,0.0,0.0,0.0
1,2026_01_ARI_LAC,ARI,LAC,Kitan Crawford,kitan crawford,SAF,0,0,0,0,0.0,0.0,0.0
1,2026_01_ARI_LAC,ARI,LAC,Walter Nolen,walter nolen,DT,0,0,0,0,0.0,0.0,0.0
1,2026_01_ARI_LAC,ARI,LAC,Will Johnson,will johnson,CB,0,0,0,0,0.0,0.0,0.0
1,2026_01_ARI_LAC,ARI,LAC,Karson Sharar,karson sharar,LB,0,0,0,0,0.0,0.0,0.0
1,2026_01_ATL_PIT,ATL,PIT,Bijan Robinson,bijan robinson,RB,10,8,90,1,0.5263157894736842,46.0,0.77
1,2026_01_ATL_PIT,ATL,PIT,Drake London,drake london,WR,4,2,29,0,0.21052631578947367,59.0,0.98
1,2026_01_ATL_PIT,ATL,PIT,Jahan Dotson,jahan dotson,WR,3,1,19,0,0.15789473684210525,38.0,0.63
1,2026_01_ATL_PIT,ATL,PIT,Olamide Zaccheaus,olamide zaccheaus,WR,1,1,5,0,0.05263157894736842,18.0,0.3
1,2026_01_ATL_PIT,ATL,PIT,Kyle Pitts,kyle pitts,TE,1,0,0,0,0.05263157894736842,38.0,0.63
1,2026_01_ATL_PIT,ATL,PIT,Nick Folk,nick folk,K,0,0,0,0,0.0,0.0,0.0
1,2026_01_ATL_PIT,ATL,PIT,Jake Matthews,jake matthews,OT,0,0,0,0,0.0,60.0,1.0
1,2026_01_ATL_PIT,ATL,PIT,Za'Darius Smith,zadarius smith,DE,0,0,0,0,0.0,0.0,0.0
1,2026_01_ATL_PIT,ATL,PIT,Cooper Rush,cooper rush,QB,0,0,0,0,0.0,60.0,1.0
1,2026_01_ATL_PIT,ATL,PIT,Samson Ebukam,samson ebukam,DE,0,0,0,0,0.0,0.0,0.0
1,2026_01_ATL_PIT,ATL,PIT,Mike Ford,mike ford,DB,0,0,0,0,0.0,0.0,0.0
1,2026_01_ATL_PIT,ATL,PIT,Jessie Bates,jessie bates,FS,0,0,0,0,0.0,0.0,0.0
1,2026_01_ATL_PIT,ATL,PIT,Josh Woods,josh woods,LB,0,0,0,0,0.0,0.0,0.0
1,2026_01_ATL_PIT,ATL,PIT,Mike Hughes,mike hughes,CB,0,0,0,0,0.0,0.0,0.0
1,2026_01_ATL_PIT,ATL,PIT,Jake Bailey,jake bailey,P,0,0,0,0,0.0,0.0,0.0
1,2026_01_ATL_PIT,ATL,PIT,Chris Lindstrom,chris lindstrom,G,0,0,0,0,0.0,51.0,0.85
1,2026_01_ATL_PIT,ATL,PIT,LaCale London,lacale london,DE,0,0,0,0,0.0,0.0,0.0
1,2026_01_ATL_PIT,ATL,PIT,C.J. Henderson,cj henderson,CB,0,0,0,0,0.0,0.0,0.0
1,2026_01_ATL_PIT,ATL,PIT,A.J. Terrell,aj terrell,CB,0,0,0,0,0.0,0.0,0.0
1,2026_01_ATL_PIT,ATL,PIT,Chris Blair,chris blair,WR,0,0,0,0,0.0,10.0,0.17
1,2026_01_ATL_PIT,ATL,PIT,Divine Deablo,divine deablo,LB,0,0,0,0,0.0,0.0,0.0
1,2026_01_ATL_PIT,ATL,PIT,Nick Muse,nick muse,TE,0,0,0,0,0.0,5.0,0.08
1,2026_01_ATL_PIT,ATL,PIT,Brian Robinson,brian robinson,RB,0,0,0,0,0.0,15.0,0.25
1,2026_01_ATL_PIT,ATL,PIT,Cameron Thomas,cameron thomas,DE,0,0,0,0,0.0,0.0,0.0
1,2026_01_ATL_PIT,ATL,PIT,DeMarcco Hellams,demarcco hellams,SAF,0,0,0,0,0.0,0.0,0.0
1,2026_01_ATL_PIT,ATL,PIT,Sydney Brown,sydney brown,SAF,0,0,0,0,0.0,0.0,0.0
1,2026_01_ATL_PIT,ATL,PIT,Matthew Bergeron,matthew bergeron,G,0,0,0,0,0.0,60.0,1.0
1,2026_01_ATL_PIT,ATL,PIT,Gervon Dexter Sr.,gervon dexter,DT,0,0,0,0,0.0,0.0,0.0
1,2026_01_ATL_PIT,ATL,PIT,Bralen Trice,bralen trice,LB,0,0,0,0,0.0,0.0,0.0
1,2026_01_ATL_PIT,ATL,PIT,Brandon Dorlus,brandon dorlus,DE,0,0,0,0,0.0,0.0,0.0
1,2026_01_ATL_PIT,ATL,PIT,Maason Smith,maason smith,DT,0,0,0,0,0.0,0.0,0.0
1,2026_01_ATL_PIT,ATL,PIT,Jared Ivey,jared ivey,LB,0,0,0,0,0.0,0.0,0.0
1,2026_01_ATL_PIT,ATL,PIT,Xavier Watts,xavier watts,SAF,0,0,0,0,0.0,0.0,0.0
1,2026_01_ATL_PIT,ATL,PIT,Zachariah Branch,zachariah branch,WR,0,0,0,0,0.0,18.0,0.3
1,2026_01_ATL_PIT,ATL,PIT,Kendal Daniels,kendal daniels,LB,0,0,0,0,0.0,0.0,0.0
1,2026_01_ATL_PIT,ATL,PIT,Harold Perkins Jr.,harold perkins,LB,0,0,0,0,0.0,0.0,0.0
1,2026_01_ATL_PIT,ATL,PIT,Avieon Terrell,avieon terrell,CB,0,0,0,0,0.0,0.0,0.0
1,2026_01_BAL_IND,BAL,IND,Mark Andrews,mark andrews,TE,6,4,49,0,0.25,49.0,0.72
1,2026_01_BAL_IND,BAL,IND,Zay Flowers,zay flowers,WR,6,5,150,1,0.25,20.0,0.29
1,2026_01_BAL_IND,BAL,IND,Ja'Kobi Lane,jakobi lane,WR,3,1,11,0,0.125,27.0,0.4
1,2026_01_BAL_IND,BAL,IND,Chris Moore,chris moore,WR,2,1,53,0,0.08333333333333333,25.0,0.37
1,2026_01_BAL_IND,BAL,IND,LaJohntay Wester,lajohntay wester,WR,2,2,15,0,0.08333333333333333,20.0,0.29
1,2026_01_BAL_IND,BAL,IND,Derrick Henry,derrick henry,RB,1,1,19,0,0.041666666666666664,37.0,0.54
1,2026_01_BAL_IND,BAL,IND,Durham Smythe,durham smythe,TE,1,1,4,0,0.041666666666666664,42.0,0.62
1,2026_01_BAL_IND,BAL,IND,Justice Hill,justice hill,RB,1,1,10,0,0.041666666666666664,31.0,0.46
1,2026_01_BAL_IND,BAL,IND,Rashod Bateman,rashod bateman,WR,1,0,0,0,0.041666666666666664,53.0,0.78
1,2026_01_BAL_IND,BAL,IND,Matthew Hibner,matthew hibner,TE,1,1,13,0,0.041666666666666664,23.0,0.34
1,2026_01_BAL_IND,BAL,IND,Calais Campbell,calais campbell,DE,0,0,0,0,0.0,0.0,0.0
1,2026_01_BAL_IND,BAL,IND,Ronnie Stanley,ronnie stanley,OT,0,0,0,0,0.0,68.0,1.0
1,2026_01_BAL_IND,BAL,IND,Marlon Humphrey,marlon humphrey,CB,0,0,0,0,0.0,0.0,0.0
1,2026_01_BAL_IND,BAL,IND,Trey Hendrickson,trey hendrickson,LB,0,0,0,0,0.0,0.0,0.0
1,2026_01_BAL_IND,BAL,IND,Lamar Jackson,lamar jackson,QB,0,0,0,0,0.0,68.0,1.0
1,2026_01_BAL_IND,BAL,IND,Roquan Smith,roquan smith,ILB,0,0,0,0,0.0,0.0,0.0
1,2026_01_BAL_IND,BAL,IND,Broderick Washington,broderick washington,DT,0,0,0,0,0.0,0.0,0.0
1,2026_01_BAL_IND,BAL,IND,Jaylinn Hawkins,jaylinn hawkins,SAF,0,0,0,0,0.0,0.0,0.0
1,2026_01_BAL_IND,BAL,IND,Travis Jones,travis jones,DT,0,0,0,0,0.0,0.0,0.0
1,2026_01_BAL_IND,BAL,IND,Kyle Hamilton,kyle hamilton,SAF,0,0,0,0,0.0,0.0,0.0
1,2026_01_BAL_IND,BAL,IND,Trenton Simpson,trenton simpson,LB,0,0,0,0,0.0,0.0,0.0
1,2026_01_BAL_IND,BAL,IND,Tavius Robinson,tavius robinson,LB,0,0,0,0,0.0,0.0,0.0
1,2026_01_BAL_IND,BAL,IND,Jovaughn Gwyn,jovaughn gwyn,C,0,0,0,0,0.0,68.0,1.0
1,2026_01_BAL_IND,BAL,IND,Nate Wiggins,nate wiggins,CB,0,0,0,0,0.0,0.0,0.0
1,2026_01_BAL_IND,BAL,IND,T.J. Tampa,tj tampa,CB,0,0,0,0,0.0,0.0,0.0
1,2026_01_BAL_IND,BAL,IND,Carl Jones,carl jones,LB,0,0,0,0,0.0,0.0,0.0
1,2026_01_BAL_IND,BAL,IND,Rasheen Ali,rasheen ali,RB,0,0,0,0,0.0,0.0,0.0
1,2026_01_BAL_IND,BAL,IND,Tyler Loop,tyler loop,K,0,0,0,0,0.0,0.0,0.0
1,2026_01_BAL_IND,BAL,IND,Aeneas Peebles,aeneas peebles,DT,0,0,0,0,0.0,0.0,0.0
1,2026_01_BAL_IND,BAL,IND,Jay Higgins,jay higgins,LB,0,0,0,0,0.0,0.0,0.0
1,2026_01_BAL_IND,BAL,IND,Keyon Martin,keyon martin,CB,0,0,0,0,0.0,0.0,0.0
1,2026_01_BAL_IND,BAL,IND,Malaki Starks,malaki starks,SAF,0,0,0,0,0.0,0.0,0.0
1,2026_01_BAL_IND,BAL,IND,Olaivavega Ioane,olaivavega ioane,G,0,0,0,0,0.0,68.0,1.0
1,2026_01_BAL_IND,BAL,IND,Ryan Eckley,ryan eckley,P,0,0,0,0,0.0,0.0,0.0
1,2026_01_BAL_IND,BAL,IND,Ethan Burke,ethan burke,LB,0,0,0,0,0.0,0.0,0.0
1,2026_01_BUF_HOU,BUF,HOU,DJ Moore,dj moore,WR,8,5,100,1,0.2857142857142857,44.0,0.76
1,2026_01_BUF_HOU,BUF,HOU,Khalil Shakir,khalil shakir,WR,6,4,50,0,0.21428571428571427,31.0,0.53
1,2026_01_BUF_HOU,BUF,HOU,Dalton Kincaid,dalton kincaid,TE,6,5,130,0,0.21428571428571427,42.0,0.72
1,2026_01_BUF_HOU,BUF,HOU,James Cook,james cook,RB,4,3,12,0,0.14285714285714285,42.0,0.72
1,2026_01_BUF_HOU,BUF,HOU,Josh Palmer,josh palmer,WR,2,1,34,1,0.07142857142857142,18.0,0.31
1,2026_01_BUF_HOU,BUF,HOU,Dawson Knox,dawson knox,TE,1,1,7,0,0.03571428571428571,39.0,0.67
1,2026_01_BUF_HOU,BUF,HOU,Keon Coleman,keon coleman,WR,1,1,1,0,0.03571428571428571,29.0,0.5
1,2026_01_BUF_HOU,BUF,HOU,Bradley Chubb,bradley chubb,OLB,0,0,0,0,0.0,0.0,0.0
1,2026_01_BUF_HOU,BUF,HOU,Josh Allen,josh allen,QB,0,0,0,0,0.0,58.0,1.0
1,2026_01_BUF_HOU,BUF,HOU,Ed Oliver,ed oliver,DT,0,0,0,0,0.0,0.0,0.0
1,2026_01_BUF_HOU,BUF,HOU,C.J. Gardner-Johnson,cj gardnerjohnson,SAF,0,0,0,0,0.0,0.0,0.0
1,2026_01_BUF_HOU,BUF,HOU,Greg Dortch,greg dortch,WR,0,0,0,0,0.0,0.0,0.0
1,2026_01_BUF_HOU,BUF,HOU,Greg Gaines,greg gaines,DT,0,0,0,0,0.0,0.0,0.0
1,2026_01_BUF_HOU,BUF,HOU,Michael Hoecht,michael hoecht,LB,0,0,0,0,0.0,0.0,0.0
1,2026_01_BUF_HOU,BUF,HOU,Sam Franklin Jr.,sam franklin,SAF,0,0,0,0,0.0,0.0,0.0
1,2026_01_BUF_HOU,BUF,HOU,Tyler Bass,tyler bass,K,0,0,0,0,0.0,0.0,0.0
1,2026_01_BUF_HOU,BUF,HOU,Damar Hamlin,damar hamlin,SAF,0,0,0,0,0.0,0.0,0.0
1,2026_01_BUF_HOU,BUF,HOU,Greg Rousseau,greg rousseau,LB,0,0,0,0,0.0,0.0,0.0
1,2026_01_BUF_HOU,BUF,HOU,Dee Alford,dee alford,CB,0,0,0,0,0.0,0.0,0.0
1,2026_01_BUF_HOU,BUF,HOU,Terrel Bernard,terrel bernard,LB,0,0,0,0,0.0,0.0,0.0
1,2026_01_BUF_HOU,BUF,HOU,Christian Benford,christian benford,CB,0,0,0,0,0.0,0.0,0.0
1,2026_01_BUF_HOU,BUF,HOU,Alec Anderson,alec anderson,OT,0,0,0,0,0.0,58.0,1.0
1,2026_01_BUF_HOU,BUF,HOU,O'Cyrus Torrence,ocyrus torrence,G,0,0,0,0,0.0,58.0,1.0
1,2026_01_BUF_HOU,BUF,HOU,Dorian Williams,dorian williams,LB,0,0,0,0,0.0,0.0,0.0
1,2026_01_BUF_HOU,BUF,HOU,Frank Gore Jr.,frank gore,RB,0,0,0,0,0.0,11.0,0.19
1,2026_01_BUF_HOU,BUF,HOU,Joe Andreessen,joe andreessen,LB,0,0,0,0,0.0,0.0,0.0
1,2026_01_BUF_HOU,BUF,HOU,Cole Bishop,cole bishop,SAF,0,0,0,0,0.0,0.0,0.0
1,2026_01_BUF_HOU,BUF,HOU,DeWayne Carter,dewayne carter,DT,0,0,0,0,0.0,0.0,0.0
1,2026_01_BUF_HOU,BUF,HOU,Ray Davis,ray davis,RB,0,0,0,0,0.0,5.0,0.09
1,2026_01_BUF_HOU,BUF,HOU,Javon Solomon,javon solomon,LB,0,0,0,0,0.0,0.0,0.0
1,2026_01_BUF_HOU,BUF,HOU,Landon Jackson,landon jackson,DE,0,0,0,0,0.0,0.0,0.0
1,2026_01_BUF_HOU,BUF,HOU,Jordan Hancock,jordan hancock,CB,0,0,0,0,0.0,0.0,0.0
1,2026_01_BUF_HOU,BUF,HOU,Keleki Latu,keleki latu,TE,0,0,0,0,0.0,4.0,0.07
1,2026_01_BUF_HOU,BUF,HOU,Maxwell Hairston,maxwell hairston,CB,0,0,0,0,0.0,0.0,0.0
1,2026_01_BUF_HOU,BUF,HOU,Deone Walker,deone walker,DT,0,0,0,0,0.0,0.0,0.0
1,2026_01_BUF_HOU,BUF,HOU,TJ Parker,tj parker,LB,0,0,0,0,0.0,0.0,0.0
1,2026_01_BUF_HOU,BUF,HOU,Tommy Doman Jr.,tommy doman,P,0,0,0,0,0.0,0.0,0.0
1,2026_01_BUF_HOU,BUF,HOU,Davison Igbinosun,davison igbinosun,CB,0,0,0,0,0.0,0.0,0.0
1,2026_01_BUF_HOU,BUF,HOU,Kaleb Elarms-Orr,kaleb elarmsorr,LB,0,0,0,0,0.0,0.0,0.0
1,2026_01_CHI_CAR,CAR,CHI,Jalen Coker,jalen coker,WR,9,8,138,2,0.2647058823529412,57.0,0.84
1,2026_01_CHI_CAR,CAR,CHI,Tetairoa McMillan,tetairoa mcmillan,WR,8,5,75,0,0.23529411764705882,56.0,0.82
1,2026_01_CHI_CAR,CAR,CHI,Tommy Tremble,tommy tremble,TE,5,3,25,0,0.14705882352941177,38.0,0.56
1,2026_01_CHI_CAR,CAR,CHI,Chuba Hubbard,chuba hubbard,RB,3,3,38,1,0.08823529411764706,48.0,0.71
1,2026_01_CHI_CAR,CAR,CHI,Darren Waller,darren waller,TE,2,2,28,0,0.058823529411764705,24.0,0.35
1,2026_01_CHI_CAR,CAR,CHI,Xavier Legette,xavier legette,WR,2,0,0,0,0.058823529411764705,36.0,0.53
1,2026_01_CHI_CAR,CAR,CHI,Jonathon Brooks,jonathon brooks,RB,2,1,48,0,0.058823529411764705,13.0,0.19
1,2026_01_CHI_CAR,CAR,CHI,Mitchell Evans,mitchell evans,TE,2,1,9,0,0.058823529411764705,27.0,0.4
1,2026_01_CHI_CAR,CAR,CHI,Jimmy Horn Jr.,jimmy horn,WR,1,0,0,0,0.029411764705882353,14.0,0.21
1,2026_01_CHI_CAR,CAR,CHI,Sam Martin,sam martin,P,0,0,0,0,0.0,0.0,0.0
1,2026_01_CHI_CAR,CAR,CHI,Mike Jackson,mike jackson,CB,0,0,0,0,0.0,0.0,0.0
1,2026_01_CHI_CAR,CAR,CHI,Nick Scott,nick scott,SAF,0,0,0,0,0.0,0.0,0.0
1,2026_01_CHI_CAR,CAR,CHI,Bobby Okereke,bobby okereke,ILB,0,0,0,0,0.0,0.0,0.0
1,2026_01_CHI_CAR,CAR,CHI,Derrick Brown,derrick brown,DT,0,0,0,0,0.0,0.0,0.0
1,2026_01_CHI_CAR,CAR,CHI,AJ Dillon,aj dillon,RB,0,0,0,0,0.0,7.0,0.1
1,2026_01_CHI_CAR,CAR,CHI,Trevis Gipson,trevis gipson,LB,0,0,0,0,0.0,0.0,0.0
1,2026_01_CHI_CAR,CAR,CHI,Robert Hunt,robert hunt,G,0,0,0,0,0.0,61.0,0.9
1,2026_01_CHI_CAR,CAR,CHI,Isaiah Simmons,isaiah simmons,SAF,0,0,0,0,0.0,0.0,0.0
1,2026_01_CHI_CAR,CAR,CHI,Feleipe Franks,feleipe franks,TE,0,0,0,0,0.0,5.0,0.07
1,2026_01_CHI_CAR,CAR,CHI,Bobby Brown III,bobby brown,DT,0,0,0,0,0.0,0.0,0.0
1,2026_01_CHI_CAR,CAR,CHI,Jaelan Phillips,jaelan phillips,LB,0,0,0,0,0.0,0.0,0.0
1,2026_01_CHI_CAR,CAR,CHI,Jaycee Horn,jaycee horn,CB,0,0,0,0,0.0,0.0,0.0
1,2026_01_CHI_CAR,CAR,CHI,Tre'von Moehrig,trevon moehrig,SAF,0,0,0,0,0.0,0.0,0.0
1,2026_01_CHI_CAR,CAR,CHI,Jeremiah Moon,jeremiah moon,LB,0,0,0,0,0.0,0.0,0.0
1,2026_01_CHI_CAR,CAR,CHI,Rasheed Walker,rasheed walker,OT,0,0,0,0,0.0,68.0,1.0
1,2026_01_CHI_CAR,CAR,CHI,Devin Lloyd,devin lloyd,LB,0,0,0,0,0.0,0.0,0.0
1,2026_01_CHI_CAR,CAR,CHI,Kenny Pickett,kenny pickett,QB,0,0,0,0,0.0,7.0,0.1
1,2026_01_CHI_CAR,CAR,CHI,Claudin Cherelus,claudin cherelus,LB,0,0,0,0,0.0,0.0,0.0
1,2026_01_CHI_CAR,CAR,CHI,Thomas Incoom,thomas incoom,LB,0,0,0,0,0.0,0.0,0.0
1,2026_01_CHI_CAR,CAR,CHI,Brycen Tremayne,brycen tremayne,WR,0,0,0,0,0.0,12.0,0.18
1,2026_01_CHI_CAR,CAR,CHI,Bryce Young,bryce young,QB,0,0,0,0,0.0,61.0,0.9
1,2026_01_CHI_CAR,CAR,CHI,Chau Smith-Wade,chau smithwade,CB,0,0,0,0,0.0,0.0,0.0
1,2026_01_CHI_CAR,CAR,CHI,Princely Umanmielen,princely umanmielen,LB,0,0,0,0,0.0,0.0,0.0
1,2026_01_CHI_CAR,CAR,CHI,Lathan Ransom,lathan ransom,SAF,0,0,0,0,0.0,0.0,0.0
1,2026_01_CHI_CAR,CAR,CHI,Ryan Fitzgerald,ryan fitzgerald,K,0,0,0,0,0.0,1.0,0.01
1,2026_01_CHI_CAR,CAR,CHI,TeRah Edwards,terah edwards,DT,0,0,0,0,0.0,0.0,0.0
1,2026_01_CHI_CAR,CAR,CHI,Monroe Freeling,monroe freeling,OT,0,0,0,0,0.0,61.0,0.9
1,2026_01_CHI_CAR,CAR,CHI,Will Lee III,will lee,CB,0,0,0,0,0.0,0.0,0.0
1,2026_01_CHI_CAR,CAR,CHI,Aaron Hall,aaron hall,DT,0,0,0,0,0.0,0.0,0.0
1,2026_01_CHI_CAR,CAR,CHI,Lee Hunter,lee hunter,DT,0,0,0,0,0.0,0.0,0.0
1,2026_01_CHI_CAR,CHI,CAR,Kalif Raymond,kalif raymond,WR,9,8,84,0,0.34615384615384615,45.0,0.6
1,2026_01_CHI_CAR,CHI,CAR,Luther Burden III,luther burden,WR,5,5,63,0,0.19230769230769232,55.0,0.73
1,2026_01_CHI_CAR,CHI,CAR,Cole Kmet,cole kmet,TE,3,2,35,1,0.11538461538461539,43.0,0.57
1,2026_01_CHI_CAR,CHI,CAR,Rome Odunze,rome odunze,WR,3,2,52,0,0.11538461538461539,36.0,0.48
1,2026_01_CHI_CAR,CHI,CAR,Colston Loveland,colston loveland,TE,2,0,0,0,0.07692307692307693,65.0,0.87
1,2026_01_CHI_CAR,CHI,CAR,Kyle Monangai,kyle monangai,RB,2,2,24,0,0.07692307692307693,32.0,0.43
1,2026_01_CHI_CAR,CHI,CAR,D'Andre Swift,dandre swift,RB,1,1,10,0,0.038461538461538464,43.0,0.57
1,2026_01_CHI_CAR,CHI,CAR,Jahdae Walker,jahdae walker,WR,1,1,1,1,0.038461538461538464,34.0,0.45
1,2026_01_CHI_CAR,CHI,CAR,Cairo Santos,cairo santos,K,0,0,0,0,0.0,0.0,0.0
1,2026_01_CHI_CAR,CHI,CAR,Grady Jarrett,grady jarrett,DT,0,0,0,0,0.0,0.0,0.0
1,2026_01_CHI_CAR,CHI,CAR,Kentavius Street,kentavius street,DE,0,0,0,0,0.0,0.0,0.0
1,2026_01_CHI_CAR,CHI,CAR,Cam Lewis,cam lewis,CB,0,0,0,0,0.0,0.0,0.0
1,2026_01_CHI_CAR,CHI,CAR,T.J. Edwards,tj edwards,LB,0,0,0,0,0.0,0.0,0.0
1,2026_01_CHI_CAR,CHI,CAR,Devin Bush,devin bush,LB,0,0,0,0,0.0,0.0,0.0
1,2026_01_CHI_CAR,CHI,CAR,Garrett Bradbury,garrett bradbury,C,0,0,0,0,0.0,75.0,1.0
1,2026_01_CHI_CAR,CHI,CAR,Montez Sweat,montez sweat,DE,0,0,0,0,0.0,0.0,0.0
1,2026_01_CHI_CAR,CHI,CAR,Jaylon Johnson,jaylon johnson,CB,0,0,0,0,0.0,0.0,0.0
1,2026_01_CHI_CAR,CHI,CAR,James Lynch,james lynch,DT,0,0,0,0,0.0,0.0,0.0
1,2026_01_CHI_CAR,CHI,CAR,Neville Gallimore,neville gallimore,DT,0,0,0,0,0.0,0.0,0.0
1,2026_01_CHI_CAR,CHI,CAR,Dayo Odeyingbo,dayo odeyingbo,DE,0,0,0,0,0.0,0.0,0.0
1,2026_01_CHI_CAR,CHI,CAR,Elijah Hicks,elijah hicks,SAF,0,0,0,0,0.0,0.0,0.0
1,2026_01_CHI_CAR,CHI,CAR,Josh Blackwell,josh blackwell,CB,0,0,0,0,0.0,0.0,0.0
1,2026_01_CHI_CAR,CHI,CAR,D'Marco Jackson,dmarco jackson,LB,0,0,0,0,0.0,0.0,0.0
1,2026_01_CHI_CAR,CHI,CAR,Kaden Davis,kaden davis,WR,0,0,0,0,0.0,10.0,0.13
1,2026_01_CHI_CAR,CHI,CAR,Daniel Hardy,daniel hardy,DE,0,0,0,0,0.0,0.0,0.0
1,2026_01_CHI_CAR,CHI,CAR,Roschon Johnson,roschon johnson,RB,0,0,0,0,0.0,0.0,0.0
1,2026_01_CHI_CAR,CHI,CAR,Tyrique Stevenson,tyrique stevenson,CB,0,0,0,0,0.0,0.0,0.0
1,2026_01_CHI_CAR,CHI,CAR,Tory Taylor,tory taylor,P,0,0,0,0,0.0,0.0,0.0
1,2026_01_CHI_CAR,CHI,CAR,Austin Booker,austin booker,DE,0,0,0,0,0.0,0.0,0.0
1,2026_01_CHI_CAR,CHI,CAR,Caleb Williams,caleb williams,QB,0,0,0,0,0.0,75.0,1.0
1,2026_01_CHI_CAR,CHI,CAR,Malik Muhammad,malik muhammad,CB,0,0,0,0,0.0,0.0,0.0
1,2026_01_CHI_CAR,CHI,CAR,Beau Gardner,beau gardner,LS,0,0,0,0,0.0,0.0,0.0
1,2026_01_CHI_CAR,CHI,CAR,Skyler Thomas,skyler thomas,SAF,0,0,0,0,0.0,0.0,0.0
1,2026_01_CHI_CAR,CHI,CAR,Dillon Thieneman,dillon thieneman,SAF,0,0,0,0,0.0,0.0,0.0
1,2026_01_TB_CIN,CIN,TB,Mike Gesicki,mike gesicki,TE,7,5,78,1,0.20588235294117646,21.0,0.33
1,2026_01_TB_CIN,CIN,TB,Tee Higgins,tee higgins,WR,6,3,59,0,0.17647058823529413,46.0,0.72
1,2026_01_TB_CIN,CIN,TB,Chase Brown,chase brown,RB,6,5,22,0,0.17647058823529413,46.0,0.72
1,2026_01_TB_CIN,CIN,TB,Ja'Marr Chase,jamarr chase,WR,4,2,12,0,0.11764705882352941,60.0,0.94
1,2026_01_TB_CIN,CIN,TB,Samaje Perine,samaje perine,RB,3,3,30,0,0.08823529411764706,18.0,0.28
1,2026_01_TB_CIN,CIN,TB,Drew Sample,drew sample,TE,3,3,19,0,0.08823529411764706,42.0,0.66
1,2026_01_TB_CIN,CIN,TB,Andrei Iosivas,andrei iosivas,WR,3,2,12,0,0.08823529411764706,39.0,0.61
1,2026_01_TB_CIN,CIN,TB,Tanner Hudson,tanner hudson,TE,1,1,4,0,0.029411764705882353,6.0,0.09
1,2026_01_TB_CIN,CIN,TB,Dohnte Meyers,dohnte meyers,WR,1,1,18,0,0.029411764705882353,10.0,0.16
1,2026_01_TB_CIN,CIN,TB,Jonathan Allen,jonathan allen,DT,0,0,0,0,0.0,0.0,0.0
1,2026_01_TB_CIN,CIN,TB,Jalen Davis,jalen davis,CB,0,0,0,0,0.0,0.0,0.0
1,2026_01_TB_CIN,CIN,TB,Oren Burks,oren burks,ILB,0,0,0,0,0.0,0.0,0.0
1,2026_01_TB_CIN,CIN,TB,B.J. Hill,bj hill,DT,0,0,0,0,0.0,0.0,0.0
1,2026_01_TB_CIN,CIN,TB,Joe Giles-Harris,joe gilesharris,LB,0,0,0,0,0.0,0.0,0.0
1,2026_01_TB_CIN,CIN,TB,Dexter Lawrence,dexter lawrence,DT,0,0,0,0,0.0,0.0,0.0
1,2026_01_TB_CIN,CIN,TB,Kyle Dugger,kyle dugger,SAF,0,0,0,0,0.0,0.0,0.0
1,2026_01_TB_CIN,CIN,TB,Joe Burrow,joe burrow,QB,0,0,0,0,0.0,64.0,1.0
1,2026_01_TB_CIN,CIN,TB,Tedarrell Slaton,tedarrell slaton,DT,0,0,0,0,0.0,0.0,0.0
1,2026_01_TB_CIN,CIN,TB,Evan McPherson,evan mcpherson,K,0,0,0,0,0.0,0.0,0.0
1,2026_01_TB_CIN,CIN,TB,Bryan Cook,bryan cook,SAF,0,0,0,0,0.0,0.0,0.0
1,2026_01_TB_CIN,CIN,TB,Daxton Hill,daxton hill,DB,0,0,0,0,0.0,0.0,0.0
1,2026_01_TB_CIN,CIN,TB,Boye Mafe,boye mafe,DE,0,0,0,0,0.0,0.0,0.0
1,2026_01_TB_CIN,CIN,TB,Myles Murphy,myles murphy,DE,0,0,0,0,0.0,0.0,0.0
1,2026_01_TB_CIN,CIN,TB,DJ Turner II,dj turner,CB,0,0,0,0,0.0,0.0,0.0
1,2026_01_TB_CIN,CIN,TB,Jordan Battle,jordan battle,SAF,0,0,0,0,0.0,0.0,0.0
1,2026_01_TB_CIN,CIN,TB,Swayze Bozeman,swayze bozeman,LB,0,0,0,0,0.0,0.0,0.0
1,2026_01_TB_CIN,CIN,TB,Ryan Rehkow,ryan rehkow,P,0,0,0,0,0.0,0.0,0.0
1,2026_01_TB_CIN,CIN,TB,Cedric Johnson,cedric johnson,DE,0,0,0,0,0.0,0.0,0.0
1,2026_01_TB_CIN,CIN,TB,Kris Jenkins,kris jenkins,DT,0,0,0,0,0.0,0.0,0.0
1,2026_01_TB_CIN,CIN,TB,Barrett Carter,barrett carter,LB,0,0,0,0,0.0,0.0,0.0
1,2026_01_TB_CIN,CIN,TB,Tahj Brooks,tahj brooks,RB,0,0,0,0,0.0,2.0,0.03
1,2026_01_TB_CIN,CIN,TB,Demetrius Knight Jr.,demetrius knight,LB,0,0,0,0,0.0,0.0,0.0
1,2026_01_TB_CIN,CIN,TB,Tacario Davis,tacario davis,CB,0,0,0,0,0.0,0.0,0.0
1,2026_01_CLE_JAX,CLE,JAX,KC Concepcion,kc concepcion,WR,5,4,43,0,0.22727272727272727,35.0,0.69
1,2026_01_CLE_JAX,CLE,JAX,Jerry Jeudy,jerry jeudy,WR,4,2,26,0,0.18181818181818182,32.0,0.63
1,2026_01_CLE_JAX,CLE,JAX,Denzel Boston,denzel boston,WR,4,2,59,1,0.18181818181818182,47.0,0.92
1,2026_01_CLE_JAX,CLE,JAX,Raheim Sanders,raheim sanders,RB,3,3,25,0,0.13636363636363635,18.0,0.35
1,2026_01_CLE_JAX,CLE,JAX,Harold Fannin Jr.,harold fannin,TE,3,2,21,0,0.13636363636363635,42.0,0.82
1,2026_01_CLE_JAX,CLE,JAX,Quinshon Judkins,quinshon judkins,RB,2,2,17,0,0.09090909090909091,33.0,0.65
1,2026_01_CLE_JAX,CLE,JAX,Blake Whiteheart,blake whiteheart,TE,1,1,14,0,0.045454545454545456,20.0,0.39
1,2026_01_CLE_JAX,CLE,JAX,Maliek Collins,maliek collins,DT,0,0,0,0,0.0,0.0,0.0
1,2026_01_CLE_JAX,CLE,JAX,Deshaun Watson,deshaun watson,QB,0,0,0,0,0.0,51.0,1.0
1,2026_01_CLE_JAX,CLE,JAX,Corey Bojorquez,corey bojorquez,P,0,0,0,0,0.0,0.0,0.0
1,2026_01_CLE_JAX,CLE,JAX,Denzel Ward,denzel ward,CB,0,0,0,0,0.0,0.0,0.0
1,2026_01_CLE_JAX,CLE,JAX,Tytus Howard,tytus howard,OT,0,0,0,0,0.0,51.0,1.0
1,2026_01_CLE_JAX,CLE,JAX,Elgton Jenkins,elgton jenkins,C,0,0,0,0,0.0,51.0,1.0
1,2026_01_CLE_JAX,CLE,JAX,Quincy Williams,quincy williams,LB,0,0,0,0,0.0,0.0,0.0
1,2026_01_CLE_JAX,CLE,JAX,Grant Delpit,grant delpit,SAF,0,0,0,0,0.0,0.0,0.0
1,2026_01_CLE_JAX,CLE,JAX,Rex Sunahara,rex sunahara,LS,0,0,0,0,0.0,0.0,0.0
1,2026_01_CLE_JAX,CLE,JAX,Tyson Campbell,tyson campbell,CB,0,0,0,0,0.0,0.0,0.0
1,2026_01_CLE_JAX,CLE,JAX,Sam Williams,sam williams,DE,0,0,0,0,0.0,0.0,0.0
1,2026_01_CLE_JAX,CLE,JAX,Zion Johnson,zion johnson,G,0,0,0,0,0.0,50.0,0.98
1,2026_01_CLE_JAX,CLE,JAX,Andre Szmyt,andre szmyt,K,0,0,0,0,0.0,0.0,0.0
1,2026_01_CLE_JAX,CLE,JAX,Isaiah McGuire,isaiah mcguire,DE,0,0,0,0,0.0,0.0,0.0
1,2026_01_CLE_JAX,CLE,JAX,Ronnie Hickman Jr.,ronnie hickman,SAF,0,0,0,0,0.0,0.0,0.0
1,2026_01_CLE_JAX,CLE,JAX,Nathaniel Watson,nathaniel watson,LB,0,0,0,0,0.0,0.0,0.0
1,2026_01_CLE_JAX,CLE,JAX,Myles Harden,myles harden,CB,0,0,0,0,0.0,0.0,0.0
1,2026_01_CLE_JAX,CLE,JAX,Jared Verse,jared verse,DE,0,0,0,0,0.0,0.0,0.0
1,2026_01_CLE_JAX,CLE,JAX,Malachi Corley,malachi corley,WR,0,0,0,0,0.0,0.0,0.0
1,2026_01_CLE_JAX,CLE,JAX,Dylan Sampson,dylan sampson,RB,0,0,0,0,0.0,0.0,0.0
1,2026_01_CLE_JAX,CLE,JAX,Adin Huntington,adin huntington,DE,0,0,0,0,0.0,0.0,0.0
1,2026_01_CLE_JAX,CLE,JAX,Easton Mascarenas-Arnold,easton mascarenasarnold,LB,0,0,0,0,0.0,0.0,0.0
1,2026_01_CLE_JAX,CLE,JAX,Donovan McMillon,donovan mcmillon,SAF,0,0,0,0,0.0,0.0,0.0
1,2026_01_CLE_JAX,CLE,JAX,Carson Schwesinger,carson schwesinger,LB,0,0,0,0,0.0,0.0,0.0
1,2026_01_CLE_JAX,CLE,JAX,Mason Graham,mason graham,DT,0,0,0,0,0.0,0.0,0.0
1,2026_01_CLE_JAX,CLE,JAX,Carsen Ryan,carsen ryan,TE,0,0,0,0,0.0,0.0,0.0
1,2026_01_CLE_JAX,CLE,JAX,Emmanuel McNeil-Warren,emmanuel mcneilwarren,SAF,0,0,0,0,0.0,0.0,0.0
1,2026_01_DAL_NYG,DAL,NYG,CeeDee Lamb,ceedee lamb,WR,8,5,44,1,0.26666666666666666,47.0,0.81
1,2026_01_DAL_NYG,DAL,NYG,George Pickens,george pickens,WR,6,3,28,0,0.2,49.0,0.84
1,2026_01_DAL_NYG,DAL,NYG,Javonte Williams,javonte williams,RB,5,5,31,1,0.16666666666666666,41.0,0.71
1,2026_01_DAL_NYG,DAL,NYG,Ryan Flournoy,ryan flournoy,WR,4,2,22,0,0.13333333333333333,41.0,0.71
1,2026_01_DAL_NYG,DAL,NYG,Jake Ferguson,jake ferguson,TE,2,2,6,0,0.06666666666666667,44.0,0.76
1,2026_01_DAL_NYG,DAL,NYG,Brevyn Spann-Ford,brevyn spannford,TE,2,2,14,0,0.06666666666666667,13.0,0.22
1,2026_01_DAL_NYG,DAL,NYG,KaVontae Turpin,kavontae turpin,WR,1,1,8,0,0.03333333333333333,8.0,0.14
1,2026_01_DAL_NYG,DAL,NYG,Luke Schoonmaker,luke schoonmaker,TE,1,1,12,0,0.03333333333333333,13.0,0.22
1,2026_01_DAL_NYG,DAL,NYG,Jonathan Mingo,jonathan mingo,WR,1,1,10,0,0.03333333333333333,11.0,0.19
1,2026_01_DAL_NYG,DAL,NYG,Bryan Anger,bryan anger,P,0,0,0,0,0.0,0.0,0.0
1,2026_01_DAL_NYG,DAL,NYG,Dak Prescott,dak prescott,QB,0,0,0,0,0.0,58.0,1.0
1,2026_01_DAL_NYG,DAL,NYG,Jonathan Bullard,jonathan bullard,DE,0,0,0,0,0.0,0.0,0.0
1,2026_01_DAL_NYG,DAL,NYG,Kenny Clark,kenny clark,NT,0,0,0,0,0.0,0.0,0.0
1,2026_01_DAL_NYG,DAL,NYG,Malik Hooker,malik hooker,FS,0,0,0,0,0.0,0.0,0.0
1,2026_01_DAL_NYG,DAL,NYG,Rashan Gary,rashan gary,LB,0,0,0,0,0.0,0.0,0.0
1,2026_01_DAL_NYG,DAL,NYG,P.J. Locke,pj locke,DB,0,0,0,0,0.0,0.0,0.0
1,2026_01_DAL_NYG,DAL,NYG,Jalen Thompson,jalen thompson,DB,0,0,0,0,0.0,0.0,0.0
1,2026_01_DAL_NYG,DAL,NYG,Quinnen Williams,quinnen williams,DT,0,0,0,0,0.0,0.0,0.0
1,2026_01_DAL_NYG,DAL,NYG,Terence Steele,terence steele,OT,0,0,0,0,0.0,58.0,1.0
1,2026_01_DAL_NYG,DAL,NYG,Otito Ogbonnia,otito ogbonnia,DT,0,0,0,0,0.0,0.0,0.0
1,2026_01_DAL_NYG,DAL,NYG,DaRon Bland,daron bland,CB,0,0,0,0,0.0,0.0,0.0
1,2026_01_DAL_NYG,DAL,NYG,James Houston,james houston,LB,0,0,0,0,0.0,0.0,0.0
1,2026_01_DAL_NYG,DAL,NYG,Markquese Bell,markquese bell,SAF,0,0,0,0,0.0,0.0,0.0
1,2026_01_DAL_NYG,DAL,NYG,Brandon Aubrey,brandon aubrey,K,0,0,0,0,0.0,0.0,0.0
1,2026_01_DAL_NYG,DAL,NYG,Cobie Durant,cobie durant,CB,0,0,0,0,0.0,0.0,0.0
1,2026_01_DAL_NYG,DAL,NYG,DeMarvion Overshown,demarvion overshown,LB,0,0,0,0,0.0,0.0,0.0
1,2026_01_DAL_NYG,DAL,NYG,Dee Winters,dee winters,LB,0,0,0,0,0.0,0.0,0.0
1,2026_01_DAL_NYG,DAL,NYG,Emari Demercado,emari demercado,RB,0,0,0,0,0.0,5.0,0.09
1,2026_01_DAL_NYG,DAL,NYG,Hunter Luepke,hunter luepke,RB,0,0,0,0,0.0,15.0,0.26
1,2026_01_DAL_NYG,DAL,NYG,Shavon Revel Jr.,shavon revel,CB,0,0,0,0,0.0,0.0,0.0
1,2026_01_DAL_NYG,DAL,NYG,Alijah Clark,alijah clark,DB,0,0,0,0,0.0,0.0,0.0
1,2026_01_DAL_NYG,DAL,NYG,Donovan Ezeiruaku,donovan ezeiruaku,LB,0,0,0,0,0.0,0.0,0.0
1,2026_01_DAL_NYG,DAL,NYG,Caleb Downs,caleb downs,SAF,0,0,0,0,0.0,0.0,0.0
1,2026_01_DAL_NYG,DAL,NYG,Jaishawn Barham,jaishawn barham,LB,0,0,0,0,0.0,0.0,0.0
1,2026_01_DAL_NYG,DAL,NYG,LT Overton,lt overton,DT,0,0,0,0,0.0,0.0,0.0
1,2026_01_DAL_NYG,DAL,NYG,Malachi Lawrence,malachi lawrence,LB,0,0,0,0,0.0,0.0,0.0
1,2026_01_DEN_KC,DEN,KC,Pat Bryant,pat bryant,WR,6,4,42,0,0.2222222222222222,30.0,0.59
1,2026_01_DEN_KC,DEN,KC,Evan Engram,evan engram,TE,5,4,43,1,0.18518518518518517,32.0,0.63
1,2026_01_DEN_KC,DEN,KC,Courtland Sutton,courtland sutton,WR,5,2,11,0,0.18518518518518517,39.0,0.76
1,2026_01_DEN_KC,DEN,KC,RJ Harvey,rj harvey,RB,4,4,23,0,0.14814814814814814,26.0,0.51
1,2026_01_DEN_KC,DEN,KC,Adam Trautman,adam trautman,TE,3,2,10,0,0.1111111111111111,19.0,0.37
1,2026_01_DEN_KC,DEN,KC,Jaylen Waddle,jaylen waddle,WR,3,1,2,0,0.1111111111111111,38.0,0.75
1,2026_01_DEN_KC,DEN,KC,Troy Franklin,troy franklin,WR,1,0,0,0,0.037037037037037035,17.0,0.33
1,2026_01_DEN_KC,DEN,KC,Alex Singleton,alex singleton,LB,0,0,0,0,0.0,0.0,0.0
1,2026_01_DEN_KC,DEN,KC,Wil Lutz,wil lutz,K,0,0,0,0,0.0,0.0,0.0
1,2026_01_DEN_KC,DEN,KC,D.J. Jones,dj jones,DT,0,0,0,0,0.0,0.0,0.0
1,2026_01_DEN_KC,DEN,KC,Zach Allen,zach allen,DE,0,0,0,0,0.0,0.0,0.0
1,2026_01_DEN_KC,DEN,KC,Malcolm Roach,malcolm roach,DT,0,0,0,0,0.0,0.0,0.0
1,2026_01_DEN_KC,DEN,KC,J.K. Dobbins,jk dobbins,RB,0,0,0,0,0.0,22.0,0.43
1,2026_01_DEN_KC,DEN,KC,Brandon Jones,brandon jones,SAF,0,0,0,0,0.0,0.0,0.0
1,2026_01_DEN_KC,DEN,KC,Justin Strnad,justin strnad,LB,0,0,0,0,0.0,0.0,0.0
1,2026_01_DEN_KC,DEN,KC,Talanoa Hufanga,talanoa hufanga,SAF,0,0,0,0,0.0,0.0,0.0
1,2026_01_DEN_KC,DEN,KC,Devon Key,devon key,SAF,0,0,0,0,0.0,0.0,0.0
1,2026_01_DEN_KC,DEN,KC,Pat Surtain II,pat surtain,CB,0,0,0,0,0.0,0.0,0.0
1,2026_01_DEN_KC,DEN,KC,Mitchell Fraboni,mitchell fraboni,LS,0,0,0,0,0.0,0.0,0.0
1,2026_01_DEN_KC,DEN,KC,Nik Bonitto,nik bonitto,LB,0,0,0,0,0.0,0.0,0.0
1,2026_01_DEN_KC,DEN,KC,Ja'Quan McMillian,jaquan mcmillian,CB,0,0,0,0,0.0,0.0,0.0
1,2026_01_DEN_KC,DEN,KC,Tycen Anderson,tycen anderson,SAF,0,0,0,0,0.0,0.0,0.0
1,2026_01_DEN_KC,DEN,KC,Dondrea Tillman,dondrea tillman,LB,0,0,0,0,0.0,0.0,0.0
1,2026_01_DEN_KC,DEN,KC,Eyioma Uwazurike,eyioma uwazurike,DT,0,0,0,0,0.0,0.0,0.0
1,2026_01_DEN_KC,DEN,KC,Riley Moss,riley moss,CB,0,0,0,0,0.0,0.0,0.0
1,2026_01_DEN_KC,DEN,KC,JL Skinner,jl skinner,SAF,0,0,0,0,0.0,0.0,0.0
1,2026_01_DEN_KC,DEN,KC,Nate Adkins,nate adkins,TE,0,0,0,0,0.0,13.0,0.25
1,2026_01_DEN_KC,DEN,KC,Marvin Mims Jr.,marvin mims,WR,0,0,0,0,0.0,9.0,0.18
1,2026_01_DEN_KC,DEN,KC,Kris Abrams-Draine,kris abramsdraine,CB,0,0,0,0,0.0,0.0,0.0
1,2026_01_DEN_KC,DEN,KC,Bo Nix,bo nix,QB,0,0,0,0,0.0,51.0,1.0
1,2026_01_DEN_KC,DEN,KC,Jonah Elliss,jonah elliss,LB,0,0,0,0,0.0,0.0,0.0
1,2026_01_DEN_KC,DEN,KC,Que Robinson,que robinson,LB,0,0,0,0,0.0,0.0,0.0
1,2026_01_DEN_KC,DEN,KC,Jeremy Crawshaw,jeremy crawshaw,P,0,0,0,0,0.0,0.0,0.0
1,2026_01_DEN_KC,DEN,KC,Karene Reid,karene reid,LB,0,0,0,0,0.0,0.0,0.0
1,2026_01_DEN_KC,DEN,KC,Jordan Turner,jordan turner,LB,0,0,0,0,0.0,0.0,0.0
1,2026_01_DEN_KC,DEN,KC,Jahdae Barron,jahdae barron,CB,0,0,0,0,0.0,0.0,0.0
1,2026_01_DEN_KC,DEN,KC,Jonah Coleman,jonah coleman,RB,0,0,0,0,0.0,3.0,0.06
1,2026_01_NO_DET,DET,NO,Amon-Ra St. Brown,amonra st brown,WR,14,10,67,2,0.358974358974359,69.0,0.9
1,2026_01_NO_DET,DET,NO,Jameson Williams,jameson williams,WR,9,4,45,0,0.23076923076923078,65.0,0.84
1,2026_01_NO_DET,DET,NO,Sam LaPorta,sam laporta,TE,8,5,48,0,0.20512820512820512,62.0,0.81
1,2026_01_NO_DET,DET,NO,Jahmyr Gibbs,jahmyr gibbs,RB,5,5,30,0,0.1282051282051282,57.0,0.74
1,2026_01_NO_DET,DET,NO,Brock Wright,brock wright,TE,1,1,5,0,0.02564102564102564,39.0,0.51
1,2026_01_NO_DET,DET,NO,Sione Vaki,sione vaki,RB,1,1,11,0,0.02564102564102564,22.0,0.29
1,2026_01_NO_DET,DET,NO,Isaac TeSlaa,isaac teslaa,WR,1,0,0,0,0.02564102564102564,52.0,0.68
1,2026_01_NO_DET,DET,NO,Jared Goff,jared goff,QB,0,0,0,0,0.0,77.0,1.0
1,2026_01_NO_DET,DET,NO,Chuck Clark,chuck clark,SAF,0,0,0,0,0.0,0.0,0.0
1,2026_01_NO_DET,DET,NO,Avonte Maddox,avonte maddox,FS,0,0,0,0,0.0,0.0,0.0
1,2026_01_NO_DET,DET,NO,D.J. Reed,dj reed,CB,0,0,0,0,0.0,0.0,0.0
1,2026_01_NO_DET,DET,NO,Jack Fox,jack fox,P,0,0,0,0,0.0,0.0,0.0
1,2026_01_NO_DET,DET,NO,Tom Kennedy,tom kennedy,WR,0,0,0,0,0.0,0.0,0.0
1,2026_01_NO_DET,DET,NO,Rock Ya-Sin,rock yasin,CB,0,0,0,0,0.0,0.0,0.0
1,2026_01_NO_DET,DET,NO,Devin White,devin white,LB,0,0,0,0,0.0,0.0,0.0
1,2026_01_NO_DET,DET,NO,Khalil Dorsey,khalil dorsey,CB,0,0,0,0,0.0,0.0,0.0
1,2026_01_NO_DET,DET,NO,Ben Bartch,ben bartch,OT,0,0,0,0,0.0,66.0,0.86
1,2026_01_NO_DET,DET,NO,D.J. Wonnum,dj wonnum,DE,0,0,0,0,0.0,0.0,0.0
1,2026_01_NO_DET,DET,NO,Alim McNeill,alim mcneill,DT,0,0,0,0,0.0,0.0,0.0
1,2026_01_NO_DET,DET,NO,Penei Sewell,penei sewell,OT,0,0,0,0,0.0,77.0,1.0
1,2026_01_NO_DET,DET,NO,Derrick Barnes,derrick barnes,LB,0,0,0,0,0.0,0.0,0.0
1,2026_01_NO_DET,DET,NO,Aidan Hutchinson,aidan hutchinson,DE,0,0,0,0,0.0,0.0,0.0
1,2026_01_NO_DET,DET,NO,Malcolm Rodriguez,malcolm rodriguez,LB,0,0,0,0,0.0,0.0,0.0
1,2026_01_NO_DET,DET,NO,Tay Martin,tay martin,WR,0,0,0,0,0.0,0.0,0.0
1,2026_01_NO_DET,DET,NO,Roger McCreary,roger mccreary,CB,0,0,0,0,0.0,0.0,0.0
1,2026_01_NO_DET,DET,NO,Trevor Nowaske,trevor nowaske,LB,0,0,0,0,0.0,0.0,0.0
1,2026_01_NO_DET,DET,NO,Jacob Saylors,jacob saylors,RB,0,0,0,0,0.0,0.0,0.0
1,2026_01_NO_DET,DET,NO,Tyler Lacy,tyler lacy,DE,0,0,0,0,0.0,0.0,0.0
1,2026_01_NO_DET,DET,NO,Jack Campbell,jack campbell,LB,0,0,0,0,0.0,0.0,0.0
1,2026_01_NO_DET,DET,NO,Jake Bates,jake bates,K,0,0,0,0,0.0,0.0,0.0
1,2026_01_NO_DET,DET,NO,Thomas Harper,thomas harper,SAF,0,0,0,0,0.0,0.0,0.0
1,2026_01_NO_DET,DET,NO,Tyleik Williams,tyleik williams,DT,0,0,0,0,0.0,0.0,0.0
1,2026_01_NO_DET,DET,NO,Tate Ratledge,tate ratledge,G,0,0,0,0,0.0,77.0,1.0
1,2026_01_NO_DET,DET,NO,Keith Abney II,keith abney,CB,0,0,0,0,0.0,0.0,0.0
1,2026_01_NO_DET,DET,NO,Skyler Gill-Howard,skyler gillhoward,DT,0,0,0,0,0.0,0.0,0.0
1,2026_01_NO_DET,DET,NO,Eric O'Neill,eric oneill,DE,0,0,0,0,0.0,0.0,0.0
1,2026_01_GB_MIN,GB,MIN,Matthew Golden,matthew golden,WR,12,6,95,0,0.3,56.0,0.82
1,2026_01_GB_MIN,GB,MIN,Christian Watson,christian watson,WR,8,6,147,2,0.2,52.0,0.76
1,2026_01_GB_MIN,GB,MIN,Jayden Reed,jayden reed,WR,7,3,20,0,0.175,39.0,0.57
1,2026_01_GB_MIN,GB,MIN,Tucker Kraft,tucker kraft,TE,6,3,65,0,0.15,45.0,0.66
1,2026_01_GB_MIN,GB,MIN,Jonnu Smith,jonnu smith,TE,3,2,50,0,0.075,32.0,0.47
1,2026_01_GB_MIN,GB,MIN,Bo Melton,bo melton,WR,1,1,10,0,0.025,8.0,0.12
1,2026_01_GB_MIN,GB,MIN,Skyy Moore,skyy moore,WR,1,0,0,0,0.025,4.0,0.06
1,2026_01_GB_MIN,GB,MIN,Chris Brooks,chris brooks,RB,1,0,0,0,0.025,38.0,0.56
1,2026_01_GB_MIN,GB,MIN,MarShawn Lloyd,marshawn lloyd,RB,1,0,0,0,0.025,30.0,0.44
1,2026_01_GB_MIN,GB,MIN,Javon Hargrave,javon hargrave,NT,0,0,0,0,0.0,0.0,0.0
1,2026_01_GB_MIN,GB,MIN,Zaire Franklin,zaire franklin,OLB,0,0,0,0,0.0,0.0,0.0
1,2026_01_GB_MIN,GB,MIN,Keisean Nixon,keisean nixon,DB,0,0,0,0,0.0,0.0,0.0
1,2026_01_GB_MIN,GB,MIN,Kristian Welch,kristian welch,LB,0,0,0,0,0.0,0.0,0.0
1,2026_01_GB_MIN,GB,MIN,Jordan Love,jordan love,QB,0,0,0,0,0.0,68.0,1.0
1,2026_01_GB_MIN,GB,MIN,Xavier McKinney,xavier mckinney,SAF,0,0,0,0,0.0,0.0,0.0
1,2026_01_GB_MIN,GB,MIN,Benjamin St-Juste,benjamin stjuste,CB,0,0,0,0,0.0,0.0,0.0
1,2026_01_GB_MIN,GB,MIN,Nick Niemann,nick niemann,LB,0,0,0,0,0.0,0.0,0.0
1,2026_01_GB_MIN,GB,MIN,Isaiah McDuffie,isaiah mcduffie,LB,0,0,0,0,0.0,0.0,0.0
1,2026_01_GB_MIN,GB,MIN,Devonte Wyatt,devonte wyatt,DT,0,0,0,0,0.0,0.0,0.0
1,2026_01_GB_MIN,GB,MIN,Sean Rhyan,sean rhyan,C,0,0,0,0,0.0,68.0,1.0
1,2026_01_GB_MIN,GB,MIN,Jonathan Ford,jonathan ford,DT,0,0,0,0,0.0,0.0,0.0
1,2026_01_GB_MIN,GB,MIN,Daniel Whelan,daniel whelan,P,0,0,0,0,0.0,0.0,0.0
1,2026_01_GB_MIN,GB,MIN,Zach Bako-Bewele,zach bakobewele,G,0,0,0,0,0.0,68.0,1.0
1,2026_01_GB_MIN,GB,MIN,Karl Brooks,karl brooks,DT,0,0,0,0,0.0,0.0,0.0
1,2026_01_GB_MIN,GB,MIN,Brenton Cox Jr.,brenton cox,DE,0,0,0,0,0.0,0.0,0.0
1,2026_01_GB_MIN,GB,MIN,Lukas Van Ness,lukas van ness,LB,0,0,0,0,0.0,0.0,0.0
1,2026_01_GB_MIN,GB,MIN,Donovan Jennings,donovan jennings,OT,0,0,0,0,0.0,68.0,1.0
1,2026_01_GB_MIN,GB,MIN,Evan Williams,evan williams,SAF,0,0,0,0,0.0,0.0,0.0
1,2026_01_GB_MIN,GB,MIN,Kamal Hadden,kamal hadden,CB,0,0,0,0,0.0,0.0,0.0
1,2026_01_GB_MIN,GB,MIN,Edgerrin Cooper,edgerrin cooper,LB,0,0,0,0,0.0,0.0,0.0
1,2026_01_GB_MIN,GB,MIN,Javon Bullard,javon bullard,SAF,0,0,0,0,0.0,0.0,0.0
1,2026_01_GB_MIN,GB,MIN,Jordan Morgan,jordan morgan,OT,0,0,0,0,0.0,68.0,1.0
1,2026_01_GB_MIN,GB,MIN,Barryn Sorrell,barryn sorrell,DE,0,0,0,0,0.0,0.0,0.0
1,2026_01_GB_MIN,GB,MIN,Kaleb Johnson,kaleb johnson,RB,0,0,0,0,0.0,0.0,0.0
1,2026_01_GB_MIN,GB,MIN,Chris McClellan,chris mcclellan,DT,0,0,0,0,0.0,0.0,0.0
1,2026_01_GB_MIN,GB,MIN,Dani Dennis-Sutton,dani dennissutton,LB,0,0,0,0,0.0,0.0,0.0
1,2026_01_GB_MIN,GB,MIN,Trey Smack,trey smack,K,0,0,0,0,0.0,0.0,0.0
1,2026_01_GB_MIN,GB,MIN,Brandon Cisse,brandon cisse,CB,0,0,0,0,0.0,0.0,0.0
1,2026_01_BUF_HOU,HOU,BUF,Nico Collins,nico collins,WR,10,7,75,1,0.2702702702702703,57.0,0.72
1,2026_01_BUF_HOU,HOU,BUF,Dalton Schultz,dalton schultz,TE,8,4,35,0,0.21621621621621623,52.0,0.66
1,2026_01_BUF_HOU,HOU,BUF,Xavier Hutchinson,xavier hutchinson,WR,6,3,32,0,0.16216216216216217,44.0,0.56
1,2026_01_BUF_HOU,HOU,BUF,David Montgomery,david montgomery,RB,3,3,19,1,0.08108108108108109,39.0,0.49
1,2026_01_BUF_HOU,HOU,BUF,Foster Moreau,foster moreau,TE,2,2,15,0,0.05405405405405406,35.0,0.44
1,2026_01_BUF_HOU,HOU,BUF,Kayshon Boutte,kayshon boutte,WR,2,1,21,0,0.05405405405405406,36.0,0.46
1,2026_01_BUF_HOU,HOU,BUF,Jaylin Noel,jaylin noel,WR,2,2,53,0,0.05405405405405406,24.0,0.3
1,2026_01_BUF_HOU,HOU,BUF,Jared Wayne,jared wayne,WR,1,1,12,0,0.02702702702702703,25.0,0.32
1,2026_01_BUF_HOU,HOU,BUF,Cade Stover,cade stover,TE,1,1,-2,0,0.02702702702702703,24.0,0.3
1,2026_01_BUF_HOU,HOU,BUF,Woody Marks,woody marks,RB,1,1,-2,0,0.02702702702702703,40.0,0.51
1,2026_01_BUF_HOU,HOU,BUF,Marlin Klein,marlin klein,TE,1,1,16,0,0.02702702702702703,9.0,0.11
1,2026_01_BUF_HOU,HOU,BUF,Jadeveon Clowney,jadeveon clowney,DE,0,0,0,0,0.0,0.0,0.0
1,2026_01_BUF_HOU,HOU,BUF,Danielle Hunter,danielle hunter,DE,0,0,0,0,0.0,0.0,0.0
1,2026_01_BUF_HOU,HOU,BUF,Trent Brown,trent brown,OT,0,0,0,0,0.0,79.0,1.0
1,2026_01_BUF_HOU,HOU,BUF,Mario Edwards,mario edwards,DT,0,0,0,0,0.0,0.0,0.0
1,2026_01_BUF_HOU,HOU,BUF,Ka'imi Fairbairn,kaimi fairbairn,K,0,0,0,0,0.0,0.0,0.0
1,2026_01_BUF_HOU,HOU,BUF,Sheldon Rankins,sheldon rankins,DT,0,0,0,0,0.0,0.0,0.0
1,2026_01_BUF_HOU,HOU,BUF,George Odum,george odum,DB,0,0,0,0,0.0,0.0,0.0
1,2026_01_BUF_HOU,HOU,BUF,Tremon Smith,tremon smith,CB,0,0,0,0,0.0,0.0,0.0
1,2026_01_BUF_HOU,HOU,BUF,Azeez Al-Shaair,azeez alshaair,LB,0,0,0,0,0.0,0.0,0.0
1,2026_01_BUF_HOU,HOU,BUF,Tommy Togiai,tommy togiai,DT,0,0,0,0,0.0,0.0,0.0
1,2026_01_BUF_HOU,HOU,BUF,Dominique Robinson,dominique robinson,DE,0,0,0,0,0.0,0.0,0.0
1,2026_01_BUF_HOU,HOU,BUF,Reed Blankenship,reed blankenship,SAF,0,0,0,0,0.0,0.0,0.0
1,2026_01_BUF_HOU,HOU,BUF,Derek Stingley Jr.,derek stingley,CB,0,0,0,0,0.0,0.0,0.0
1,2026_01_BUF_HOU,HOU,BUF,Jalen Pitre,jalen pitre,SAF,0,0,0,0,0.0,0.0,0.0
1,2026_01_BUF_HOU,HOU,BUF,Jake Hansen,jake hansen,LB,0,0,0,0,0.0,0.0,0.0
1,2026_01_BUF_HOU,HOU,BUF,Henry To'oTo'o,henry tootoo,LB,0,0,0,0,0.0,0.0,0.0
1,2026_01_BUF_HOU,HOU,BUF,Will Anderson Jr.,will anderson,DE,0,0,0,0,0.0,0.0,0.0
1,2026_01_BUF_HOU,HOU,BUF,C.J. Stroud,cj stroud,QB,0,0,0,0,0.0,79.0,1.0
1,2026_01_BUF_HOU,HOU,BUF,Kamari Lassiter,kamari lassiter,CB,0,0,0,0,0.0,0.0,0.0
1,2026_01_BUF_HOU,HOU,BUF,Calen Bullock,calen bullock,SAF,0,0,0,0,0.0,0.0,0.0
1,2026_01_BUF_HOU,HOU,BUF,Jaylin Smith,jaylin smith,CB,0,0,0,0,0.0,0.0,0.0
1,2026_01_BUF_HOU,HOU,BUF,Kai Kroeger,kai kroeger,P,0,0,0,0,0.0,0.0,0.0
1,2026_01_BUF_HOU,HOU,BUF,Aireontae Ersery,aireontae ersery,OT,0,0,0,0,0.0,79.0,1.0
1,2026_01_BUF_HOU,HOU,BUF,Sabastian Harsh,sabastian harsh,DE,0,0,0,0,0.0,0.0,0.0
1,2026_01_BUF_HOU,HOU,BUF,Wade Woodaz,wade woodaz,LB,0,0,0,0,0.0,0.0,0.0
1,2026_01_BAL_IND,IND,BAL,Keenan Allen,keenan allen,WR,6,6,32,0,0.20689655172413793,36.0,0.67
1,2026_01_BAL_IND,IND,BAL,Alec Pierce,alec pierce,WR,6,4,61,0,0.20689655172413793,32.0,0.59
1,2026_01_BAL_IND,IND,BAL,Tyler Warren,tyler warren,TE,5,3,13,1,0.1724137931034483,50.0,0.93
1,2026_01_BAL_IND,IND,BAL,Jonathan Taylor,jonathan taylor,RB,4,3,23,0,0.13793103448275862,48.0,0.89
1,2026_01_BAL_IND,IND,BAL,Josh Downs,josh downs,WR,4,2,37,0,0.13793103448275862,48.0,0.89
1,2026_01_BAL_IND,IND,BAL,Laquon Treadwell,laquon treadwell,WR,1,0,0,0,0.034482758620689655,19.0,0.35
1,2026_01_BAL_IND,IND,BAL,Ashton Dulin,ashton dulin,WR,1,0,0,0,0.034482758620689655,10.0,0.19
1,2026_01_BAL_IND,IND,BAL,Andrew Ogletree,andrew ogletree,TE,1,0,0,0,0.034482758620689655,6.0,0.11
1,2026_01_BAL_IND,IND,BAL,Seth McGowan,seth mcgowan,RB,1,1,0,0,0.034482758620689655,6.0,0.11
1,2026_01_BAL_IND,IND,BAL,DeForest Buckner,deforest buckner,DT,0,0,0,0,0.0,0.0,0.0
1,2026_01_BAL_IND,IND,BAL,Luke Rhodes,luke rhodes,LS,0,0,0,0,0.0,0.0,0.0
1,2026_01_BAL_IND,IND,BAL,Rigoberto Sanchez,rigoberto sanchez,P,0,0,0,0,0.0,0.0,0.0
1,2026_01_BAL_IND,IND,BAL,Grover Stewart,grover stewart,DT,0,0,0,0,0.0,0.0,0.0
1,2026_01_BAL_IND,IND,BAL,Jonathan Owens,jonathan owens,SAF,0,0,0,0,0.0,0.0,0.0
1,2026_01_BAL_IND,IND,BAL,Charvarius Ward,charvarius ward,CB,0,0,0,0,0.0,0.0,0.0
1,2026_01_BAL_IND,IND,BAL,Arden Key,arden key,DE,0,0,0,0,0.0,0.0,0.0
1,2026_01_BAL_IND,IND,BAL,Jerry Tillery,jerry tillery,DT,0,0,0,0,0.0,0.0,0.0
1,2026_01_BAL_IND,IND,BAL,Daniel Jones,daniel jones,QB,0,0,0,0,0.0,54.0,1.0
1,2026_01_BAL_IND,IND,BAL,Akeem Davis-Gaither,akeem davisgaither,LB,0,0,0,0,0.0,0.0,0.0
1,2026_01_BAL_IND,IND,BAL,Camryn Bynum,camryn bynum,SAF,0,0,0,0,0.0,0.0,0.0
1,2026_01_BAL_IND,IND,BAL,Sauce Gardner,sauce gardner,CB,0,0,0,0,0.0,0.0,0.0
1,2026_01_BAL_IND,IND,BAL,Adetomiwa Adebawore,adetomiwa adebawore,DT,0,0,0,0,0.0,0.0,0.0
1,2026_01_BAL_IND,IND,BAL,Laiatu Latu,laiatu latu,DE,0,0,0,0,0.0,0.0,0.0
1,2026_01_BAL_IND,IND,BAL,Spencer Shrader,spencer shrader,K,0,0,0,0,0.0,0.0,0.0
1,2026_01_BAL_IND,IND,BAL,Justin Walley,justin walley,CB,0,0,0,0,0.0,0.0,0.0
1,2026_01_BAL_IND,IND,BAL,Tim Smith,tim smith,DT,0,0,0,0,0.0,0.0,0.0
1,2026_01_BAL_IND,IND,BAL,Jaylahn Tuimoloau,jaylahn tuimoloau,DE,0,0,0,0,0.0,0.0,0.0
1,2026_01_BAL_IND,IND,BAL,A.J. Haulcy,aj haulcy,SAF,0,0,0,0,0.0,0.0,0.0
1,2026_01_BAL_IND,IND,BAL,Caden Curry,caden curry,DE,0,0,0,0,0.0,0.0,0.0
1,2026_01_BAL_IND,IND,BAL,Tahj Chambers,tahj chambers,LB,0,0,0,0,0.0,0.0,0.0
1,2026_01_BAL_IND,IND,BAL,Kenneth Harris,kenneth harris,CB,0,0,0,0,0.0,0.0,0.0
1,2026_01_BAL_IND,IND,BAL,Bryce Boettcher,bryce boettcher,LB,0,0,0,0,0.0,0.0,0.0
1,2026_01_CLE_JAX,JAX,CLE,Parker Washington,parker washington,WR,6,5,83,1,0.2857142857142857,35.0,0.61
1,2026_01_CLE_JAX,JAX,CLE,Brenton Strange,brenton strange,TE,3,2,23,1,0.14285714285714285,39.0,0.68
1,2026_01_CLE_JAX,JAX,CLE,Brian Thomas Jr.,brian thomas,WR,3,3,40,0,0.14285714285714285,20.0,0.35
1,2026_01_CLE_JAX,JAX,CLE,Jakobi Meyers,jakobi meyers,WR,2,2,40,1,0.09523809523809523,37.0,0.65
1,2026_01_CLE_JAX,JAX,CLE,Josh Cameron,josh cameron,WR,2,2,20,1,0.09523809523809523,19.0,0.33
1,2026_01_CLE_JAX,JAX,CLE,Ameer Abdullah,ameer abdullah,RB,1,1,0,0,0.047619047619047616,5.0,0.09
1,2026_01_CLE_JAX,JAX,CLE,Quintin Morris,quintin morris,TE,1,0,0,0,0.047619047619047616,24.0,0.42
1,2026_01_CLE_JAX,JAX,CLE,Travis Hunter,travis hunter,CB,1,1,8,0,0.047619047619047616,4.0,0.07
1,2026_01_CLE_JAX,JAX,CLE,Bhayshul Tuten,bhayshul tuten,RB,1,1,22,0,0.047619047619047616,28.0,0.49
1,2026_01_CLE_JAX,JAX,CLE,Nate Boerkircher,nate boerkircher,TE,1,1,9,0,0.047619047619047616,38.0,0.67
1,2026_01_CLE_JAX,JAX,CLE,Arik Armstead,arik armstead,DT,0,0,0,0,0.0,0.0,0.0
1,2026_01_CLE_JAX,JAX,CLE,Eric Murray,eric murray,S,0,0,0,0,0.0,0.0,0.0
1,2026_01_CLE_JAX,JAX,CLE,Nick Mullens,nick mullens,QB,0,0,0,0,0.0,7.0,0.12
1,2026_01_CLE_JAX,JAX,CLE,Jourdan Lewis,jourdan lewis,CB,0,0,0,0,0.0,0.0,0.0
1,2026_01_CLE_JAX,JAX,CLE,Foyesade Oluokun,foyesade oluokun,LB,0,0,0,0,0.0,0.0,0.0
1,2026_01_CLE_JAX,JAX,CLE,Logan Cooke,logan cooke,P,0,0,0,0,0.0,0.0,0.0
1,2026_01_CLE_JAX,JAX,CLE,Dennis Gardeck,dennis gardeck,LB,0,0,0,0,0.0,0.0,0.0
1,2026_01_CLE_JAX,JAX,CLE,Matt Dickerson,matt dickerson,DT,0,0,0,0,0.0,0.0,0.0
1,2026_01_CLE_JAX,JAX,CLE,Jahlani Tavai,jahlani tavai,LB,0,0,0,0,0.0,0.0,0.0
1,2026_01_CLE_JAX,JAX,CLE,Josh Hines-Allen,josh hinesallen,DE,0,0,0,0,0.0,0.0,0.0
1,2026_01_CLE_JAX,JAX,CLE,Ross Matiscik,ross matiscik,LS,0,0,0,0,0.0,0.0,0.0
1,2026_01_CLE_JAX,JAX,CLE,DaVon Hamilton,davon hamilton,DT,0,0,0,0,0.0,0.0,0.0
1,2026_01_CLE_JAX,JAX,CLE,Trevor Lawrence,trevor lawrence,QB,0,0,0,0,0.0,50.0,0.88
1,2026_01_CLE_JAX,JAX,CLE,Robert Hainsey,robert hainsey,C,0,0,0,0,0.0,50.0,0.88
1,2026_01_CLE_JAX,JAX,CLE,Travon Walker,travon walker,DE,0,0,0,0,0.0,0.0,0.0
1,2026_01_CLE_JAX,JAX,CLE,Montaric Brown,montaric brown,CB,0,0,0,0,0.0,0.0,0.0
1,2026_01_CLE_JAX,JAX,CLE,Ventrell Miller,ventrell miller,LB,0,0,0,0,0.0,0.0,0.0
1,2026_01_CLE_JAX,JAX,CLE,Antonio Johnson,antonio johnson,SAF,0,0,0,0,0.0,0.0,0.0
1,2026_01_CLE_JAX,JAX,CLE,Chris Rodriguez Jr.,chris rodriguez,RB,0,0,0,0,0.0,23.0,0.4
1,2026_01_CLE_JAX,JAX,CLE,Cam Little,cam little,K,0,0,0,0,0.0,0.0,0.0
1,2026_01_CLE_JAX,JAX,CLE,Ruke Orhorhoro,ruke orhorhoro,DT,0,0,0,0,0.0,0.0,0.0
1,2026_01_CLE_JAX,JAX,CLE,Caleb Ransaw,caleb ransaw,SAF,0,0,0,0,0.0,0.0,0.0
1,2026_01_CLE_JAX,JAX,CLE,Branson Combs,branson combs,LB,0,0,0,0,0.0,0.0,0.0
1,2026_01_CLE_JAX,JAX,CLE,Danny Striggow,danny striggow,DE,0,0,0,0,0.0,0.0,0.0
1,2026_01_CLE_JAX,JAX,CLE,Albert Regis,albert regis,DT,0,0,0,0,0.0,0.0,0.0
1,2026_01_DEN_KC,KC,DEN,Kenneth Walker III,kenneth walker,RB,6,3,18,1,0.24,47.0,0.68
1,2026_01_DEN_KC,KC,DEN,Xavier Worthy,xavier worthy,WR,6,3,18,0,0.24,53.0,0.77
1,2026_01_DEN_KC,KC,DEN,Travis Kelce,travis kelce,TE,5,3,71,0,0.2,49.0,0.71
1,2026_01_DEN_KC,KC,DEN,Rashee Rice,rashee rice,WR,2,2,19,1,0.08,57.0,0.83
1,2026_01_DEN_KC,KC,DEN,Emmett Johnson,emmett johnson,RB,2,2,44,0,0.08,25.0,0.36
1,2026_01_DEN_KC,KC,DEN,Noah Gray,noah gray,TE,1,1,5,0,0.04,38.0,0.55
1,2026_01_DEN_KC,KC,DEN,Tyquan Thornton,tyquan thornton,WR,1,0,0,0,0.04,47.0,0.68
1,2026_01_DEN_KC,KC,DEN,Jake Briningstool,jake briningstool,TE,1,1,9,0,0.04,13.0,0.19
1,2026_01_DEN_KC,KC,DEN,Cyrus Allen,cyrus allen,WR,1,0,0,0,0.04,1.0,0.01
1,2026_01_DEN_KC,KC,DEN,Chris Jones,chris jones,DE,0,0,0,0,0.0,0.0,0.0
1,2026_01_DEN_KC,KC,DEN,Harrison Butker,harrison butker,K,0,0,0,0,0.0,0.0,0.0
1,2026_01_DEN_KC,KC,DEN,Patrick Mahomes,patrick mahomes,QB,0,0,0,0,0.0,69.0,1.0
1,2026_01_DEN_KC,KC,DEN,Drue Tranquill,drue tranquill,LB,0,0,0,0,0.0,0.0,0.0
1,2026_01_DEN_KC,KC,DEN,L'Jarius Sneed,ljarius sneed,CB,0,0,0,0,0.0,0.0,0.0
1,2026_01_DEN_KC,KC,DEN,Alohi Gilman,alohi gilman,SAF,0,0,0,0,0.0,0.0,0.0
1,2026_01_DEN_KC,KC,DEN,Kristian Fulton,kristian fulton,CB,0,0,0,0,0.0,0.0,0.0
1,2026_01_DEN_KC,KC,DEN,Jaylon Moore,jaylon moore,OT,0,0,0,0,0.0,68.0,0.99
1,2026_01_DEN_KC,KC,DEN,Nick Bolton,nick bolton,LB,0,0,0,0,0.0,0.0,0.0
1,2026_01_DEN_KC,KC,DEN,Creed Humphrey,creed humphrey,C,0,0,0,0,0.0,69.0,1.0
1,2026_01_DEN_KC,KC,DEN,Trey Smith,trey smith,G,0,0,0,0,0.0,69.0,1.0
1,2026_01_DEN_KC,KC,DEN,Khyiris Tonga,khyiris tonga,DT,0,0,0,0,0.0,4.0,0.06
1,2026_01_DEN_KC,KC,DEN,George Karlaftis,george karlaftis,DE,0,0,0,0,0.0,0.0,0.0
1,2026_01_DEN_KC,KC,DEN,Jack Cochrane,jack cochrane,LB,0,0,0,0,0.0,0.0,0.0
1,2026_01_DEN_KC,KC,DEN,Matt Araiza,matt araiza,P,0,0,0,0,0.0,0.0,0.0
1,2026_01_DEN_KC,KC,DEN,Ben VanSumeren,ben vansumeren,RB,0,0,0,0,0.0,3.0,0.04
1,2026_01_DEN_KC,KC,DEN,Nikko Remigio,nikko remigio,WR,0,0,0,0,0.0,0.0,0.0
1,2026_01_DEN_KC,KC,DEN,Felix Anudike-Uzomah,felix anudikeuzomah,DE,0,0,0,0,0.0,0.0,0.0
1,2026_01_DEN_KC,KC,DEN,Marcus Harris,marcus harris,DT,0,0,0,0,0.0,0.0,0.0
1,2026_01_DEN_KC,KC,DEN,Jaden Hicks,jaden hicks,SAF,0,0,0,0,0.0,0.0,0.0
1,2026_01_DEN_KC,KC,DEN,Jeffrey Bassa,jeffrey bassa,LB,0,0,0,0,0.0,0.0,0.0
1,2026_01_DEN_KC,KC,DEN,Cooper McDonald,cooper mcdonald,LB,0,0,0,0,0.0,0.0,0.0
1,2026_01_DEN_KC,KC,DEN,Ashton Gillotte,ashton gillotte,DE,0,0,0,0,0.0,0.0,0.0
1,2026_01_DEN_KC,KC,DEN,Jalen Royals,jalen royals,WR,0,0,0,0,0.0,0.0,0.0
1,2026_01_DEN_KC,KC,DEN,Nohl Williams,nohl williams,CB,0,0,0,0,0.0,0.0,0.0
1,2026_01_DEN_KC,KC,DEN,Xavier Nwankpa,xavier nwankpa,SAF,0,0,0,0,0.0,0.0,0.0
1,2026_01_DEN_KC,KC,DEN,Kahlil Benson,kahlil benson,OT,0,0,0,0,0.0,69.0,1.0
1,2026_01_DEN_KC,KC,DEN,Jadon Canady,jadon canady,CB,0,0,0,0,0.0,0.0,0.0
1,2026_01_DEN_KC,KC,DEN,R Mason Thomas,r mason thomas,DE,0,0,0,0,0.0,0.0,0.0
1,2026_01_DEN_KC,KC,DEN,Mansoor Delane,mansoor delane,CB,0,0,0,0,0.0,0.0,0.0
1,2026_01_DEN_KC,KC,DEN,Peter Woods,peter woods,DT,0,0,0,0,0.0,0.0,0.0
1,2026_01_SF_LA,LA,SF,Puka Nacua,puka nacua,WR,9,5,74,0,0.3333333333333333,43.0,0.7
1,2026_01_SF_LA,LA,SF,Davante Adams,davante adams,WR,6,3,26,0,0.2222222222222222,33.0,0.54
1,2026_01_SF_LA,LA,SF,Kyren Williams,kyren williams,RB,3,3,24,0,0.1111111111111111,39.0,0.64
1,2026_01_SF_LA,LA,SF,Tyler Higbee,tyler higbee,TE,2,2,12,0,0.07407407407407407,12.0,0.2
1,2026_01_SF_LA,LA,SF,Colby Parkinson,colby parkinson,TE,2,1,6,0,0.07407407407407407,47.0,0.77
1,2026_01_SF_LA,LA,SF,Ronnie Rivers,ronnie rivers,RB,1,1,5,0,0.037037037037037035,8.0,0.13
1,2026_01_SF_LA,LA,SF,Davis Allen,davis allen,TE,1,1,13,0,0.037037037037037035,21.0,0.34
1,2026_01_SF_LA,LA,SF,Jordan Whittington,jordan whittington,WR,1,1,8,0,0.037037037037037035,25.0,0.41
1,2026_01_SF_LA,LA,SF,Konata Mumpfield,konata mumpfield,WR,1,0,0,0,0.037037037037037035,16.0,0.26
1,2026_01_SF_LA,LA,SF,Terrance Ferguson,terrance ferguson,TE,1,0,0,0,0.037037037037037035,31.0,0.51
1,2026_01_SF_LA,LA,SF,Matthew Stafford,matthew stafford,QB,0,0,0,0,0.0,51.0,0.84
1,2026_01_SF_LA,LA,SF,Kevin Dotson,kevin dotson,G,0,0,0,0,0.0,59.0,0.97
1,2026_01_SF_LA,LA,SF,Kam Curl,kam curl,SAF,0,0,0,0,0.0,0.0,0.0
1,2026_01_SF_LA,LA,SF,Alaric Jackson,alaric jackson,OT,0,0,0,0,0.0,61.0,1.0
1,2026_01_SF_LA,LA,SF,Trent McDuffie,trent mcduffie,CB,0,0,0,0,0.0,0.0,0.0
1,2026_01_SF_LA,LA,SF,Jaylen Watson,jaylen watson,CB,0,0,0,0,0.0,0.0,0.0
1,2026_01_SF_LA,LA,SF,Nate Landman,nate landman,LB,0,0,0,0,0.0,0.0,0.0
1,2026_01_SF_LA,LA,SF,Quentin Lake,quentin lake,SAF,0,0,0,0,0.0,0.0,0.0
1,2026_01_SF_LA,LA,SF,Xavier Smith,xavier smith,WR,0,0,0,0,0.0,16.0,0.26
1,2026_01_SF_LA,LA,SF,Ethan Evans,ethan evans,P,0,0,0,0,0.0,0.0,0.0
1,2026_01_SF_LA,LA,SF,Desjuan Johnson,desjuan johnson,LB,0,0,0,0,0.0,0.0,0.0
1,2026_01_SF_LA,LA,SF,Warren McClendon Jr.,warren mcclendon,OT,0,0,0,0,0.0,61.0,1.0
1,2026_01_SF_LA,LA,SF,Stetson Bennett,stetson bennett,QB,0,0,0,0,0.0,10.0,0.16
1,2026_01_SF_LA,LA,SF,Byron Young,byron young,LB,0,0,0,0,0.0,0.0,0.0
1,2026_01_SF_LA,LA,SF,Kobie Turner,kobie turner,DE,0,0,0,0,0.0,0.0,0.0
1,2026_01_SF_LA,LA,SF,Harrison Mevis,harrison mevis,K,0,0,0,0,0.0,0.0,0.0
1,2026_01_SF_LA,LA,SF,Braden Fiske,braden fiske,DE,0,0,0,0,0.0,0.0,0.0
1,2026_01_SF_LA,LA,SF,Blake Corum,blake corum,RB,0,0,0,0,0.0,14.0,0.23
1,2026_01_SF_LA,LA,SF,Tyler Davis,tyler davis,DE,0,0,0,0,0.0,0.0,0.0
1,2026_01_SF_LA,LA,SF,Omar Speights,omar speights,LB,0,0,0,0,0.0,0.0,0.0
1,2026_01_SF_LA,LA,SF,Jaylen McCollough,jaylen mccollough,SAF,0,0,0,0,0.0,0.0,0.0
1,2026_01_SF_LA,LA,SF,Kamren Kinchens,kamren kinchens,SAF,0,0,0,0,0.0,0.0,0.0
1,2026_01_SF_LA,LA,SF,Josaiah Stewart,josaiah stewart,LB,0,0,0,0,0.0,0.0,0.0
1,2026_01_SF_LA,LA,SF,Ty Hamilton,ty hamilton,DT,0,0,0,0,0.0,0.0,0.0
1,2026_01_SF_LA,LA,SF,Shaun Dolac,shaun dolac,LB,0,0,0,0,0.0,0.0,0.0
1,2026_01_ARI_LAC,LAC,ARI,Ladd McConkey,ladd mcconkey,WR,7,5,82,1,0.25925925925925924,27.0,0.49
1,2026_01_ARI_LAC,LAC,ARI,Quentin Johnston,quentin johnston,WR,6,2,17,0,0.2222222222222222,43.0,0.78
1,2026_01_ARI_LAC,LAC,ARI,Tre Harris,tre harris,WR,6,3,20,0,0.2222222222222222,41.0,0.75
1,2026_01_ARI_LAC,LAC,ARI,David Njoku,david njoku,TE,5,5,58,0,0.18518518518518517,30.0,0.55
1,2026_01_ARI_LAC,LAC,ARI,Oronde Gadsden II,oronde gadsden,TE,2,2,32,0,0.07407407407407407,10.0,0.18
1,2026_01_ARI_LAC,LAC,ARI,Derius Davis,derius davis,WR,1,0,0,0,0.037037037037037035,10.0,0.18
1,2026_01_ARI_LAC,LAC,ARI,Tony Jefferson,tony jefferson,S,0,0,0,0,0.0,0.0,0.0
1,2026_01_ARI_LAC,LAC,ARI,Khalil Mack,khalil mack,OLB,0,0,0,0,0.0,0.0,0.0
1,2026_01_ARI_LAC,LAC,ARI,Bud Dupree,bud dupree,OLB,0,0,0,0,0.0,0.0,0.0
1,2026_01_ARI_LAC,LAC,ARI,Dalvin Tomlinson,dalvin tomlinson,DE,0,0,0,0,0.0,0.0,0.0
1,2026_01_ARI_LAC,LAC,ARI,J.K. Scott,jk scott,P,0,0,0,0,0.0,0.0,0.0
1,2026_01_ARI_LAC,LAC,ARI,Donte Jackson,donte jackson,CB,0,0,0,0,0.0,0.0,0.0
1,2026_01_ARI_LAC,LAC,ARI,Derwin James,derwin james,FS,0,0,0,0,0.0,0.0,0.0
1,2026_01_ARI_LAC,LAC,ARI,Alec Ingold,alec ingold,FB,0,0,0,0,0.0,21.0,0.38
1,2026_01_ARI_LAC,LAC,ARI,Del'Shawn Phillips,delshawn phillips,LB,0,0,0,0,0.0,0.0,0.0
1,2026_01_ARI_LAC,LAC,ARI,Teair Tart,teair tart,DT,0,0,0,0,0.0,0.0,0.0
1,2026_01_ARI_LAC,LAC,ARI,Troy Dye,troy dye,LB,0,0,0,0,0.0,0.0,0.0
1,2026_01_ARI_LAC,LAC,ARI,Justin Herbert,justin herbert,QB,0,0,0,0,0.0,55.0,1.0
1,2026_01_ARI_LAC,LAC,ARI,Elijah Molden,elijah molden,CB,0,0,0,0,0.0,0.0,0.0
1,2026_01_ARI_LAC,LAC,ARI,Rashawn Slater,rashawn slater,OT,0,0,0,0,0.0,55.0,1.0
1,2026_01_ARI_LAC,LAC,ARI,Cameron Dicker,cameron dicker,K,0,0,0,0,0.0,0.0,0.0
1,2026_01_ARI_LAC,LAC,ARI,Charlie Kolar,charlie kolar,TE,0,0,0,0,0.0,30.0,0.55
1,2026_01_ARI_LAC,LAC,ARI,Keaton Mitchell,keaton mitchell,RB,0,0,0,0,0.0,17.0,0.31
1,2026_01_ARI_LAC,LAC,ARI,Daiyan Henley,daiyan henley,LB,0,0,0,0,0.0,0.0,0.0
1,2026_01_ARI_LAC,LAC,ARI,Tuli Tuipulotu,tuli tuipulotu,LB,0,0,0,0,0.0,0.0,0.0
1,2026_01_ARI_LAC,LAC,ARI,Tarheeb Still,tarheeb still,CB,0,0,0,0,0.0,0.0,0.0
1,2026_01_ARI_LAC,LAC,ARI,Cam Hart,cam hart,CB,0,0,0,0,0.0,0.0,0.0
1,2026_01_ARI_LAC,LAC,ARI,Justin Eboigbe,justin eboigbe,DT,0,0,0,0,0.0,0.0,0.0
1,2026_01_ARI_LAC,LAC,ARI,Joe Alt,joe alt,OT,0,0,0,0,0.0,55.0,1.0
1,2026_01_ARI_LAC,LAC,ARI,Jamaree Caldwell,jamaree caldwell,DT,0,0,0,0,0.0,0.0,0.0
1,2026_01_ARI_LAC,LAC,ARI,Omarion Hampton,omarion hampton,RB,0,0,0,0,0.0,32.0,0.58
1,2026_01_ARI_LAC,LAC,ARI,Genesis Smith,genesis smith,SAF,0,0,0,0,0.0,0.0,0.0
1,2026_01_ARI_LAC,LAC,ARI,Jake Slaughter,jake slaughter,C,0,0,0,0,0.0,55.0,1.0
1,2026_01_ARI_LAC,LAC,ARI,Akheem Mesidor,akheem mesidor,LB,0,0,0,0,0.0,0.0,0.0
1,2026_01_MIA_LV,LV,MIA,Michael Mayer,michael mayer,TE,7,6,32,0,0.2413793103448276,55.0,0.81
1,2026_01_MIA_LV,LV,MIA,Ashton Jeanty,ashton jeanty,RB,6,6,45,2,0.20689655172413793,50.0,0.74
1,2026_01_MIA_LV,LV,MIA,Jalen Nailor,jalen nailor,WR,5,3,27,0,0.1724137931034483,41.0,0.6
1,2026_01_MIA_LV,LV,MIA,Tre Tucker,tre tucker,WR,4,2,27,0,0.13793103448275862,48.0,0.71
1,2026_01_MIA_LV,LV,MIA,Jack Bech,jack bech,WR,4,3,23,1,0.13793103448275862,27.0,0.4
1,2026_01_MIA_LV,LV,MIA,Malik Benson,malik benson,WR,2,1,6,0,0.06896551724137931,7.0,0.1
1,2026_01_MIA_LV,LV,MIA,Cody White,cody white,WR,1,0,0,0,0.034482758620689655,11.0,0.16
1,2026_01_MIA_LV,LV,MIA,Kirk Cousins,kirk cousins,QB,0,0,0,0,0.0,68.0,1.0
1,2026_01_MIA_LV,LV,MIA,Adam Butler,adam butler,DT,0,0,0,0,0.0,0.0,0.0
1,2026_01_MIA_LV,LV,MIA,Foley Fatukasi,foley fatukasi,DT,0,0,0,0,0.0,0.0,0.0
1,2026_01_MIA_LV,LV,MIA,Taron Johnson,taron johnson,CB,0,0,0,0,0.0,0.0,0.0
1,2026_01_MIA_LV,LV,MIA,Maxx Crosby,maxx crosby,DE,0,0,0,0,0.0,0.0,0.0
1,2026_01_MIA_LV,LV,MIA,AJ Cole,aj cole,P,0,0,0,0,0.0,0.0,0.0
1,2026_01_MIA_LV,LV,MIA,Matt Gay,matt gay,K,0,0,0,0,0.0,0.0,0.0
1,2026_01_MIA_LV,LV,MIA,Jeremy Chinn,jeremy chinn,SAF,0,0,0,0,0.0,0.0,0.0
1,2026_01_MIA_LV,LV,MIA,Kwity Paye,kwity paye,DE,0,0,0,0,0.0,0.0,0.0
1,2026_01_MIA_LV,LV,MIA,Eric Stokes,eric stokes,CB,0,0,0,0,0.0,0.0,0.0
1,2026_01_MIA_LV,LV,MIA,Patrick Johnson,patrick johnson,DE,0,0,0,0,0.0,0.0,0.0
1,2026_01_MIA_LV,LV,MIA,Malcolm Koonce,malcolm koonce,DE,0,0,0,0,0.0,0.0,0.0
1,2026_01_MIA_LV,LV,MIA,Quay Walker,quay walker,LB,0,0,0,0,0.0,0.0,0.0
1,2026_01_MIA_LV,LV,MIA,Dareke Young,dareke young,WR,0,0,0,0,0.0,10.0,0.15
1,2026_01_MIA_LV,LV,MIA,Thomas Booker,thomas booker,DT,0,0,0,0,0.0,0.0,0.0
1,2026_01_MIA_LV,LV,MIA,Connor Heyward,connor heyward,FB,0,0,0,0,0.0,32.0,0.47
1,2026_01_MIA_LV,LV,MIA,Isaiah Pola-Mao,isaiah polamao,SAF,0,0,0,0,0.0,0.0,0.0
1,2026_01_MIA_LV,LV,MIA,Segun Olubi,segun olubi,LB,0,0,0,0,0.0,0.0,0.0
1,2026_01_MIA_LV,LV,MIA,Nakobe Dean,nakobe dean,LB,0,0,0,0,0.0,0.0,0.0
1,2026_01_MIA_LV,LV,MIA,Alex Ward,alex ward,LS,0,0,0,0,0.0,0.0,0.0
1,2026_01_MIA_LV,LV,MIA,Dylan Laube,dylan laube,RB,0,0,0,0,0.0,10.0,0.15
1,2026_01_MIA_LV,LV,MIA,Jonah Laulu,jonah laulu,DT,0,0,0,0,0.0,0.0,0.0
1,2026_01_MIA_LV,LV,MIA,Jackson Powers-Johnson,jackson powersjohnson,C,0,0,0,0,0.0,68.0,1.0
1,2026_01_MIA_LV,LV,MIA,Caleb Rogers,caleb rogers,G,0,0,0,0,0.0,0.0,0.0
1,2026_01_MIA_LV,LV,MIA,Tonka Hemingway,tonka hemingway,DT,0,0,0,0,0.0,0.0,0.0
1,2026_01_MIA_LV,LV,MIA,Darien Porter,darien porter,CB,0,0,0,0,0.0,0.0,0.0
1,2026_01_MIA_LV,LV,MIA,Treydan Stukes,treydan stukes,SAF,0,0,0,0,0.0,0.0,0.0
1,2026_01_MIA_LV,LV,MIA,Mike Washington Jr.,mike washington,RB,0,0,0,0,0.0,13.0,0.19
1,2026_01_MIA_LV,LV,MIA,Hezekiah Masses,hezekiah masses,CB,0,0,0,0,0.0,0.0,0.0
1,2026_01_MIA_LV,MIA,LV,Malik Washington,malik washington,WR,8,3,53,0,0.2962962962962963,55.0,0.98
1,2026_01_MIA_LV,MIA,LV,Caleb Douglas,caleb douglas,WR,7,5,94,0,0.25925925925925924,51.0,0.91
1,2026_01_MIA_LV,MIA,LV,De'Von Achane,devon achane,RB,5,4,30,0,0.18518518518518517,48.0,0.86
1,2026_01_MIA_LV,MIA,LV,Greg Dulcich,greg dulcich,TE,2,2,18,0,0.07407407407407407,43.0,0.77
1,2026_01_MIA_LV,MIA,LV,Chris Bell,chris bell,WR,2,1,25,0,0.07407407407407407,29.0,0.52
1,2026_01_MIA_LV,MIA,LV,Kevin Coleman Jr.,kevin coleman,WR,2,0,0,0,0.07407407407407407,16.0,0.29
1,2026_01_MIA_LV,MIA,LV,Will Kacmarek,will kacmarek,TE,1,0,0,0,0.037037037037037035,14.0,0.25
1,2026_01_MIA_LV,MIA,LV,Bradley Pinion,bradley pinion,P,0,0,0,0,0.0,0.0,0.0
1,2026_01_MIA_LV,MIA,LV,Zach Sieler,zach sieler,DE,0,0,0,0,0.0,0.0,0.0
1,2026_01_MIA_LV,MIA,LV,Clelin Ferrell,clelin ferrell,DE,0,0,0,0,0.0,0.0,0.0
1,2026_01_MIA_LV,MIA,LV,Joshua Uche,joshua uche,LB,0,0,0,0,0.0,0.0,0.0
1,2026_01_MIA_LV,MIA,LV,Aaron Brewer,aaron brewer,C,0,0,0,0,0.0,56.0,1.0
1,2026_01_MIA_LV,MIA,LV,Austin Jackson,austin jackson,OT,0,0,0,0,0.0,56.0,1.0
1,2026_01_MIA_LV,MIA,LV,Willie Gay Jr.,willie gay,LB,0,0,0,0,0.0,0.0,0.0
1,2026_01_MIA_LV,MIA,LV,Jordyn Brooks,jordyn brooks,LB,0,0,0,0,0.0,0.0,0.0
1,2026_01_MIA_LV,MIA,LV,Zayne Anderson,zayne anderson,SAF,0,0,0,0,0.0,0.0,0.0
1,2026_01_MIA_LV,MIA,LV,Malik Herring,malik herring,DE,0,0,0,0,0.0,0.0,0.0
1,2026_01_MIA_LV,MIA,LV,Riley Patterson,riley patterson,K,0,0,0,0,0.0,0.0,0.0
1,2026_01_MIA_LV,MIA,LV,Tucker Addington,tucker addington,LS,0,0,0,0,0.0,0.0,0.0
1,2026_01_MIA_LV,MIA,LV,Malik Willis,malik willis,QB,0,0,0,0,0.0,56.0,1.0
1,2026_01_MIA_LV,MIA,LV,Rob Beal Jr.,rob beal,DE,0,0,0,0,0.0,0.0,0.0
1,2026_01_MIA_LV,MIA,LV,Julius Brents,julius brents,CB,0,0,0,0,0.0,0.0,0.0
1,2026_01_MIA_LV,MIA,LV,Jaylen Wright,jaylen wright,RB,0,0,0,0,0.0,4.0,0.07
1,2026_01_MIA_LV,MIA,LV,Patrick Paul,patrick paul,OT,0,0,0,0,0.0,56.0,1.0
1,2026_01_MIA_LV,MIA,LV,Chop Robinson,chop robinson,LB,0,0,0,0,0.0,0.0,0.0
1,2026_01_MIA_LV,MIA,LV,Jordan Phillips,jordan phillips,DT,0,0,0,0,0.0,0.0,0.0
1,2026_01_MIA_LV,MIA,LV,Jason Marshall Jr.,jason marshall,CB,0,0,0,0,0.0,0.0,0.0
1,2026_01_MIA_LV,MIA,LV,Dante Trader Jr.,dante trader,SAF,0,0,0,0,0.0,0.0,0.0
1,2026_01_MIA_LV,MIA,LV,Zeek Biggers,zeek biggers,DT,0,0,0,0,0.0,0.0,0.0
1,2026_01_MIA_LV,MIA,LV,Kadyn Proctor,kadyn proctor,OT,0,0,0,0,0.0,56.0,1.0
1,2026_01_MIA_LV,MIA,LV,Jacob Rodriguez,jacob rodriguez,LB,0,0,0,0,0.0,0.0,0.0
1,2026_01_MIA_LV,MIA,LV,Michael Taaffe,michael taaffe,SAF,0,0,0,0,0.0,0.0,0.0
1,2026_01_MIA_LV,MIA,LV,Chris Johnson,chris johnson,CB,0,0,0,0,0.0,0.0,0.0
1,2026_01_GB_MIN,MIN,GB,Justin Jefferson,justin jefferson,WR,9,8,92,2,0.391304347826087,60.0,0.92
1,2026_01_GB_MIN,MIN,GB,T.J. Hockenson,tj hockenson,TE,5,4,36,1,0.21739130434782608,43.0,0.66
1,2026_01_GB_MIN,MIN,GB,Josh Oliver,josh oliver,TE,4,2,22,0,0.17391304347826086,42.0,0.65
1,2026_01_GB_MIN,MIN,GB,Jordan Addison,jordan addison,WR,2,0,0,0,0.08695652173913043,54.0,0.83
1,2026_01_GB_MIN,MIN,GB,Aaron Jones,aaron jones,RB,1,0,0,0,0.043478260869565216,30.0,0.46
1,2026_01_GB_MIN,MIN,GB,Jauan Jennings,jauan jennings,WR,1,0,0,0,0.043478260869565216,31.0,0.48
1,2026_01_GB_MIN,MIN,GB,DeeJay Dallas,deejay dallas,RB,1,1,1,0,0.043478260869565216,6.0,0.09
1,2026_01_GB_MIN,MIN,GB,Harrison Smith,harrison smith,FS,0,0,0,0,0.0,0.0,0.0
1,2026_01_GB_MIN,MIN,GB,Andrew DePaola,andrew depaola,LS,0,0,0,0,0.0,0.0,0.0
1,2026_01_GB_MIN,MIN,GB,Kyle Van Noy,kyle van noy,MLB,0,0,0,0,0.0,0.0,0.0
1,2026_01_GB_MIN,MIN,GB,Carson Wentz,carson wentz,QB,0,0,0,0,0.0,54.0,0.83
1,2026_01_GB_MIN,MIN,GB,Eric Wilson,eric wilson,LB,0,0,0,0,0.0,0.0,0.0
1,2026_01_GB_MIN,MIN,GB,Brian O'Neill,brian oneill,OT,0,0,0,0,0.0,65.0,1.0
1,2026_01_GB_MIN,MIN,GB,Kyler Murray,kyler murray,QB,0,0,0,0,0.0,11.0,0.17
1,2026_01_GB_MIN,MIN,GB,Byron Murphy,byron murphy,CB,0,0,0,0,0.0,0.0,0.0
1,2026_01_GB_MIN,MIN,GB,Andrew Van Ginkel,andrew van ginkel,OLB,0,0,0,0,0.0,0.0,0.0
1,2026_01_GB_MIN,MIN,GB,Blake Cashman,blake cashman,LB,0,0,0,0,0.0,0.0,0.0
1,2026_01_GB_MIN,MIN,GB,James Pierre,james pierre,CB,0,0,0,0,0.0,0.0,0.0
1,2026_01_GB_MIN,MIN,GB,Isaiah Rodgers,isaiah rodgers,CB,0,0,0,0,0.0,0.0,0.0
1,2026_01_GB_MIN,MIN,GB,Blake Brandel,blake brandel,C,0,0,0,0,0.0,65.0,1.0
1,2026_01_GB_MIN,MIN,GB,Josh Metellus,josh metellus,SAF,0,0,0,0,0.0,0.0,0.0
1,2026_01_GB_MIN,MIN,GB,Theo Jackson,theo jackson,DB,0,0,0,0,0.0,0.0,0.0
1,2026_01_GB_MIN,MIN,GB,Jordan Mason,jordan mason,RB,0,0,0,0,0.0,29.0,0.45
1,2026_01_GB_MIN,MIN,GB,Jalen Redmond,jalen redmond,DL,0,0,0,0,0.0,0.0,0.0
1,2026_01_GB_MIN,MIN,GB,Ivan Pace Jr.,ivan pace,LB,0,0,0,0,0.0,0.0,0.0
1,2026_01_GB_MIN,MIN,GB,Will Reichard,will reichard,K,0,0,0,0,0.0,0.0,0.0
1,2026_01_GB_MIN,MIN,GB,Levi Drake Rodriguez,levi drake rodriguez,DL,0,0,0,0,0.0,0.0,0.0
1,2026_01_GB_MIN,MIN,GB,Dallas Turner,dallas turner,LB,0,0,0,0,0.0,0.0,0.0
1,2026_01_GB_MIN,MIN,GB,Tyrion Ingram-Dawkins,tyrion ingramdawkins,DT,0,0,0,0,0.0,0.0,0.0
1,2026_01_GB_MIN,MIN,GB,Myles Price,myles price,WR,0,0,0,0,0.0,3.0,0.05
1,2026_01_GB_MIN,MIN,GB,Domonique Orange,domonique orange,DT,0,0,0,0,0.0,0.0,0.0
1,2026_01_GB_MIN,MIN,GB,Jacob Thomas,jacob thomas,SAF,0,0,0,0,0.0,0.0,0.0
1,2026_01_GB_MIN,MIN,GB,Jake Golday,jake golday,LB,0,0,0,0,0.0,0.0,0.0
1,2026_01_GB_MIN,MIN,GB,Brett Thorson,brett thorson,P,0,0,0,0,0.0,0.0,0.0
1,2026_01_NE_SEA,NE,SEA,DeMario Douglas,demario douglas,WR,7,5,20,0,0.22580645161290322,44.0,0.62
1,2026_01_NE_SEA,NE,SEA,Rhamondre Stevenson,rhamondre stevenson,RB,6,5,44,0,0.1935483870967742,60.0,0.85
1,2026_01_NE_SEA,NE,SEA,Mack Hollins,mack hollins,WR,5,4,51,0,0.16129032258064516,50.0,0.7
1,2026_01_NE_SEA,NE,SEA,A.J. Brown,aj brown,WR,4,3,26,0,0.12903225806451613,31.0,0.44
1,2026_01_NE_SEA,NE,SEA,Hunter Henry,hunter henry,TE,3,3,26,0,0.0967741935483871,54.0,0.76
1,2026_01_NE_SEA,NE,SEA,Romeo Doubs,romeo doubs,WR,3,0,0,0,0.0967741935483871,40.0,0.56
1,2026_01_NE_SEA,NE,SEA,Lan Larison,lan larison,RB,2,2,9,0,0.06451612903225806,3.0,0.04
1,2026_01_NE_SEA,NE,SEA,Eli Raridon,eli raridon,TE,1,1,2,1,0.03225806451612903,38.0,0.54
1,2026_01_NE_SEA,NE,SEA,Morgan Moses,morgan moses,OT,0,0,0,0,0.0,71.0,1.0
1,2026_01_NE_SEA,NE,SEA,Kevin Byard,kevin byard,FS,0,0,0,0,0.0,0.0,0.0
1,2026_01_NE_SEA,NE,SEA,Robert Spillane,robert spillane,LB,0,0,0,0,0.0,0.0,0.0
1,2026_01_NE_SEA,NE,SEA,Carlton Davis III,carlton davis,CB,0,0,0,0,0.0,0.0,0.0
1,2026_01_NE_SEA,NE,SEA,Mitch Wishnowsky,mitch wishnowsky,P,0,0,0,0,0.0,0.0,0.0
1,2026_01_NE_SEA,NE,SEA,Dre'Mont Jones,dremont jones,LB,0,0,0,0,0.0,0.0,0.0
1,2026_01_NE_SEA,NE,SEA,Christian Elliss,christian elliss,LB,0,0,0,0,0.0,0.0,0.0
1,2026_01_NE_SEA,NE,SEA,Milton Williams,milton williams,DT,0,0,0,0,0.0,0.0,0.0
1,2026_01_NE_SEA,NE,SEA,Alijah Vera-Tucker,alijah veratucker,G,0,0,0,0,0.0,71.0,1.0
1,2026_01_NE_SEA,NE,SEA,Christian Barmore,christian barmore,DT,0,0,0,0,0.0,0.0,0.0
1,2026_01_NE_SEA,NE,SEA,Marcus Jones,marcus jones,CB,0,0,0,0,0.0,0.0,0.0
1,2026_01_NE_SEA,NE,SEA,Cory Durden,cory durden,DT,0,0,0,0,0.0,0.0,0.0
1,2026_01_NE_SEA,NE,SEA,Christian Gonzalez,christian gonzalez,CB,0,0,0,0,0.0,0.0,0.0
1,2026_01_NE_SEA,NE,SEA,Dell Pettus,dell pettus,SAF,0,0,0,0,0.0,0.0,0.0
1,2026_01_NE_SEA,NE,SEA,Charles Woods,charles woods,CB,0,0,0,0,0.0,0.0,0.0
1,2026_01_NE_SEA,NE,SEA,Drake Maye,drake maye,QB,0,0,0,0,0.0,71.0,1.0
1,2026_01_NE_SEA,NE,SEA,Kyle Williams,kyle williams,WR,0,0,0,0,0.0,12.0,0.17
1,2026_01_NE_SEA,NE,SEA,Jared Wilson,jared wilson,C,0,0,0,0,0.0,71.0,1.0
1,2026_01_NE_SEA,NE,SEA,Andy Borregales,andy borregales,K,0,0,0,0,0.0,0.0,0.0
1,2026_01_NE_SEA,NE,SEA,Corey Kiner,corey kiner,RB,0,0,0,0,0.0,8.0,0.11
1,2026_01_NE_SEA,NE,SEA,Elijah Ponder,elijah ponder,LB,0,0,0,0,0.0,0.0,0.0
1,2026_01_NE_SEA,NE,SEA,Will Campbell,will campbell,OT,0,0,0,0,0.0,71.0,1.0
1,2026_01_NE_SEA,NE,SEA,Craig Woodson,craig woodson,SAF,0,0,0,0,0.0,0.0,0.0
1,2026_01_NE_SEA,NE,SEA,Namdi Obiazor,namdi obiazor,LB,0,0,0,0,0.0,0.0,0.0
1,2026_01_NE_SEA,NE,SEA,Gabe Jacas,gabe jacas,LB,0,0,0,0,0.0,0.0,0.0
1,2026_01_NO_DET,NO,DET,Chris Olave,chris olave,WR,13,10,182,0,0.25,77.0,0.86
1,2026_01_NO_DET,NO,DET,Travis Etienne,travis etienne,RB,9,7,32,0,0.17307692307692307,53.0,0.59
1,2026_01_NO_DET,NO,DET,Devaughn Vele,devaughn vele,WR,9,7,69,1,0.17307692307692307,82.0,0.91
1,2026_01_NO_DET,NO,DET,Noah Fant,noah fant,TE,8,4,33,1,0.15384615384615385,37.0,0.41
1,2026_01_NO_DET,NO,DET,Juwan Johnson,juwan johnson,TE,7,3,54,1,0.1346153846153846,76.0,0.84
1,2026_01_NO_DET,NO,DET,Bryce Lance,bryce lance,WR,4,3,42,0,0.07692307692307693,62.0,0.69
1,2026_01_NO_DET,NO,DET,CJ Donaldson,cj donaldson,RB,2,1,-2,0,0.038461538461538464,15.0,0.17
1,2026_01_NO_DET,NO,DET,Davon Godchaux,davon godchaux,DT,0,0,0,0,0.0,0.0,0.0
1,2026_01_NO_DET,NO,DET,Daniel Carlson,daniel carlson,K,0,0,0,0,0.0,0.0,0.0
1,2026_01_NO_DET,NO,DET,Justin Reid,justin reid,S,0,0,0,0,0.0,0.0,0.0
1,2026_01_NO_DET,NO,DET,Nathan Shepherd,nathan shepherd,DE,0,0,0,0,0.0,0.0,0.0
1,2026_01_NO_DET,NO,DET,Kaden Elliss,kaden elliss,LB,0,0,0,0,0.0,0.0,0.0
1,2026_01_NO_DET,NO,DET,Carl Granderson,carl granderson,DE,0,0,0,0,0.0,0.0,0.0
1,2026_01_NO_DET,NO,DET,Anfernee Jennings,anfernee jennings,LB,0,0,0,0,0.0,0.0,0.0
1,2026_01_NO_DET,NO,DET,Julian Blackmon,julian blackmon,SAF,0,0,0,0,0.0,0.0,0.0
1,2026_01_NO_DET,NO,DET,Chase Young,chase young,DE,0,0,0,0,0.0,0.0,0.0
1,2026_01_NO_DET,NO,DET,Chris Rumph II,chris rumph,LB,0,0,0,0,0.0,0.0,0.0
1,2026_01_NO_DET,NO,DET,Pete Werner,pete werner,LB,0,0,0,0,0.0,0.0,0.0
1,2026_01_NO_DET,NO,DET,Martin Emerson,martin emerson,CB,0,0,0,0,0.0,0.0,0.0
1,2026_01_NO_DET,NO,DET,Ryan Wright,ryan wright,P,0,0,0,0,0.0,0.0,0.0
1,2026_01_NO_DET,NO,DET,Colby Wooden,colby wooden,DE,0,0,0,0,0.0,0.0,0.0
1,2026_01_NO_DET,NO,DET,Tyree Wilson,tyree wilson,DE,0,0,0,0,0.0,0.0,0.0
1,2026_01_NO_DET,NO,DET,Kendre Miller,kendre miller,RB,0,0,0,0,0.0,26.0,0.29
1,2026_01_NO_DET,NO,DET,Jordan Howden,jordan howden,SAF,0,0,0,0,0.0,0.0,0.0
1,2026_01_NO_DET,NO,DET,Decamerion Richardson,decamerion richardson,CB,0,0,0,0,0.0,0.0,0.0
1,2026_01_NO_DET,NO,DET,Treyton Welch,treyton welch,TE,0,0,0,0,0.0,10.0,0.11
1,2026_01_NO_DET,NO,DET,Isaiah Stalbird,isaiah stalbird,LB,0,0,0,0,0.0,0.0,0.0
1,2026_01_NO_DET,NO,DET,Kool-Aid McKinstry,koolaid mckinstry,CB,0,0,0,0,0.0,0.0,0.0
1,2026_01_NO_DET,NO,DET,Danny Stutsman,danny stutsman,LB,0,0,0,0,0.0,0.0,0.0
1,2026_01_NO_DET,NO,DET,Quincy Riley,quincy riley,CB,0,0,0,0,0.0,0.0,0.0
1,2026_01_NO_DET,NO,DET,Vernon Broughton,vernon broughton,DT,0,0,0,0,0.0,0.0,0.0
1,2026_01_NO_DET,NO,DET,Jonas Sanker,jonas sanker,SAF,0,0,0,0,0.0,0.0,0.0
1,2026_01_NO_DET,NO,DET,Tyler Shough,tyler shough,QB,0,0,0,0,0.0,90.0,1.0
1,2026_01_NO_DET,NO,DET,Barion Brown,barion brown,WR,0,0,0,0,0.0,7.0,0.08
1,2026_01_NO_DET,NO,DET,Christen Miller,christen miller,DT,0,0,0,0,0.0,0.0,0.0
1,2026_01_DAL_NYG,NYG,DAL,Malik Nabers,malik nabers,WR,9,6,69,0,0.3103448275862069,36.0,0.52
1,2026_01_DAL_NYG,NYG,DAL,Isaiah Likely,isaiah likely,TE,8,8,78,2,0.27586206896551724,34.0,0.49
1,2026_01_DAL_NYG,NYG,DAL,Devin Singletary,devin singletary,RB,4,4,22,1,0.13793103448275862,25.0,0.36
1,2026_01_DAL_NYG,NYG,DAL,Malachi Fields,malachi fields,WR,4,2,25,0,0.13793103448275862,50.0,0.72
1,2026_01_DAL_NYG,NYG,DAL,Darnell Mooney,darnell mooney,WR,2,2,27,0,0.06896551724137931,39.0,0.57
1,2026_01_DAL_NYG,NYG,DAL,Patrick Ricard,patrick ricard,RB,1,0,0,0,0.034482758620689655,37.0,0.54
1,2026_01_DAL_NYG,NYG,DAL,Theo Johnson,theo johnson,TE,1,1,9,0,0.034482758620689655,32.0,0.46
1,2026_01_DAL_NYG,NYG,DAL,DJ Reader,dj reader,DT,0,0,0,0,0.0,0.0,0.0
1,2026_01_DAL_NYG,NYG,DAL,Jermaine Eluemunor,jermaine eluemunor,G,0,0,0,0,0.0,69.0,1.0
1,2026_01_DAL_NYG,NYG,DAL,Elijah Campbell,elijah campbell,DB,0,0,0,0,0.0,0.0,0.0
1,2026_01_DAL_NYG,NYG,DAL,Braxton Berrios,braxton berrios,WR,0,0,0,0,0.0,12.0,0.17
1,2026_01_DAL_NYG,NYG,DAL,Tremaine Edmunds,tremaine edmunds,MLB,0,0,0,0,0.0,0.0,0.0
1,2026_01_DAL_NYG,NYG,DAL,Brian Burns,brian burns,LB,0,0,0,0,0.0,0.0,0.0
1,2026_01_DAL_NYG,NYG,DAL,Jon Runyan,jon runyan,G,0,0,0,0,0.0,69.0,1.0
1,2026_01_DAL_NYG,NYG,DAL,Malik Harrison,malik harrison,LB,0,0,0,0,0.0,0.0,0.0
1,2026_01_DAL_NYG,NYG,DAL,Andrew Thomas,andrew thomas,OT,0,0,0,0,0.0,69.0,1.0
1,2026_01_DAL_NYG,NYG,DAL,Ar'Darius Washington,ardarius washington,SAF,0,0,0,0,0.0,0.0,0.0
1,2026_01_DAL_NYG,NYG,DAL,Paulson Adebo,paulson adebo,CB,0,0,0,0,0.0,0.0,0.0
1,2026_01_DAL_NYG,NYG,DAL,Chauncey Golston,chauncey golston,DE,0,0,0,0,0.0,0.0,0.0
1,2026_01_DAL_NYG,NYG,DAL,Greg Newsome II,greg newsome,CB,0,0,0,0,0.0,0.0,0.0
1,2026_01_DAL_NYG,NYG,DAL,Jevon Holland,jevon holland,SAF,0,0,0,0,0.0,0.0,0.0
1,2026_01_DAL_NYG,NYG,DAL,Kayvon Thibodeaux,kayvon thibodeaux,LB,0,0,0,0,0.0,0.0,0.0
1,2026_01_DAL_NYG,NYG,DAL,Jordan Stout,jordan stout,P,0,0,0,0,0.0,0.0,0.0
1,2026_01_DAL_NYG,NYG,DAL,Zaire Barnes,zaire barnes,LB,0,0,0,0,0.0,0.0,0.0
1,2026_01_DAL_NYG,NYG,DAL,Deonte Banks,deonte banks,CB,0,0,0,0,0.0,0.0,0.0
1,2026_01_DAL_NYG,NYG,DAL,Basil Okoye,basil okoye,DT,0,0,0,0,0.0,0.0,0.0
1,2026_01_DAL_NYG,NYG,DAL,Tyrone Tracy Jr.,tyrone tracy,RB,0,0,0,0,0.0,2.0,0.03
1,2026_01_DAL_NYG,NYG,DAL,Andru Phillips,andru phillips,DB,0,0,0,0,0.0,0.0,0.0
1,2026_01_DAL_NYG,NYG,DAL,Tyler Nubin,tyler nubin,SAF,0,0,0,0,0.0,0.0,0.0
1,2026_01_DAL_NYG,NYG,DAL,Abdul Carter,abdul carter,LB,0,0,0,0,0.0,0.0,0.0
1,2026_01_DAL_NYG,NYG,DAL,Jaxson Dart,jaxson dart,QB,0,0,0,0,0.0,69.0,1.0
1,2026_01_DAL_NYG,NYG,DAL,Cam Skattebo,cam skattebo,RB,0,0,0,0,0.0,42.0,0.61
1,2026_01_DAL_NYG,NYG,DAL,Dominic Zvada,dominic zvada,K,0,0,0,0,0.0,0.0,0.0
1,2026_01_DAL_NYG,NYG,DAL,Arvell Reese,arvell reese,LB,0,0,0,0,0.0,0.0,0.0
1,2026_01_NYJ_TEN,NYJ,TEN,Garrett Wilson,garrett wilson,WR,7,6,79,0,0.30434782608695654,50.0,0.75
1,2026_01_NYJ_TEN,NYJ,TEN,Adonai Mitchell,adonai mitchell,WR,3,3,60,0,0.13043478260869565,46.0,0.69
1,2026_01_NYJ_TEN,NYJ,TEN,Mason Taylor,mason taylor,TE,3,2,-2,0,0.13043478260869565,44.0,0.66
1,2026_01_NYJ_TEN,NYJ,TEN,Kenyon Sadiq,kenyon sadiq,TE,3,3,21,0,0.13043478260869565,28.0,0.42
1,2026_01_NYJ_TEN,NYJ,TEN,Breece Hall,breece hall,RB,2,2,16,0,0.08695652173913043,39.0,0.58
1,2026_01_NYJ_TEN,NYJ,TEN,Jeremy Ruckert,jeremy ruckert,TE,1,1,4,0,0.043478260869565216,29.0,0.43
1,2026_01_NYJ_TEN,NYJ,TEN,Isaiah Williams,isaiah williams,WR,1,1,7,0,0.043478260869565216,40.0,0.6
1,2026_01_NYJ_TEN,NYJ,TEN,Braelon Allen,braelon allen,RB,1,0,0,0,0.043478260869565216,27.0,0.4
1,2026_01_NYJ_TEN,NYJ,TEN,Arian Smith,arian smith,WR,1,0,0,0,0.043478260869565216,2.0,0.03
1,2026_01_NYJ_TEN,NYJ,TEN,Omar Cooper Jr.,omar cooper,WR,1,1,30,0,0.043478260869565216,5.0,0.07
1,2026_01_NYJ_TEN,NYJ,TEN,Demario Davis,demario davis,OLB,0,0,0,0,0.0,0.0,0.0
1,2026_01_NYJ_TEN,NYJ,TEN,Geno Smith,geno smith,QB,0,0,0,0,0.0,67.0,1.0
1,2026_01_NYJ_TEN,NYJ,TEN,David Onyemata,david onyemata,DT,0,0,0,0,0.0,0.0,0.0
1,2026_01_NYJ_TEN,NYJ,TEN,Harrison Phillips,harrison phillips,DT,0,0,0,0,0.0,0.0,0.0
1,2026_01_NYJ_TEN,NYJ,TEN,Jason Sanders,jason sanders,K,0,0,0,0,0.0,0.0,0.0
1,2026_01_NYJ_TEN,NYJ,TEN,Jamien Sherwood,jamien sherwood,LB,0,0,0,0,0.0,0.0,0.0
1,2026_01_NYJ_TEN,NYJ,TEN,Josh Myers,josh myers,C,0,0,0,0,0.0,67.0,1.0
1,2026_01_NYJ_TEN,NYJ,TEN,Andre Cisco,andre cisco,SAF,0,0,0,0,0.0,0.0,0.0
1,2026_01_NYJ_TEN,NYJ,TEN,Nahshon Wright,nahshon wright,CB,0,0,0,0,0.0,0.0,0.0
1,2026_01_NYJ_TEN,NYJ,TEN,Kingsley Enagbare,kingsley enagbare,LB,0,0,0,0,0.0,0.0,0.0
1,2026_01_NYJ_TEN,NYJ,TEN,Marcelino McCrary-Ball,marcelino mccraryball,LB,0,0,0,0,0.0,0.0,0.0
1,2026_01_NYJ_TEN,NYJ,TEN,Dane Belton,dane belton,SAF,0,0,0,0,0.0,0.0,0.0
1,2026_01_NYJ_TEN,NYJ,TEN,Will McDonald IV,will mcdonald,DE,0,0,0,0,0.0,0.0,0.0
1,2026_01_NYJ_TEN,NYJ,TEN,Braiden McGregor,braiden mcgregor,DE,0,0,0,0,0.0,0.0,0.0
1,2026_01_NYJ_TEN,NYJ,TEN,Jarvis Brownlee Jr.,jarvis brownlee,DB,0,0,0,0,0.0,0.0,0.0
1,2026_01_NYJ_TEN,NYJ,TEN,Austin McNamara,austin mcnamara,P,0,0,0,0,0.0,0.0,0.0
1,2026_01_NYJ_TEN,NYJ,TEN,Qwan'tez Stiggers,qwantez stiggers,DB,0,0,0,0,0.0,0.0,0.0
1,2026_01_NYJ_TEN,NYJ,TEN,Olumuyiwa Fashanu,olumuyiwa fashanu,OT,0,0,0,0,0.0,0.0,0.0
1,2026_01_NYJ_TEN,NYJ,TEN,T'Vondre Sweat,tvondre sweat,DT,0,0,0,0,0.0,0.0,0.0
1,2026_01_NYJ_TEN,NYJ,TEN,Azareye'h Thomas,azareyeh thomas,CB,0,0,0,0,0.0,0.0,0.0
1,2026_01_NYJ_TEN,NYJ,TEN,Malachi Moore,malachi moore,SAF,0,0,0,0,0.0,0.0,0.0
1,2026_01_NYJ_TEN,NYJ,TEN,David Bailey,david bailey,LB,0,0,0,0,0.0,0.0,0.0
1,2026_01_NYJ_TEN,NYJ,TEN,Darrell Jackson Jr.,darrell jackson,DT,0,0,0,0,0.0,0.0,0.0
1,2026_01_WAS_PHI,PHI,WAS,DeVonta Smith,devonta smith,WR,6,3,53,0,0.2727272727272727,52.0,0.95
1,2026_01_WAS_PHI,PHI,WAS,Dallas Goedert,dallas goedert,TE,5,4,77,2,0.22727272727272727,52.0,0.95
1,2026_01_WAS_PHI,PHI,WAS,Dontayvion Wicks,dontayvion wicks,WR,4,2,73,1,0.18181818181818182,50.0,0.91
1,2026_01_WAS_PHI,PHI,WAS,Makai Lemon,makai lemon,WR,4,3,-5,0,0.18181818181818182,35.0,0.64
1,2026_01_WAS_PHI,PHI,WAS,Saquon Barkley,saquon barkley,RB,2,1,-3,0,0.09090909090909091,39.0,0.71
1,2026_01_WAS_PHI,PHI,WAS,Will Shipley,will shipley,RB,1,1,8,0,0.045454545454545456,10.0,0.18
1,2026_01_WAS_PHI,PHI,WAS,Jake Elliott,jake elliott,K,0,0,0,0,0.0,0.0,0.0
1,2026_01_WAS_PHI,PHI,WAS,Jordan Mailata,jordan mailata,OT,0,0,0,0,0.0,55.0,1.0
1,2026_01_WAS_PHI,PHI,WAS,Marcus Epps,marcus epps,SAF,0,0,0,0,0.0,0.0,0.0
1,2026_01_WAS_PHI,PHI,WAS,A.J. Epenesa,aj epenesa,LB,0,0,0,0,0.0,0.0,0.0
1,2026_01_WAS_PHI,PHI,WAS,Braden Mann,braden mann,P,0,0,0,0,0.0,0.0,0.0
1,2026_01_WAS_PHI,PHI,WAS,Jalen Hurts,jalen hurts,QB,0,0,0,0,0.0,55.0,1.0
1,2026_01_WAS_PHI,PHI,WAS,Zack Baun,zack baun,LB,0,0,0,0,0.0,0.0,0.0
1,2026_01_WAS_PHI,PHI,WAS,Michael Carter II,michael carter,CB,0,0,0,0,0.0,0.0,0.0
1,2026_01_WAS_PHI,PHI,WAS,Landon Dickerson,landon dickerson,G,0,0,0,0,0.0,55.0,1.0
1,2026_01_WAS_PHI,PHI,WAS,Jordan Davis,jordan davis,DT,0,0,0,0,0.0,0.0,0.0
1,2026_01_WAS_PHI,PHI,WAS,Riq Woolen,riq woolen,CB,0,0,0,0,0.0,0.0,0.0
1,2026_01_WAS_PHI,PHI,WAS,Britain Covey,britain covey,WR,0,0,0,0,0.0,0.0,0.0
1,2026_01_WAS_PHI,PHI,WAS,Cam Jurgens,cam jurgens,G,0,0,0,0,0.0,55.0,1.0
1,2026_01_WAS_PHI,PHI,WAS,Arnold Ebiketie,arnold ebiketie,LB,0,0,0,0,0.0,0.0,0.0
1,2026_01_WAS_PHI,PHI,WAS,Jalen Carter,jalen carter,DT,0,0,0,0,0.0,0.0,0.0
1,2026_01_WAS_PHI,PHI,WAS,Moro Ojomo,moro ojomo,DT,0,0,0,0,0.0,0.0,0.0
1,2026_01_WAS_PHI,PHI,WAS,Tank Bigsby,tank bigsby,RB,0,0,0,0,0.0,6.0,0.11
1,2026_01_WAS_PHI,PHI,WAS,Byron Young,byron young,DT,0,0,0,0,0.0,0.0,0.0
1,2026_01_WAS_PHI,PHI,WAS,Nolan Smith,nolan smith,LB,0,0,0,0,0.0,0.0,0.0
1,2026_01_WAS_PHI,PHI,WAS,Jalyx Hunt,jalyx hunt,LB,0,0,0,0,0.0,0.0,0.0
1,2026_01_WAS_PHI,PHI,WAS,Jeremiah Trotter Jr.,jeremiah trotter,LB,0,0,0,0,0.0,0.0,0.0
1,2026_01_WAS_PHI,PHI,WAS,Cooper DeJean,cooper dejean,CB,0,0,0,0,0.0,2.0,0.04
1,2026_01_WAS_PHI,PHI,WAS,Quinyon Mitchell,quinyon mitchell,CB,0,0,0,0,0.0,0.0,0.0
1,2026_01_WAS_PHI,PHI,WAS,Smael Mondon Jr.,smael mondon,LB,0,0,0,0,0.0,0.0,0.0
1,2026_01_WAS_PHI,PHI,WAS,Darius Cooper,darius cooper,WR,0,0,0,0,0.0,8.0,0.15
1,2026_01_WAS_PHI,PHI,WAS,Jihaad Campbell,jihaad campbell,LB,0,0,0,0,0.0,0.0,0.0
1,2026_01_WAS_PHI,PHI,WAS,Andrew Mukuba,andrew mukuba,SAF,0,0,0,0,0.0,0.0,0.0
1,2026_01_ATL_PIT,PIT,ATL,DK Metcalf,dk metcalf,WR,10,4,40,0,0.2702702702702703,64.0,0.96
1,2026_01_ATL_PIT,PIT,ATL,Jaylen Warren,jaylen warren,RB,6,5,27,0,0.16216216216216217,25.0,0.37
1,2026_01_ATL_PIT,PIT,ATL,Roman Wilson,roman wilson,WR,6,3,26,0,0.16216216216216217,37.0,0.55
1,2026_01_ATL_PIT,PIT,ATL,Rico Dowdle,rico dowdle,RB,5,2,6,0,0.13513513513513514,39.0,0.58
1,2026_01_ATL_PIT,PIT,ATL,Pat Freiermuth,pat freiermuth,TE,5,5,46,1,0.13513513513513514,49.0,0.73
1,2026_01_ATL_PIT,PIT,ATL,Michael Pittman,michael pittman,WR,3,3,58,0,0.08108108108108109,59.0,0.88
1,2026_01_ATL_PIT,PIT,ATL,Darnell Washington,darnell washington,TE,2,2,18,0,0.05405405405405406,43.0,0.64
1,2026_01_ATL_PIT,PIT,ATL,Aaron Rodgers,aaron rodgers,QB,0,0,0,0,0.0,67.0,1.0
1,2026_01_ATL_PIT,PIT,ATL,Cameron Heyward,cameron heyward,DE,0,0,0,0,0.0,0.0,0.0
1,2026_01_ATL_PIT,PIT,ATL,Chris Boswell,chris boswell,K,0,0,0,0,0.0,0.0,0.0
1,2026_01_ATL_PIT,PIT,ATL,Jalen Ramsey,jalen ramsey,CB,0,0,0,0,0.0,3.0,0.04
1,2026_01_ATL_PIT,PIT,ATL,Cameron Johnston,cameron johnston,P,0,0,0,0,0.0,0.0,0.0
1,2026_01_ATL_PIT,PIT,ATL,T.J. Watt,tj watt,OLB,0,0,0,0,0.0,0.0,0.0
1,2026_01_ATL_PIT,PIT,ATL,Rayshawn Jenkins,rayshawn jenkins,DB,0,0,0,0,0.0,0.0,0.0
1,2026_01_ATL_PIT,PIT,ATL,Sebastian Joseph-Day,sebastian josephday,DT,0,0,0,0,0.0,0.0,0.0
1,2026_01_ATL_PIT,PIT,ATL,Cole Holcomb,cole holcomb,LB,0,0,0,0,0.0,0.0,0.0
1,2026_01_ATL_PIT,PIT,ATL,Jamel Dean,jamel dean,CB,0,0,0,0,0.0,0.0,0.0
1,2026_01_ATL_PIT,PIT,ATL,Patrick Queen,patrick queen,LB,0,0,0,0,0.0,0.0,0.0
1,2026_01_ATL_PIT,PIT,ATL,Alex Highsmith,alex highsmith,LB,0,0,0,0,0.0,0.0,0.0
1,2026_01_ATL_PIT,PIT,ATL,Asante Samuel Jr.,asante samuel,CB,0,0,0,0,0.0,0.0,0.0
1,2026_01_ATL_PIT,PIT,ATL,Dylan Cook,dylan cook,OT,0,0,0,0,0.0,67.0,1.0
1,2026_01_ATL_PIT,PIT,ATL,Jaquan Brisker,jaquan brisker,SAF,0,0,0,0,0.0,0.0,0.0
1,2026_01_ATL_PIT,PIT,ATL,Nick Herbig,nick herbig,LB,0,0,0,0,0.0,0.0,0.0
1,2026_01_ATL_PIT,PIT,ATL,Keeanu Benton,keeanu benton,DT,0,0,0,0,0.0,0.0,0.0
1,2026_01_ATL_PIT,PIT,ATL,Payton Wilson,payton wilson,LB,0,0,0,0,0.0,0.0,0.0
1,2026_01_ATL_PIT,PIT,ATL,Jack Sawyer,jack sawyer,LB,0,0,0,0,0.0,0.0,0.0
1,2026_01_ATL_PIT,PIT,ATL,Yahya Black,yahya black,DE,0,0,0,0,0.0,0.0,0.0
1,2026_01_ATL_PIT,PIT,ATL,Carson Bruener,carson bruener,LB,0,0,0,0,0.0,0.0,0.0
1,2026_01_ATL_PIT,PIT,ATL,Derrick Harmon,derrick harmon,DT,0,0,0,0,0.0,0.0,0.0
1,2026_01_ATL_PIT,PIT,ATL,Daylen Everette,daylen everette,CB,0,0,0,0,0.0,0.0,0.0
1,2026_01_ATL_PIT,PIT,ATL,Kaden Wetjen,kaden wetjen,WR,0,0,0,0,0.0,0.0,0.0
1,2026_01_ATL_PIT,PIT,ATL,Riley Nowakowski,riley nowakowski,FB,0,0,0,0,0.0,8.0,0.12
1,2026_01_ATL_PIT,PIT,ATL,Robert Spears-Jennings,robert spearsjennings,SAF,0,0,0,0,0.0,0.0,0.0
1,2026_01_ATL_PIT,PIT,ATL,Eli Heidenreich,eli heidenreich,RB,0,0,0,0,0.0,3.0,0.04
1,2026_01_NE_SEA,SEA,NE,Jaxon Smith-Njigba,jaxon smithnjigba,WR,11,8,122,1,0.4583333333333333,45.0,0.9
1,2026_01_NE_SEA,SEA,NE,Cooper Kupp,cooper kupp,WR,3,2,35,0,0.125,39.0,0.78
1,2026_01_NE_SEA,SEA,NE,Rashid Shaheed,rashid shaheed,WR,3,1,4,0,0.125,33.0,0.66
1,2026_01_NE_SEA,SEA,NE,Brady Russell,brady russell,RB,2,2,20,0,0.08333333333333333,17.0,0.34
1,2026_01_NE_SEA,SEA,NE,AJ Barner,aj barner,TE,2,2,13,0,0.08333333333333333,44.0,0.88
1,2026_01_NE_SEA,SEA,NE,Jadarian Price,jadarian price,RB,2,2,6,0,0.08333333333333333,24.0,0.48
1,2026_01_NE_SEA,SEA,NE,George Holani,george holani,RB,1,0,0,0,0.041666666666666664,23.0,0.46
1,2026_01_NE_SEA,SEA,NE,DeMarcus Lawrence,demarcus lawrence,LB,0,0,0,0,0.0,0.0,0.0
1,2026_01_NE_SEA,SEA,NE,Jason Myers,jason myers,K,0,0,0,0,0.0,0.0,0.0
1,2026_01_NE_SEA,SEA,NE,Leonard Williams,leonard williams,DE,0,0,0,0,0.0,0.0,0.0
1,2026_01_NE_SEA,SEA,NE,Jarran Reed,jarran reed,DT,0,0,0,0,0.0,0.0,0.0
1,2026_01_NE_SEA,SEA,NE,Eric Saubert,eric saubert,TE,0,0,0,0,0.0,10.0,0.2
1,2026_01_NE_SEA,SEA,NE,Michael Dickson,michael dickson,P,0,0,0,0,0.0,0.0,0.0
1,2026_01_NE_SEA,SEA,NE,Uchenna Nwosu,uchenna nwosu,LB,0,0,0,0,0.0,0.0,0.0
1,2026_01_NE_SEA,SEA,NE,Sam Darnold,sam darnold,QB,0,0,0,0,0.0,5.0,0.1
1,2026_01_NE_SEA,SEA,NE,Julian Love,julian love,SAF,0,0,0,0,0.0,0.0,0.0
1,2026_01_NE_SEA,SEA,NE,Drew Lock,drew lock,QB,0,0,0,0,0.0,45.0,0.9
1,2026_01_NE_SEA,SEA,NE,Ernest Jones,ernest jones,LB,0,0,0,0,0.0,0.0,0.0
1,2026_01_NE_SEA,SEA,NE,Chazz Surratt,chazz surratt,LB,0,0,0,0,0.0,0.0,0.0
1,2026_01_NE_SEA,SEA,NE,Josh Jobe,josh jobe,CB,0,0,0,0,0.0,0.0,0.0
1,2026_01_NE_SEA,SEA,NE,Rodney Thomas,rodney thomas,SAF,0,0,0,0,0.0,0.0,0.0
1,2026_01_NE_SEA,SEA,NE,Abraham Lucas,abraham lucas,OT,0,0,0,0,0.0,50.0,1.0
1,2026_01_NE_SEA,SEA,NE,Patrick O'Connell,patrick oconnell,LB,0,0,0,0,0.0,0.0,0.0
1,2026_01_NE_SEA,SEA,NE,Emanuel Wilson,emanuel wilson,RB,0,0,0,0,0.0,3.0,0.06
1,2026_01_NE_SEA,SEA,NE,Drake Thomas,drake thomas,LB,0,0,0,0,0.0,0.0,0.0
1,2026_01_NE_SEA,SEA,NE,Anthony Bradford,anthony bradford,G,0,0,0,0,0.0,50.0,1.0
1,2026_01_NE_SEA,SEA,NE,Derick Hall,derick hall,LB,0,0,0,0,0.0,0.0,0.0
1,2026_01_NE_SEA,SEA,NE,Devon Witherspoon,devon witherspoon,CB,0,0,0,0,0.0,0.0,0.0
1,2026_01_NE_SEA,SEA,NE,Byron Murphy II,byron murphy,DT,0,0,0,0,0.0,0.0,0.0
1,2026_01_NE_SEA,SEA,NE,Nehemiah Pritchett,nehemiah pritchett,CB,0,0,0,0,0.0,0.0,0.0
1,2026_01_NE_SEA,SEA,NE,Connor O'Toole,connor otoole,LB,0,0,0,0,0.0,0.0,0.0
1,2026_01_NE_SEA,SEA,NE,Montorie Foster Jr,montorie foster,WR,0,0,0,0,0.0,0.0,0.0
1,2026_01_NE_SEA,SEA,NE,Rylie Mills,rylie mills,DT,0,0,0,0,0.0,0.0,0.0
1,2026_01_NE_SEA,SEA,NE,,nan,,0,0,0,0,0.0,0.0,0.0
1,2026_01_SF_LA,SF,LA,Christian McCaffrey,christian mccaffrey,RB,8,5,20,0,0.23529411764705882,36.0,0.55
1,2026_01_SF_LA,SF,LA,Mike Evans,mike evans,WR,7,6,49,1,0.20588235294117646,49.0,0.75
1,2026_01_SF_LA,SF,LA,Deebo Samuel Sr.,deebo samuel,WR,7,6,48,1,0.20588235294117646,27.0,0.42
1,2026_01_SF_LA,SF,LA,George Kittle,george kittle,TE,5,2,12,0,0.14705882352941177,30.0,0.46
1,2026_01_SF_LA,SF,LA,Demarcus Robinson,demarcus robinson,WR,3,2,50,1,0.08823529411764706,41.0,0.63
1,2026_01_SF_LA,SF,LA,Luke Farrell,luke farrell,TE,2,2,19,0,0.058823529411764705,46.0,0.71
1,2026_01_SF_LA,SF,LA,Jake Brendel,jake brendel,C,1,1,2,0,0.029411764705882353,65.0,1.0
1,2026_01_SF_LA,SF,LA,Kaelon Black,kaelon black,RB,1,1,5,0,0.029411764705882353,28.0,0.43
1,2026_01_SF_LA,SF,LA,Eddy Pineiro,eddy pineiro,K,0,0,0,0,0.0,0.0,0.0
1,2026_01_SF_LA,SF,LA,Siran Neal,siran neal,DB,0,0,0,0,0.0,0.0,0.0
1,2026_01_SF_LA,SF,LA,Ogbo Okoronkwo,ogbo okoronkwo,DE,0,0,0,0,0.0,0.0,0.0
1,2026_01_SF_LA,SF,LA,Fred Warner,fred warner,MLB,0,0,0,0,0.0,0.0,0.0
1,2026_01_SF_LA,SF,LA,KhaDarel Hodge,khadarel hodge,WR,0,0,0,0,0.0,1.0,0.02
1,2026_01_SF_LA,SF,LA,Dre Greenlaw,dre greenlaw,LB,0,0,0,0,0.0,0.0,0.0
1,2026_01_SF_LA,SF,LA,Nick Bosa,nick bosa,DE,0,0,0,0,0.0,0.0,0.0
1,2026_01_SF_LA,SF,LA,Corliss Waitman,corliss waitman,P,0,0,0,0,0.0,0.0,0.0
1,2026_01_SF_LA,SF,LA,Ashtyn Davis,ashtyn davis,SAF,0,0,0,0,0.0,0.0,0.0
1,2026_01_SF_LA,SF,LA,Khalid Kareem,khalid kareem,DE,0,0,0,0,0.0,0.0,0.0
1,2026_01_SF_LA,SF,LA,Deommodore Lenoir,deommodore lenoir,CB,0,0,0,0,0.0,0.0,0.0
1,2026_01_SF_LA,SF,LA,Garret Wallow,garret wallow,LB,0,0,0,0,0.0,0.0,0.0
1,2026_01_SF_LA,SF,LA,Osa Odighizuwa,osa odighizuwa,DT,0,0,0,0,0.0,0.0,0.0
1,2026_01_SF_LA,SF,LA,Brock Purdy,brock purdy,QB,0,0,0,0,0.0,65.0,1.0
1,2026_01_SF_LA,SF,LA,Jack Jones,jack jones,CB,0,0,0,0,0.0,0.0,0.0
1,2026_01_SF_LA,SF,LA,Ji'Ayir Brown,jiayir brown,SAF,0,0,0,0,0.0,0.0,0.0
1,2026_01_SF_LA,SF,LA,Keion White,keion white,DE,0,0,0,0,0.0,0.0,0.0
1,2026_01_SF_LA,SF,LA,Renardo Green,renardo green,CB,0,0,0,0,0.0,0.0,0.0
1,2026_01_SF_LA,SF,LA,Malik Mustapha,malik mustapha,SAF,0,0,0,0,0.0,0.0,0.0
1,2026_01_SF_LA,SF,LA,Jacob Cowing,jacob cowing,WR,0,0,0,0,0.0,5.0,0.08
1,2026_01_SF_LA,SF,LA,Upton Stout,upton stout,CB,0,0,0,0,0.0,0.0,0.0
1,2026_01_SF_LA,SF,LA,Marques Sigle,marques sigle,SAF,0,0,0,0,0.0,0.0,0.0
1,2026_01_SF_LA,SF,LA,C.J. West,cj west,DT,0,0,0,0,0.0,0.0,0.0
1,2026_01_SF_LA,SF,LA,Jaden Dugger,jaden dugger,LB,0,0,0,0,0.0,0.0,0.0
1,2026_01_SF_LA,SF,LA,James Thompson Jr.,james thompson,DT,0,0,0,0,0.0,0.0,0.0
1,2026_01_TB_CIN,TB,CIN,Bucky Irving,bucky irving,RB,7,7,48,0,0.25925925925925924,35.0,0.61
1,2026_01_TB_CIN,TB,CIN,Emeka Egbuka,emeka egbuka,WR,6,5,63,0,0.2222222222222222,49.0,0.86
1,2026_01_TB_CIN,TB,CIN,Cade Otton,cade otton,TE,5,3,26,0,0.18518518518518517,56.0,0.98
1,2026_01_TB_CIN,TB,CIN,Chris Godwin Jr.,chris godwin,WR,4,4,40,0,0.14814814814814814,49.0,0.86
1,2026_01_TB_CIN,TB,CIN,Ted Hurst III,ted hurst,WR,3,3,36,0,0.1111111111111111,43.0,0.75
1,2026_01_TB_CIN,TB,CIN,Kenny Gainwell,kenny gainwell,RB,1,1,3,0,0.037037037037037035,0.0,0.0
1,2026_01_TB_CIN,TB,CIN,Tez Johnson,tez johnson,WR,1,0,0,0,0.037037037037037035,13.0,0.23
1,2026_01_TB_CIN,TB,CIN,Rakeem Nunez-Roches,rakeem nunezroches,DT,0,0,0,0,0.0,0.0,0.0
1,2026_01_TB_CIN,TB,CIN,A'Shawn Robinson,ashawn robinson,DT,0,0,0,0,0.0,0.0,0.0
1,2026_01_TB_CIN,TB,CIN,Alex Anzalone,alex anzalone,MLB,0,0,0,0,0.0,0.0,0.0
1,2026_01_TB_CIN,TB,CIN,Al-Quadin Muhammad,alquadin muhammad,LB,0,0,0,0,0.0,0.0,0.0
1,2026_01_TB_CIN,TB,CIN,Vita Vea,vita vea,DT,0,0,0,0,0.0,0.0,0.0
1,2026_01_TB_CIN,TB,CIN,Baker Mayfield,baker mayfield,QB,0,0,0,0,0.0,57.0,1.0
1,2026_01_TB_CIN,TB,CIN,Anthony Nelson,anthony nelson,LB,0,0,0,0,0.0,0.0,0.0
1,2026_01_TB_CIN,TB,CIN,Chase McLaughlin,chase mclaughlin,K,0,0,0,0,0.0,0.0,0.0
1,2026_01_TB_CIN,TB,CIN,Tristan Wirfs,tristan wirfs,OT,0,0,0,0,0.0,57.0,1.0
1,2026_01_TB_CIN,TB,CIN,Antoine Winfield Jr.,antoine winfield,SAF,0,0,0,0,0.0,0.0,0.0
1,2026_01_TB_CIN,TB,CIN,Zyon McCollum,zyon mccollum,CB,0,0,0,0,0.0,0.0,0.0
1,2026_01_TB_CIN,TB,CIN,SirVocea Dennis,sirvocea dennis,LB,0,0,0,0,0.0,0.0,0.0
1,2026_01_TB_CIN,TB,CIN,Calijah Kancey,calijah kancey,DT,0,0,0,0,0.0,0.0,0.0
1,2026_01_TB_CIN,TB,CIN,Yaya Diaby,yaya diaby,LB,0,0,0,0,0.0,0.0,0.0
1,2026_01_TB_CIN,TB,CIN,Cody Mauch,cody mauch,G,0,0,0,0,0.0,57.0,1.0
1,2026_01_TB_CIN,TB,CIN,Kameron Johnson,kameron johnson,WR,0,0,0,0,0.0,5.0,0.09
1,2026_01_TB_CIN,TB,CIN,Tykee Smith,tykee smith,SAF,0,0,0,0,0.0,0.0,0.0
1,2026_01_TB_CIN,TB,CIN,Kevin Knowles,kevin knowles,DB,0,0,0,0,0.0,0.0,0.0
1,2026_01_TB_CIN,TB,CIN,Jacob Parrish,jacob parrish,CB,0,0,0,0,0.0,0.0,0.0
1,2026_01_TB_CIN,TB,CIN,David Walker,david walker,LB,0,0,0,0,0.0,0.0,0.0
1,2026_01_TB_CIN,TB,CIN,Elijah Roberts,elijah roberts,DE,0,0,0,0,0.0,0.0,0.0
1,2026_01_TB_CIN,TB,CIN,Josh Williams,josh williams,RB,0,0,0,0,0.0,0.0,0.0
1,2026_01_TB_CIN,TB,CIN,Benjamin Morrison,benjamin morrison,CB,0,0,0,0,0.0,0.0,0.0
1,2026_01_TB_CIN,TB,CIN,Rueben Bain Jr.,rueben bain,LB,0,0,0,0,0.0,0.0,0.0
1,2026_01_TB_CIN,TB,CIN,Keionte Scott,keionte scott,CB,0,0,0,0,0.0,0.0,0.0
1,2026_01_TB_CIN,TB,CIN,Bauer Sharp,bauer sharp,TE,0,0,0,0,0.0,1.0,0.02
1,2026_01_TB_CIN,TB,CIN,Josiah Trotter,josiah trotter,LB,0,0,0,0,0.0,0.0,0.0
1,2026_01_NYJ_TEN,TEN,NYJ,Wan'Dale Robinson,wandale robinson,WR,6,5,38,0,0.21428571428571427,41.0,0.82
1,2026_01_NYJ_TEN,TEN,NYJ,Carnell Tate,carnell tate,WR,6,4,38,0,0.21428571428571427,44.0,0.88
1,2026_01_NYJ_TEN,TEN,NYJ,Gunnar Helm,gunnar helm,TE,5,4,28,0,0.17857142857142858,38.0,0.76
1,2026_01_NYJ_TEN,TEN,NYJ,Tyjae Spears,tyjae spears,RB,4,2,12,0,0.14285714285714285,25.0,0.5
1,2026_01_NYJ_TEN,TEN,NYJ,Elic Ayomanor,elic ayomanor,WR,3,1,11,1,0.10714285714285714,26.0,0.52
1,2026_01_NYJ_TEN,TEN,NYJ,Tony Pollard,tony pollard,RB,2,1,-1,0,0.07142857142857142,26.0,0.52
1,2026_01_NYJ_TEN,TEN,NYJ,Daniel Bellinger,daniel bellinger,TE,1,1,7,0,0.03571428571428571,14.0,0.28
1,2026_01_NYJ_TEN,TEN,NYJ,Chimere Dike,chimere dike,WR,1,1,7,0,0.03571428571428571,4.0,0.08
1,2026_01_NYJ_TEN,TEN,NYJ,Jacob Martin,jacob martin,DE,0,0,0,0,0.0,0.0,0.0
1,2026_01_NYJ_TEN,TEN,NYJ,John Franklin-Myers,john franklinmyers,DE,0,0,0,0,0.0,0.0,0.0
1,2026_01_NYJ_TEN,TEN,NYJ,Joey Slye,joey slye,K,0,0,0,0,0.0,0.0,0.0
1,2026_01_NYJ_TEN,TEN,NYJ,Amani Hooker,amani hooker,SAF,0,0,0,0,0.0,0.0,0.0
1,2026_01_NYJ_TEN,TEN,NYJ,Jeffery Simmons,jeffery simmons,DT,0,0,0,0,0.0,0.0,0.0
1,2026_01_NYJ_TEN,TEN,NYJ,Cody Barton,cody barton,LB,0,0,0,0,0.0,0.0,0.0
1,2026_01_NYJ_TEN,TEN,NYJ,Tommy Townsend,tommy townsend,P,0,0,0,0,0.0,0.0,0.0
1,2026_01_NYJ_TEN,TEN,NYJ,Jordan Elliott,jordan elliott,DT,0,0,0,0,0.0,0.0,0.0
1,2026_01_NYJ_TEN,TEN,NYJ,Tony Adams,tony adams,SAF,0,0,0,0,0.0,0.0,0.0
1,2026_01_NYJ_TEN,TEN,NYJ,Jermaine Johnson II,jermaine johnson,DE,0,0,0,0,0.0,0.0,0.0
1,2026_01_NYJ_TEN,TEN,NYJ,Cordale Flott,cordale flott,CB,0,0,0,0,0.0,0.0,0.0
1,2026_01_NYJ_TEN,TEN,NYJ,Alontae Taylor,alontae taylor,CB,0,0,0,0,0.0,0.0,0.0
1,2026_01_NYJ_TEN,TEN,NYJ,Mohamoud Diabate,mohamoud diabate,LB,0,0,0,0,0.0,0.0,0.0
1,2026_01_NYJ_TEN,TEN,NYJ,James Williams,james williams,LB,0,0,0,0,0.0,0.0,0.0
1,2026_01_NYJ_TEN,TEN,NYJ,JC Latham,jc latham,OT,0,0,0,0,0.0,50.0,1.0
1,2026_01_NYJ_TEN,TEN,NYJ,Micah Robinson,micah robinson,CB,0,0,0,0,0.0,0.0,0.0
1,2026_01_NYJ_TEN,TEN,NYJ,Nazir Stackhouse,nazir stackhouse,DT,0,0,0,0,0.0,0.0,0.0
1,2026_01_NYJ_TEN,TEN,NYJ,Kevin Winston Jr.,kevin winston,SAF,0,0,0,0,0.0,0.0,0.0
1,2026_01_NYJ_TEN,TEN,NYJ,Marcus Harris,marcus harris,CB,0,0,0,0,0.0,0.0,0.0
1,2026_01_NYJ_TEN,TEN,NYJ,Cam Ward,cam ward,QB,0,0,0,0,0.0,50.0,1.0
1,2026_01_NYJ_TEN,TEN,NYJ,Oluwafemi Oladejo,oluwafemi oladejo,DE,0,0,0,0,0.0,0.0,0.0
1,2026_01_NYJ_TEN,TEN,NYJ,Anthony Hill Jr.,anthony hill,LB,0,0,0,0,0.0,0.0,0.0
1,2026_01_NYJ_TEN,TEN,NYJ,Keldric Faulk,keldric faulk,DE,0,0,0,0,0.0,0.0,0.0
1,2026_01_WAS_PHI,WAS,PHI,Stefon Diggs,stefon diggs,WR,9,4,55,1,0.3103448275862069,44.0,0.63
1,2026_01_WAS_PHI,WAS,PHI,Terry McLaurin,terry mclaurin,WR,4,2,14,0,0.13793103448275862,61.0,0.87
1,2026_01_WAS_PHI,WAS,PHI,Antonio Williams,antonio williams,WR,4,4,64,1,0.13793103448275862,26.0,0.37
1,2026_01_WAS_PHI,WAS,PHI,John Bates,john bates,TE,3,2,13,0,0.10344827586206896,34.0,0.49
1,2026_01_WAS_PHI,WAS,PHI,Chig Okonkwo,chig okonkwo,TE,3,2,16,0,0.10344827586206896,39.0,0.56
1,2026_01_WAS_PHI,WAS,PHI,Dyami Brown,dyami brown,WR,2,0,0,0,0.06896551724137931,37.0,0.53
1,2026_01_WAS_PHI,WAS,PHI,Rachaad White,rachaad white,RB,2,2,5,0,0.06896551724137931,29.0,0.41
1,2026_01_WAS_PHI,WAS,PHI,Jaylin Lane,jaylin lane,WR,1,1,4,0,0.034482758620689655,18.0,0.26
1,2026_01_WAS_PHI,WAS,PHI,Jacory Croskey-Merritt,jacory croskeymerritt,RB,1,1,-7,0,0.034482758620689655,34.0,0.49
1,2026_01_WAS_PHI,WAS,PHI,Tress Way,tress way,P,0,0,0,0,0.0,0.0,0.0
1,2026_01_WAS_PHI,WAS,PHI,Rasul Douglas,rasul douglas,CB,0,0,0,0,0.0,0.0,0.0
1,2026_01_WAS_PHI,WAS,PHI,Frankie Luvu,frankie luvu,LB,0,0,0,0,0.0,0.0,0.0
1,2026_01_WAS_PHI,WAS,PHI,Daron Payne,daron payne,NT,0,0,0,0,0.0,0.0,0.0
1,2026_01_WAS_PHI,WAS,PHI,Tim Settle,tim settle,DT,0,0,0,0,0.0,0.0,0.0
1,2026_01_WAS_PHI,WAS,PHI,Jeremy Reaves,jeremy reaves,DB,0,0,0,0,0.0,0.0,0.0
1,2026_01_WAS_PHI,WAS,PHI,Charles Omenihu,charles omenihu,DE,0,0,0,0,0.0,0.0,0.0
1,2026_01_WAS_PHI,WAS,PHI,Shy Tuttle,shy tuttle,DT,0,0,0,0,0.0,0.0,0.0
1,2026_01_WAS_PHI,WAS,PHI,Javon Kinlaw,javon kinlaw,DT,0,0,0,0,0.0,0.0,0.0
1,2026_01_WAS_PHI,WAS,PHI,K'Lavon Chaisson,klavon chaisson,LB,0,0,0,0,0.0,0.0,0.0
1,2026_01_WAS_PHI,WAS,PHI,Amik Robertson,amik robertson,CB,0,0,0,0,0.0,0.0,0.0
1,2026_01_WAS_PHI,WAS,PHI,Odafe Oweh,odafe oweh,LB,0,0,0,0,0.0,0.0,0.0
1,2026_01_WAS_PHI,WAS,PHI,Nick Cross,nick cross,SAF,0,0,0,0,0.0,0.0,0.0
1,2026_01_WAS_PHI,WAS,PHI,Leo Chenal,leo chenal,LB,0,0,0,0,0.0,0.0,0.0
1,2026_01_WAS_PHI,WAS,PHI,Quan Martin,quan martin,SAF,0,0,0,0,0.0,0.0,0.0
1,2026_01_WAS_PHI,WAS,PHI,Jordan Magee,jordan magee,LB,0,0,0,0,0.0,0.0,0.0
1,2026_01_WAS_PHI,WAS,PHI,Javontae Jean-Baptiste,javontae jeanbaptiste,LB,0,0,0,0,0.0,0.0,0.0
1,2026_01_WAS_PHI,WAS,PHI,Tyler Owens,tyler owens,DB,0,0,0,0,0.0,0.0,0.0
1,2026_01_WAS_PHI,WAS,PHI,Colson Yankoff,colson yankoff,TE,0,0,0,0,0.0,2.0,0.03
1,2026_01_WAS_PHI,WAS,PHI,Mike Sainristil,mike sainristil,CB,0,0,0,0,0.0,0.0,0.0
1,2026_01_WAS_PHI,WAS,PHI,Jayden Daniels,jayden daniels,QB,0,0,0,0,0.0,70.0,1.0
1,2026_01_WAS_PHI,WAS,PHI,Brandon Coleman,brandon coleman,G,0,0,0,0,0.0,70.0,1.0
1,2026_01_WAS_PHI,WAS,PHI,Kain Medrano,kain medrano,LB,0,0,0,0,0.0,0.0,0.0
1,2026_01_WAS_PHI,WAS,PHI,Josh Conerly Jr.,josh conerly,OT,0,0,0,0,0.0,70.0,1.0
1,2026_01_WAS_PHI,WAS,PHI,Sonny Styles,sonny styles,LB,0,0,0,0,0.0,0.0,0.0
1,2026_01_WAS_PHI,WAS,PHI,Kaytron Allen,kaytron allen,RB,0,0,0,0,0.0,7.0,0.1
1,2026_01_WAS_PHI,WAS,PHI,Drew Stevens,drew stevens,K,0,0,0,0,0.0,0.0,0.0
2,2026_02_SEA_ARI,ARI,SEA,Trey McBride,trey mcbride,TE,10,8,41,1,0.38461538461538464,44.0,0.88
2,2026_02_SEA_ARI,ARI,SEA,Michael Wilson,michael wilson,WR,7,2,18,0,0.2692307692307692,47.0,0.94
2,2026_02_SEA_ARI,ARI,SEA,Kendrick Bourne,kendrick bourne,WR,3,2,11,0,0.11538461538461539,30.0,0.6
2,2026_02_SEA_ARI,ARI,SEA,Jeremiyah Love,jeremiyah love,RB,3,3,16,0,0.11538461538461539,20.0,0.4
2,2026_02_SEA_ARI,ARI,SEA,Tyler Allgeier,tyler allgeier,RB,2,2,9,0,0.07692307692307693,32.0,0.64
2,2026_02_SEA_ARI,ARI,SEA,Marvin Harrison Jr.,marvin harrison,WR,1,0,0,0,0.038461538461538464,37.0,0.74
2,2026_02_SEA_ARI,ARI,SEA,Jacoby Brissett,jacoby brissett,QB,0,0,0,0,0.0,50.0,1.0
2,2026_02_SEA_ARI,ARI,SEA,Budda Baker,budda baker,S,0,0,0,0,0.0,0.0,0.0
2,2026_02_SEA_ARI,ARI,SEA,Josh Sweat,josh sweat,LB,0,0,0,0,0.0,0.0,0.0
2,2026_02_SEA_ARI,ARI,SEA,Mack Wilson,mack wilson,LB,0,0,0,0,0.0,0.0,0.0
2,2026_02_SEA_ARI,ARI,SEA,Andrew Wingard,andrew wingard,SAF,0,0,0,0,0.0,0.0,0.0
2,2026_02_SEA_ARI,ARI,SEA,L.J. Collier,lj collier,DE,0,0,0,0,0.0,0.0,0.0
2,2026_02_SEA_ARI,ARI,SEA,Blake Gillikin,blake gillikin,P,0,0,0,0,0.0,0.0,0.0
2,2026_02_SEA_ARI,ARI,SEA,Devin Duvernay,devin duvernay,WR,0,0,0,0,0.0,0.0,0.0
2,2026_02_SEA_ARI,ARI,SEA,Roy Lopez,roy lopez,DT,0,0,0,0,0.0,0.0,0.0
2,2026_02_SEA_ARI,ARI,SEA,Zaven Collins,zaven collins,LB,0,0,0,0,0.0,0.0,0.0
2,2026_02_SEA_ARI,ARI,SEA,Baron Browning,baron browning,LB,0,0,0,0,0.0,0.0,0.0
2,2026_02_SEA_ARI,ARI,SEA,Hunter Long,hunter long,TE,0,0,0,0,0.0,15.0,0.3
2,2026_02_SEA_ARI,ARI,SEA,Bam Knight,bam knight,RB,0,0,0,0,0.0,0.0,0.0
2,2026_02_SEA_ARI,ARI,SEA,Jack Gibbens,jack gibbens,LB,0,0,0,0,0.0,0.0,0.0
2,2026_02_SEA_ARI,ARI,SEA,Chad Ryland,chad ryland,K,0,0,0,0,0.0,0.0,0.0
2,2026_02_SEA_ARI,ARI,SEA,Dante Stills,dante stills,DT,0,0,0,0,0.0,0.0,0.0
2,2026_02_SEA_ARI,ARI,SEA,Jalen Brooks,jalen brooks,WR,0,0,0,0,0.0,2.0,0.04
2,2026_02_SEA_ARI,ARI,SEA,Kei'Trel Clark,keitrel clark,CB,0,0,0,0,0.0,0.0,0.0
2,2026_02_SEA_ARI,ARI,SEA,Elijah Higgins,elijah higgins,TE,0,0,0,0,0.0,13.0,0.26
2,2026_02_SEA_ARI,ARI,SEA,Max Melton,max melton,CB,0,0,0,0,0.0,0.0,0.0
2,2026_02_SEA_ARI,ARI,SEA,Darius Robinson,darius robinson,DL,0,0,0,0,0.0,0.0,0.0
2,2026_02_SEA_ARI,ARI,SEA,Jordan Burch,jordan burch,LB,0,0,0,0,0.0,0.0,0.0
2,2026_02_SEA_ARI,ARI,SEA,Denzel Burke,denzel burke,CB,0,0,0,0,0.0,0.0,0.0
2,2026_02_SEA_ARI,ARI,SEA,Cody Simon,cody simon,LB,0,0,0,0,0.0,0.0,0.0
2,2026_02_SEA_ARI,ARI,SEA,Walter Nolen,walter nolen,DT,0,0,0,0,0.0,0.0,0.0
2,2026_02_SEA_ARI,ARI,SEA,Will Johnson,will johnson,CB,0,0,0,0,0.0,0.0,0.0
2,2026_02_SEA_ARI,ARI,SEA,Karson Sharar,karson sharar,LB,0,0,0,0,0.0,0.0,0.0
2,2026_02_SEA_ARI,ARI,SEA,Wydett Williams Jr.,wydett williams,SAF,0,0,0,0,0.0,0.0,0.0
2,2026_02_CAR_ATL,ATL,CAR,Drake London,drake london,WR,5,4,51,0,0.16129032258064516,43.0,0.62
2,2026_02_CAR_ATL,ATL,CAR,Austin Hooper,austin hooper,TE,4,2,20,0,0.12903225806451613,30.0,0.43
2,2026_02_CAR_ATL,ATL,CAR,Jahan Dotson,jahan dotson,WR,4,2,11,0,0.12903225806451613,52.0,0.75
2,2026_02_CAR_ATL,ATL,CAR,Bijan Robinson,bijan robinson,RB,4,3,9,0,0.12903225806451613,35.0,0.51
2,2026_02_CAR_ATL,ATL,CAR,Olamide Zaccheaus,olamide zaccheaus,WR,3,1,3,0,0.0967741935483871,30.0,0.43
2,2026_02_CAR_ATL,ATL,CAR,Chris Blair,chris blair,WR,3,1,6,0,0.0967741935483871,34.0,0.49
2,2026_02_CAR_ATL,ATL,CAR,Kyle Pitts,kyle pitts,TE,3,1,15,0,0.0967741935483871,26.0,0.38
2,2026_02_CAR_ATL,ATL,CAR,Brian Robinson,brian robinson,RB,2,2,16,0,0.06451612903225806,33.0,0.48
2,2026_02_CAR_ATL,ATL,CAR,Zachariah Branch,zachariah branch,WR,2,2,14,0,0.06451612903225806,14.0,0.2
2,2026_02_CAR_ATL,ATL,CAR,Charlie Woerner,charlie woerner,TE,1,0,0,0,0.03225806451612903,34.0,0.49
2,2026_02_CAR_ATL,ATL,CAR,Nick Folk,nick folk,K,0,0,0,0,0.0,0.0,0.0
2,2026_02_CAR_ATL,ATL,CAR,Jake Matthews,jake matthews,OT,0,0,0,0,0.0,69.0,1.0
2,2026_02_CAR_ATL,ATL,CAR,Za'Darius Smith,zadarius smith,DE,0,0,0,0,0.0,0.0,0.0
2,2026_02_CAR_ATL,ATL,CAR,Cooper Rush,cooper rush,QB,0,0,0,0,0.0,40.0,0.58
2,2026_02_CAR_ATL,ATL,CAR,Samson Ebukam,samson ebukam,DE,0,0,0,0,0.0,0.0,0.0
2,2026_02_CAR_ATL,ATL,CAR,Jessie Bates,jessie bates,FS,0,0,0,0,0.0,0.0,0.0
2,2026_02_CAR_ATL,ATL,CAR,Josh Woods,josh woods,LB,0,0,0,0,0.0,0.0,0.0
2,2026_02_CAR_ATL,ATL,CAR,Mike Hughes,mike hughes,CB,0,0,0,0,0.0,0.0,0.0
2,2026_02_CAR_ATL,ATL,CAR,Jake Bailey,jake bailey,P,0,0,0,0,0.0,0.0,0.0
2,2026_02_CAR_ATL,ATL,CAR,LaCale London,lacale london,DE,0,0,0,0,0.0,0.0,0.0
2,2026_02_CAR_ATL,ATL,CAR,C.J. Henderson,cj henderson,CB,0,0,0,0,0.0,0.0,0.0
2,2026_02_CAR_ATL,ATL,CAR,A.J. Terrell,aj terrell,CB,0,0,0,0,0.0,0.0,0.0
2,2026_02_CAR_ATL,ATL,CAR,Divine Deablo,divine deablo,LB,0,0,0,0,0.0,0.0,0.0
2,2026_02_CAR_ATL,ATL,CAR,Cameron Thomas,cameron thomas,DE,0,0,0,0,0.0,0.0,0.0
2,2026_02_CAR_ATL,ATL,CAR,Christian Harris,christian harris,LB,0,0,0,0,0.0,0.0,0.0
2,2026_02_CAR_ATL,ATL,CAR,Yasir Abdullah,yasir abdullah,LB,0,0,0,0,0.0,0.0,0.0
2,2026_02_CAR_ATL,ATL,CAR,Zach Harrison,zach harrison,DE,0,0,0,0,0.0,0.0,0.0
2,2026_02_CAR_ATL,ATL,CAR,Sydney Brown,sydney brown,SAF,0,0,0,0,0.0,0.0,0.0
2,2026_02_CAR_ATL,ATL,CAR,Gervon Dexter Sr.,gervon dexter,DT,0,0,0,0,0.0,0.0,0.0
2,2026_02_CAR_ATL,ATL,CAR,Michael Jerrell,michael jerrell,OT,0,0,0,0,0.0,26.0,0.38
2,2026_02_CAR_ATL,ATL,CAR,Brandon Dorlus,brandon dorlus,DE,0,0,0,0,0.0,0.0,0.0
2,2026_02_CAR_ATL,ATL,CAR,Maason Smith,maason smith,DT,0,0,0,0,0.0,0.0,0.0
2,2026_02_CAR_ATL,ATL,CAR,Xavier Watts,xavier watts,SAF,0,0,0,0,0.0,0.0,0.0
2,2026_02_CAR_ATL,ATL,CAR,Kendal Daniels,kendal daniels,LB,0,0,0,0,0.0,0.0,0.0
2,2026_02_CAR_ATL,ATL,CAR,Harold Perkins Jr.,harold perkins,LB,0,0,0,0,0.0,0.0,0.0
2,2026_02_CAR_ATL,ATL,CAR,Jack Strand,jack strand,QB,0,0,0,0,0.0,29.0,0.42
2,2026_02_CAR_ATL,ATL,CAR,Avieon Terrell,avieon terrell,CB,0,0,0,0,0.0,0.0,0.0
2,2026_02_NO_BAL,BAL,NO,Rashod Bateman,rashod bateman,WR,9,7,88,1,0.3103448275862069,54.0,0.93
2,2026_02_NO_BAL,BAL,NO,Mark Andrews,mark andrews,TE,7,6,49,0,0.2413793103448276,41.0,0.71
2,2026_02_NO_BAL,BAL,NO,Chris Moore,chris moore,WR,3,1,6,0,0.10344827586206896,32.0,0.55
2,2026_02_NO_BAL,BAL,NO,Derrick Henry,derrick henry,RB,3,3,19,0,0.10344827586206896,31.0,0.53
2,2026_02_NO_BAL,BAL,NO,Justice Hill,justice hill,RB,2,2,12,0,0.06896551724137931,27.0,0.47
2,2026_02_NO_BAL,BAL,NO,Devontez Walker,devontez walker,WR,2,1,47,0,0.06896551724137931,17.0,0.29
2,2026_02_NO_BAL,BAL,NO,LaJohntay Wester,lajohntay wester,WR,2,1,14,0,0.06896551724137931,31.0,0.53
2,2026_02_NO_BAL,BAL,NO,Durham Smythe,durham smythe,TE,1,0,0,0,0.034482758620689655,32.0,0.55
2,2026_02_NO_BAL,BAL,NO,Calais Campbell,calais campbell,DE,0,0,0,0,0.0,0.0,0.0
2,2026_02_NO_BAL,BAL,NO,John Jenkins,john jenkins,DT,0,0,0,0,0.0,0.0,0.0
2,2026_02_NO_BAL,BAL,NO,Marlon Humphrey,marlon humphrey,CB,0,0,0,0,0.0,0.0,0.0
2,2026_02_NO_BAL,BAL,NO,Trey Hendrickson,trey hendrickson,LB,0,0,0,0,0.0,0.0,0.0
2,2026_02_NO_BAL,BAL,NO,Lamar Jackson,lamar jackson,QB,0,0,0,0,0.0,58.0,1.0
2,2026_02_NO_BAL,BAL,NO,Roquan Smith,roquan smith,ILB,0,0,0,0,0.0,0.0,0.0
2,2026_02_NO_BAL,BAL,NO,Broderick Washington,broderick washington,DT,0,0,0,0,0.0,0.0,0.0
2,2026_02_NO_BAL,BAL,NO,Jaylinn Hawkins,jaylinn hawkins,SAF,0,0,0,0,0.0,0.0,0.0
2,2026_02_NO_BAL,BAL,NO,Travis Jones,travis jones,DT,0,0,0,0,0.0,0.0,0.0
2,2026_02_NO_BAL,BAL,NO,Kyle Hamilton,kyle hamilton,SAF,0,0,0,0,0.0,0.0,0.0
2,2026_02_NO_BAL,BAL,NO,Trenton Simpson,trenton simpson,LB,0,0,0,0,0.0,0.0,0.0
2,2026_02_NO_BAL,BAL,NO,Tavius Robinson,tavius robinson,LB,0,0,0,0,0.0,0.0,0.0
2,2026_02_NO_BAL,BAL,NO,Nate Wiggins,nate wiggins,CB,0,0,0,0,0.0,0.0,0.0
2,2026_02_NO_BAL,BAL,NO,Roger Rosengarten,roger rosengarten,OT,0,0,0,0,0.0,58.0,1.0
2,2026_02_NO_BAL,BAL,NO,Rasheen Ali,rasheen ali,RB,0,0,0,0,0.0,0.0,0.0
2,2026_02_NO_BAL,BAL,NO,Tyler Loop,tyler loop,K,0,0,0,0,0.0,0.0,0.0
2,2026_02_NO_BAL,BAL,NO,Jay Higgins,jay higgins,LB,0,0,0,0,0.0,0.0,0.0
2,2026_02_NO_BAL,BAL,NO,Keondre Jackson,keondre jackson,SAF,0,0,0,0,0.0,0.0,0.0
2,2026_02_NO_BAL,BAL,NO,Malaki Starks,malaki starks,SAF,0,0,0,0,0.0,0.0,0.0
2,2026_02_NO_BAL,BAL,NO,Mike Green,mike green,LB,0,0,0,0,0.0,0.0,0.0
2,2026_02_NO_BAL,BAL,NO,Chandler Rivers,chandler rivers,CB,0,0,0,0,0.0,0.0,0.0
2,2026_02_NO_BAL,BAL,NO,Ryan Eckley,ryan eckley,P,0,0,0,0,0.0,0.0,0.0
2,2026_02_NO_BAL,BAL,NO,Ethan Burke,ethan burke,LB,0,0,0,0,0.0,0.0,0.0
2,2026_02_NO_BAL,BAL,NO,Zion Young,zion young,LB,0,0,0,0,0.0,0.0,0.0
2,2026_02_DET_BUF,BUF,DET,Dalton Kincaid,dalton kincaid,TE,8,7,95,1,0.2857142857142857,49.0,0.66
2,2026_02_DET_BUF,BUF,DET,Khalil Shakir,khalil shakir,WR,6,3,38,0,0.21428571428571427,36.0,0.49
2,2026_02_DET_BUF,BUF,DET,Keon Coleman,keon coleman,WR,6,6,63,0,0.21428571428571427,55.0,0.74
2,2026_02_DET_BUF,BUF,DET,Josh Palmer,josh palmer,WR,3,1,43,1,0.10714285714285714,28.0,0.38
2,2026_02_DET_BUF,BUF,DET,James Cook,james cook,RB,3,1,4,0,0.10714285714285714,55.0,0.74
2,2026_02_DET_BUF,BUF,DET,Dawson Knox,dawson knox,TE,2,2,5,1,0.07142857142857142,56.0,0.76
2,2026_02_DET_BUF,BUF,DET,DJ Moore,dj moore,WR,0,0,0,0,0.0,23.0,0.31
2,2026_02_DET_BUF,BUF,DET,Bradley Chubb,bradley chubb,OLB,0,0,0,0,0.0,0.0,0.0
2,2026_02_DET_BUF,BUF,DET,Josh Allen,josh allen,QB,0,0,0,0,0.0,74.0,1.0
2,2026_02_DET_BUF,BUF,DET,C.J. Gardner-Johnson,cj gardnerjohnson,SAF,0,0,0,0,0.0,0.0,0.0
2,2026_02_DET_BUF,BUF,DET,Greg Dortch,greg dortch,WR,0,0,0,0,0.0,4.0,0.05
2,2026_02_DET_BUF,BUF,DET,Greg Gaines,greg gaines,DT,0,0,0,0,0.0,0.0,0.0
2,2026_02_DET_BUF,BUF,DET,Michael Hoecht,michael hoecht,LB,0,0,0,0,0.0,0.0,0.0
2,2026_02_DET_BUF,BUF,DET,Sam Franklin Jr.,sam franklin,SAF,0,0,0,0,0.0,0.0,0.0
2,2026_02_DET_BUF,BUF,DET,Tyler Bass,tyler bass,K,0,0,0,0,0.0,0.0,0.0
2,2026_02_DET_BUF,BUF,DET,Michael Danna,michael danna,LB,0,0,0,0,0.0,0.0,0.0
2,2026_02_DET_BUF,BUF,DET,Damar Hamlin,damar hamlin,SAF,0,0,0,0,0.0,0.0,0.0
2,2026_02_DET_BUF,BUF,DET,Greg Rousseau,greg rousseau,LB,0,0,0,0,0.0,0.0,0.0
2,2026_02_DET_BUF,BUF,DET,Spencer Brown,spencer brown,OT,0,0,0,0,0.0,74.0,1.0
2,2026_02_DET_BUF,BUF,DET,Dee Alford,dee alford,CB,0,0,0,0,0.0,0.0,0.0
2,2026_02_DET_BUF,BUF,DET,Terrel Bernard,terrel bernard,LB,0,0,0,0,0.0,0.0,0.0
2,2026_02_DET_BUF,BUF,DET,Christian Benford,christian benford,CB,0,0,0,0,0.0,0.0,0.0
2,2026_02_DET_BUF,BUF,DET,Dorian Williams,dorian williams,LB,0,0,0,0,0.0,0.0,0.0
2,2026_02_DET_BUF,BUF,DET,Cole Bishop,cole bishop,SAF,0,0,0,0,0.0,0.0,0.0
2,2026_02_DET_BUF,BUF,DET,DeWayne Carter,dewayne carter,DT,0,0,0,0,0.0,0.0,0.0
2,2026_02_DET_BUF,BUF,DET,Ray Davis,ray davis,RB,0,0,0,0,0.0,10.0,0.14
2,2026_02_DET_BUF,BUF,DET,Javon Solomon,javon solomon,LB,0,0,0,0,0.0,0.0,0.0
2,2026_02_DET_BUF,BUF,DET,Landon Jackson,landon jackson,DE,0,0,0,0,0.0,0.0,0.0
2,2026_02_DET_BUF,BUF,DET,Jordan Hancock,jordan hancock,CB,0,0,0,0,0.0,0.0,0.0
2,2026_02_DET_BUF,BUF,DET,Keleki Latu,keleki latu,TE,0,0,0,0,0.0,6.0,0.08
2,2026_02_DET_BUF,BUF,DET,Maxwell Hairston,maxwell hairston,CB,0,0,0,0,0.0,0.0,0.0
2,2026_02_DET_BUF,BUF,DET,Deone Walker,deone walker,DT,0,0,0,0,0.0,0.0,0.0
2,2026_02_DET_BUF,BUF,DET,TJ Parker,tj parker,LB,0,0,0,0,0.0,0.0,0.0
2,2026_02_DET_BUF,BUF,DET,Tommy Doman Jr.,tommy doman,P,0,0,0,0,0.0,0.0,0.0
2,2026_02_DET_BUF,BUF,DET,Davison Igbinosun,davison igbinosun,CB,0,0,0,0,0.0,0.0,0.0
2,2026_02_DET_BUF,BUF,DET,Kaleb Elarms-Orr,kaleb elarmsorr,LB,0,0,0,0,0.0,0.0,0.0
2,2026_02_DET_BUF,BUF,DET,,nan,,0,0,0,0,0.0,0.0,0.0
2,2026_02_CAR_ATL,CAR,ATL,Tetairoa McMillan,tetairoa mcmillan,WR,10,5,101,0,0.3125,53.0,0.8
2,2026_02_CAR_ATL,CAR,ATL,Jalen Coker,jalen coker,WR,9,8,66,0,0.28125,50.0,0.76
2,2026_02_CAR_ATL,CAR,ATL,Xavier Legette,xavier legette,WR,4,2,64,0,0.125,33.0,0.5
2,2026_02_CAR_ATL,CAR,ATL,Darren Waller,darren waller,TE,3,3,33,2,0.09375,29.0,0.44
2,2026_02_CAR_ATL,CAR,ATL,Chuba Hubbard,chuba hubbard,RB,2,2,11,1,0.0625,43.0,0.65
2,2026_02_CAR_ATL,CAR,ATL,Tommy Tremble,tommy tremble,TE,2,1,4,0,0.0625,37.0,0.56
2,2026_02_CAR_ATL,CAR,ATL,Jonathon Brooks,jonathon brooks,RB,1,1,-5,0,0.03125,20.0,0.3
2,2026_02_CAR_ATL,CAR,ATL,Mitchell Evans,mitchell evans,TE,1,1,13,0,0.03125,38.0,0.58
2,2026_02_CAR_ATL,CAR,ATL,Sam Martin,sam martin,P,0,0,0,0,0.0,0.0,0.0
2,2026_02_CAR_ATL,CAR,ATL,Mike Jackson,mike jackson,CB,0,0,0,0,0.0,0.0,0.0
2,2026_02_CAR_ATL,CAR,ATL,Nick Scott,nick scott,SAF,0,0,0,0,0.0,0.0,0.0
2,2026_02_CAR_ATL,CAR,ATL,Bobby Okereke,bobby okereke,ILB,0,0,0,0,0.0,0.0,0.0
2,2026_02_CAR_ATL,CAR,ATL,Derrick Brown,derrick brown,DT,0,0,0,0,0.0,0.0,0.0
2,2026_02_CAR_ATL,CAR,ATL,AJ Dillon,aj dillon,RB,0,0,0,0,0.0,4.0,0.06
2,2026_02_CAR_ATL,CAR,ATL,Trevis Gipson,trevis gipson,LB,0,0,0,0,0.0,0.0,0.0
2,2026_02_CAR_ATL,CAR,ATL,Robert Hunt,robert hunt,G,0,0,0,0,0.0,65.0,0.98
2,2026_02_CAR_ATL,CAR,ATL,Feleipe Franks,feleipe franks,TE,0,0,0,0,0.0,4.0,0.06
2,2026_02_CAR_ATL,CAR,ATL,Jaelan Phillips,jaelan phillips,LB,0,0,0,0,0.0,0.0,0.0
2,2026_02_CAR_ATL,CAR,ATL,Jaycee Horn,jaycee horn,CB,0,0,0,0,0.0,0.0,0.0
2,2026_02_CAR_ATL,CAR,ATL,Tre'von Moehrig,trevon moehrig,SAF,0,0,0,0,0.0,0.0,0.0
2,2026_02_CAR_ATL,CAR,ATL,Jeremiah Moon,jeremiah moon,LB,0,0,0,0,0.0,0.0,0.0
2,2026_02_CAR_ATL,CAR,ATL,Rasheed Walker,rasheed walker,OT,0,0,0,0,0.0,62.0,0.94
2,2026_02_CAR_ATL,CAR,ATL,Devin Lloyd,devin lloyd,LB,0,0,0,0,0.0,0.0,0.0
2,2026_02_CAR_ATL,CAR,ATL,John Metchie III,john metchie,WR,0,0,0,0,0.0,7.0,0.11
2,2026_02_CAR_ATL,CAR,ATL,Luke Fortner,luke fortner,C,0,0,0,0,0.0,62.0,0.94
2,2026_02_CAR_ATL,CAR,ATL,Akayleb Evans,akayleb evans,CB,0,0,0,0,0.0,0.0,0.0
2,2026_02_CAR_ATL,CAR,ATL,Kenny Pickett,kenny pickett,QB,0,0,0,0,0.0,4.0,0.06
2,2026_02_CAR_ATL,CAR,ATL,Thomas Incoom,thomas incoom,LB,0,0,0,0,0.0,0.0,0.0
2,2026_02_CAR_ATL,CAR,ATL,Brycen Tremayne,brycen tremayne,WR,0,0,0,0,0.0,11.0,0.17
2,2026_02_CAR_ATL,CAR,ATL,Bryce Young,bryce young,QB,0,0,0,0,0.0,62.0,0.94
2,2026_02_CAR_ATL,CAR,ATL,Princely Umanmielen,princely umanmielen,LB,0,0,0,0,0.0,0.0,0.0
2,2026_02_CAR_ATL,CAR,ATL,Lathan Ransom,lathan ransom,SAF,0,0,0,0,0.0,0.0,0.0
2,2026_02_CAR_ATL,CAR,ATL,Cam Jackson,cam jackson,DT,0,0,0,0,0.0,0.0,0.0
2,2026_02_CAR_ATL,CAR,ATL,Ryan Fitzgerald,ryan fitzgerald,K,0,0,0,0,0.0,0.0,0.0
2,2026_02_CAR_ATL,CAR,ATL,TeRah Edwards,terah edwards,DT,0,0,0,0,0.0,0.0,0.0
2,2026_02_CAR_ATL,CAR,ATL,Will Lee III,will lee,CB,0,0,0,0,0.0,0.0,0.0
2,2026_02_CAR_ATL,CAR,ATL,Zakee Wheatley,zakee wheatley,SAF,0,0,0,0,0.0,0.0,0.0
2,2026_02_CAR_ATL,CAR,ATL,Aaron Hall,aaron hall,DT,0,0,0,0,0.0,0.0,0.0
2,2026_02_MIN_CHI,CHI,MIN,Luther Burden III,luther burden,WR,7,3,32,0,0.23333333333333334,42.0,0.57
2,2026_02_MIN_CHI,CHI,MIN,Kalif Raymond,kalif raymond,WR,5,5,40,0,0.16666666666666666,46.0,0.62
2,2026_02_MIN_CHI,CHI,MIN,D'Andre Swift,dandre swift,RB,5,5,54,0,0.16666666666666666,50.0,0.68
2,2026_02_MIN_CHI,CHI,MIN,Rome Odunze,rome odunze,WR,4,3,43,0,0.13333333333333333,62.0,0.84
2,2026_02_MIN_CHI,CHI,MIN,Colston Loveland,colston loveland,TE,3,1,3,0,0.1,64.0,0.86
2,2026_02_MIN_CHI,CHI,MIN,Sam Roush,sam roush,TE,3,1,9,0,0.1,20.0,0.27
2,2026_02_MIN_CHI,CHI,MIN,Kyle Monangai,kyle monangai,RB,2,2,11,0,0.06666666666666667,25.0,0.34
2,2026_02_MIN_CHI,CHI,MIN,Cole Kmet,cole kmet,TE,1,0,0,0,0.03333333333333333,51.0,0.69
2,2026_02_MIN_CHI,CHI,MIN,Cairo Santos,cairo santos,K,0,0,0,0,0.0,0.0,0.0
2,2026_02_MIN_CHI,CHI,MIN,Grady Jarrett,grady jarrett,DT,0,0,0,0,0.0,0.0,0.0
2,2026_02_MIN_CHI,CHI,MIN,Xavier Woods,xavier woods,FS,0,0,0,0,0.0,0.0,0.0
2,2026_02_MIN_CHI,CHI,MIN,Kentavius Street,kentavius street,DE,0,0,0,0,0.0,0.0,0.0
2,2026_02_MIN_CHI,CHI,MIN,Cam Lewis,cam lewis,CB,0,0,0,0,0.0,0.0,0.0
2,2026_02_MIN_CHI,CHI,MIN,T.J. Edwards,tj edwards,LB,0,0,0,0,0.0,0.0,0.0
2,2026_02_MIN_CHI,CHI,MIN,Devin Bush,devin bush,LB,0,0,0,0,0.0,0.0,0.0
2,2026_02_MIN_CHI,CHI,MIN,Garrett Bradbury,garrett bradbury,C,0,0,0,0,0.0,74.0,1.0
2,2026_02_MIN_CHI,CHI,MIN,Montez Sweat,montez sweat,DE,0,0,0,0,0.0,0.0,0.0
2,2026_02_MIN_CHI,CHI,MIN,Jaylon Johnson,jaylon johnson,CB,0,0,0,0,0.0,0.0,0.0
2,2026_02_MIN_CHI,CHI,MIN,James Lynch,james lynch,DT,0,0,0,0,0.0,0.0,0.0
2,2026_02_MIN_CHI,CHI,MIN,Neville Gallimore,neville gallimore,DT,0,0,0,0,0.0,0.0,0.0
2,2026_02_MIN_CHI,CHI,MIN,Dayo Odeyingbo,dayo odeyingbo,DE,0,0,0,0,0.0,0.0,0.0
2,2026_02_MIN_CHI,CHI,MIN,Braxton Jones,braxton jones,OT,0,0,0,0,0.0,55.0,0.74
2,2026_02_MIN_CHI,CHI,MIN,Elijah Hicks,elijah hicks,SAF,0,0,0,0,0.0,0.0,0.0
2,2026_02_MIN_CHI,CHI,MIN,Jack Sanborn,jack sanborn,LB,0,0,0,0,0.0,0.0,0.0
2,2026_02_MIN_CHI,CHI,MIN,D'Marco Jackson,dmarco jackson,LB,0,0,0,0,0.0,0.0,0.0
2,2026_02_MIN_CHI,CHI,MIN,Tyson Bagent,tyson bagent,QB,0,0,0,0,0.0,10.0,0.14
2,2026_02_MIN_CHI,CHI,MIN,Tyrique Stevenson,tyrique stevenson,CB,0,0,0,0,0.0,0.0,0.0
2,2026_02_MIN_CHI,CHI,MIN,Tory Taylor,tory taylor,P,0,0,0,0,0.0,0.0,0.0
2,2026_02_MIN_CHI,CHI,MIN,Austin Booker,austin booker,DE,0,0,0,0,0.0,0.0,0.0
2,2026_02_MIN_CHI,CHI,MIN,Caleb Williams,caleb williams,QB,0,0,0,0,0.0,64.0,0.86
2,2026_02_MIN_CHI,CHI,MIN,Zavion Thomas,zavion thomas,WR,0,0,0,0,0.0,2.0,0.03
2,2026_02_MIN_CHI,CHI,MIN,Malik Muhammad,malik muhammad,CB,0,0,0,0,0.0,0.0,0.0
2,2026_02_MIN_CHI,CHI,MIN,Jordan van den Berg,jordan van den berg,DT,0,0,0,0,0.0,0.0,0.0
2,2026_02_MIN_CHI,CHI,MIN,Skyler Thomas,skyler thomas,SAF,0,0,0,0,0.0,0.0,0.0
2,2026_02_MIN_CHI,CHI,MIN,Dillon Thieneman,dillon thieneman,SAF,0,0,0,0,0.0,0.0,0.0
2,2026_02_CIN_HOU,CIN,HOU,Tee Higgins,tee higgins,WR,10,5,95,0,0.3225806451612903,43.0,0.72
2,2026_02_CIN_HOU,CIN,HOU,Ja'Marr Chase,jamarr chase,WR,9,7,75,2,0.2903225806451613,53.0,0.88
2,2026_02_CIN_HOU,CIN,HOU,Chase Brown,chase brown,RB,5,3,2,0,0.16129032258064516,42.0,0.7
2,2026_02_CIN_HOU,CIN,HOU,Erick All,erick all,TE,3,2,5,0,0.0967741935483871,25.0,0.42
2,2026_02_CIN_HOU,CIN,HOU,Samaje Perine,samaje perine,RB,1,1,16,0,0.03225806451612903,24.0,0.4
2,2026_02_CIN_HOU,CIN,HOU,Andrei Iosivas,andrei iosivas,WR,1,1,7,0,0.03225806451612903,32.0,0.53
2,2026_02_CIN_HOU,CIN,HOU,Dohnte Meyers,dohnte meyers,WR,1,0,0,0,0.03225806451612903,11.0,0.18
2,2026_02_CIN_HOU,CIN,HOU,Colbie Young,colbie young,WR,1,1,7,0,0.03225806451612903,10.0,0.17
2,2026_02_CIN_HOU,CIN,HOU,Ted Karras,ted karras,C,0,0,0,0,0.0,60.0,1.0
2,2026_02_CIN_HOU,CIN,HOU,Jonathan Allen,jonathan allen,DT,0,0,0,0,0.0,0.0,0.0
2,2026_02_CIN_HOU,CIN,HOU,Jalen Davis,jalen davis,CB,0,0,0,0,0.0,0.0,0.0
2,2026_02_CIN_HOU,CIN,HOU,Orlando Brown,orlando brown,OT,0,0,0,0,0.0,60.0,1.0
2,2026_02_CIN_HOU,CIN,HOU,Oren Burks,oren burks,ILB,0,0,0,0,0.0,0.0,0.0
2,2026_02_CIN_HOU,CIN,HOU,Joe Giles-Harris,joe gilesharris,LB,0,0,0,0,0.0,0.0,0.0
2,2026_02_CIN_HOU,CIN,HOU,Dexter Lawrence,dexter lawrence,DT,0,0,0,0,0.0,0.0,0.0
2,2026_02_CIN_HOU,CIN,HOU,Dalton Risner,dalton risner,G,0,0,0,0,0.0,60.0,1.0
2,2026_02_CIN_HOU,CIN,HOU,Kyle Dugger,kyle dugger,SAF,0,0,0,0,0.0,0.0,0.0
2,2026_02_CIN_HOU,CIN,HOU,Joe Burrow,joe burrow,QB,0,0,0,0,0.0,60.0,1.0
2,2026_02_CIN_HOU,CIN,HOU,Tedarrell Slaton,tedarrell slaton,DT,0,0,0,0,0.0,0.0,0.0
2,2026_02_CIN_HOU,CIN,HOU,Evan McPherson,evan mcpherson,K,0,0,0,0,0.0,0.0,0.0
2,2026_02_CIN_HOU,CIN,HOU,Bryan Cook,bryan cook,SAF,0,0,0,0,0.0,0.0,0.0
2,2026_02_CIN_HOU,CIN,HOU,Daxton Hill,daxton hill,DB,0,0,0,0,0.0,0.0,0.0
2,2026_02_CIN_HOU,CIN,HOU,Boye Mafe,boye mafe,DE,0,0,0,0,0.0,0.0,0.0
2,2026_02_CIN_HOU,CIN,HOU,Myles Murphy,myles murphy,DE,0,0,0,0,0.0,0.0,0.0
2,2026_02_CIN_HOU,CIN,HOU,DJ Turner II,dj turner,CB,0,0,0,0,0.0,0.0,0.0
2,2026_02_CIN_HOU,CIN,HOU,Jordan Battle,jordan battle,SAF,0,0,0,0,0.0,0.0,0.0
2,2026_02_CIN_HOU,CIN,HOU,D.J. Ivey,dj ivey,CB,0,0,0,0,0.0,0.0,0.0
2,2026_02_CIN_HOU,CIN,HOU,Ryan Rehkow,ryan rehkow,P,0,0,0,0,0.0,0.0,0.0
2,2026_02_CIN_HOU,CIN,HOU,PJ Jules,pj jules,SAF,0,0,0,0,0.0,0.0,0.0
2,2026_02_CIN_HOU,CIN,HOU,Cedric Johnson,cedric johnson,DE,0,0,0,0,0.0,0.0,0.0
2,2026_02_CIN_HOU,CIN,HOU,Kris Jenkins,kris jenkins,DT,0,0,0,0,0.0,0.0,0.0
2,2026_02_CIN_HOU,CIN,HOU,Dylan Fairchild,dylan fairchild,G,0,0,0,0,0.0,60.0,1.0
2,2026_02_CIN_HOU,CIN,HOU,Barrett Carter,barrett carter,LB,0,0,0,0,0.0,0.0,0.0
2,2026_02_CIN_HOU,CIN,HOU,Demetrius Knight Jr.,demetrius knight,LB,0,0,0,0,0.0,0.0,0.0
2,2026_02_CIN_HOU,CIN,HOU,Shemar Stewart,shemar stewart,DE,0,0,0,0,0.0,0.0,0.0
2,2026_02_CIN_HOU,CIN,HOU,Tacario Davis,tacario davis,CB,0,0,0,0,0.0,0.0,0.0
2,2026_02_CIN_HOU,CIN,HOU,Cashius Howell,cashius howell,DE,0,0,0,0,0.0,0.0,0.0
2,2026_02_CLE_TB,CLE,TB,Denzel Boston,denzel boston,WR,7,5,95,1,0.23333333333333334,54.0,0.93
2,2026_02_CLE_TB,CLE,TB,Harold Fannin Jr.,harold fannin,TE,6,5,54,0,0.2,50.0,0.86
2,2026_02_CLE_TB,CLE,TB,KC Concepcion,kc concepcion,WR,6,6,28,0,0.2,38.0,0.66
2,2026_02_CLE_TB,CLE,TB,Quinshon Judkins,quinshon judkins,RB,5,5,27,0,0.16666666666666666,39.0,0.67
2,2026_02_CLE_TB,CLE,TB,Blake Whiteheart,blake whiteheart,TE,2,1,17,1,0.06666666666666667,27.0,0.47
2,2026_02_CLE_TB,CLE,TB,Jerry Jeudy,jerry jeudy,WR,1,0,0,0,0.03333333333333333,34.0,0.59
2,2026_02_CLE_TB,CLE,TB,Jaleel McLaughlin,jaleel mclaughlin,RB,1,0,0,0,0.03333333333333333,8.0,0.14
2,2026_02_CLE_TB,CLE,TB,Raheim Sanders,raheim sanders,RB,1,1,7,0,0.03333333333333333,11.0,0.19
2,2026_02_CLE_TB,CLE,TB,Isaiah Bond,isaiah bond,WR,1,1,10,0,0.03333333333333333,4.0,0.07
2,2026_02_CLE_TB,CLE,TB,Maliek Collins,maliek collins,DT,0,0,0,0,0.0,0.0,0.0
2,2026_02_CLE_TB,CLE,TB,Deshaun Watson,deshaun watson,QB,0,0,0,0,0.0,58.0,1.0
2,2026_02_CLE_TB,CLE,TB,Derek Barnett,derek barnett,DE,0,0,0,0,0.0,0.0,0.0
2,2026_02_CLE_TB,CLE,TB,Corey Bojorquez,corey bojorquez,P,0,0,0,0,0.0,0.0,0.0
2,2026_02_CLE_TB,CLE,TB,Denzel Ward,denzel ward,CB,0,0,0,0,0.0,0.0,0.0
2,2026_02_CLE_TB,CLE,TB,Tytus Howard,tytus howard,OT,0,0,0,0,0.0,56.0,0.97
2,2026_02_CLE_TB,CLE,TB,Quincy Williams,quincy williams,LB,0,0,0,0,0.0,0.0,0.0
2,2026_02_CLE_TB,CLE,TB,Grant Delpit,grant delpit,SAF,0,0,0,0,0.0,0.0,0.0
2,2026_02_CLE_TB,CLE,TB,Noah Igbinoghene,noah igbinoghene,CB,0,0,0,0,0.0,0.0,0.0
2,2026_02_CLE_TB,CLE,TB,Tyson Campbell,tyson campbell,CB,0,0,0,0,0.0,0.0,0.0
2,2026_02_CLE_TB,CLE,TB,Sam Williams,sam williams,DE,0,0,0,0,0.0,0.0,0.0
2,2026_02_CLE_TB,CLE,TB,Andre Szmyt,andre szmyt,K,0,0,0,0,0.0,0.0,0.0
2,2026_02_CLE_TB,CLE,TB,Mekhi Blackmon,mekhi blackmon,DB,0,0,0,0,0.0,0.0,0.0
2,2026_02_CLE_TB,CLE,TB,Isaiah McGuire,isaiah mcguire,DE,0,0,0,0,0.0,0.0,0.0
2,2026_02_CLE_TB,CLE,TB,Ronnie Hickman Jr.,ronnie hickman,SAF,0,0,0,0,0.0,0.0,0.0
2,2026_02_CLE_TB,CLE,TB,Nathaniel Watson,nathaniel watson,LB,0,0,0,0,0.0,0.0,0.0
2,2026_02_CLE_TB,CLE,TB,Myles Harden,myles harden,CB,0,0,0,0,0.0,0.0,0.0
2,2026_02_CLE_TB,CLE,TB,Winston Reid,winston reid,LB,0,0,0,0,0.0,0.0,0.0
2,2026_02_CLE_TB,CLE,TB,Jared Verse,jared verse,DE,0,0,0,0,0.0,0.0,0.0
2,2026_02_CLE_TB,CLE,TB,Malachi Corley,malachi corley,WR,0,0,0,0,0.0,0.0,0.0
2,2026_02_CLE_TB,CLE,TB,Adin Huntington,adin huntington,DE,0,0,0,0,0.0,0.0,0.0
2,2026_02_CLE_TB,CLE,TB,Donovan McMillon,donovan mcmillon,SAF,0,0,0,0,0.0,0.0,0.0
2,2026_02_CLE_TB,CLE,TB,Carson Schwesinger,carson schwesinger,LB,0,0,0,0,0.0,0.0,0.0
2,2026_02_CLE_TB,CLE,TB,Mason Graham,mason graham,DT,0,0,0,0,0.0,0.0,0.0
2,2026_02_CLE_TB,CLE,TB,Austin Barber,austin barber,OT,0,0,0,0,0.0,58.0,1.0
2,2026_02_CLE_TB,CLE,TB,Emmanuel McNeil-Warren,emmanuel mcneilwarren,SAF,0,0,0,0,0.0,0.0,0.0
2,2026_02_WAS_DAL,DAL,WAS,CeeDee Lamb,ceedee lamb,WR,9,8,153,2,0.2903225806451613,41.0,0.75
2,2026_02_WAS_DAL,DAL,WAS,George Pickens,george pickens,WR,8,6,40,0,0.25806451612903225,42.0,0.76
2,2026_02_WAS_DAL,DAL,WAS,Ryan Flournoy,ryan flournoy,WR,6,5,23,0,0.1935483870967742,42.0,0.76
2,2026_02_WAS_DAL,DAL,WAS,Javonte Williams,javonte williams,RB,4,3,20,0,0.12903225806451613,44.0,0.8
2,2026_02_WAS_DAL,DAL,WAS,Jake Ferguson,jake ferguson,TE,4,4,43,2,0.12903225806451613,33.0,0.6
2,2026_02_WAS_DAL,DAL,WAS,Von Miller,von miller,OLB,0,0,0,0,0.0,0.0,0.0
2,2026_02_WAS_DAL,DAL,WAS,Bryan Anger,bryan anger,P,0,0,0,0,0.0,0.0,0.0
2,2026_02_WAS_DAL,DAL,WAS,Dak Prescott,dak prescott,QB,0,0,0,0,0.0,55.0,1.0
2,2026_02_WAS_DAL,DAL,WAS,Jonathan Bullard,jonathan bullard,DE,0,0,0,0,0.0,0.0,0.0
2,2026_02_WAS_DAL,DAL,WAS,Kenny Clark,kenny clark,NT,0,0,0,0,0.0,0.0,0.0
2,2026_02_WAS_DAL,DAL,WAS,Rashan Gary,rashan gary,LB,0,0,0,0,0.0,0.0,0.0
2,2026_02_WAS_DAL,DAL,WAS,P.J. Locke,pj locke,DB,0,0,0,0,0.0,0.0,0.0
2,2026_02_WAS_DAL,DAL,WAS,Jalen Thompson,jalen thompson,DB,0,0,0,0,0.0,0.0,0.0
2,2026_02_WAS_DAL,DAL,WAS,Quinnen Williams,quinnen williams,DT,0,0,0,0,0.0,0.0,0.0
2,2026_02_WAS_DAL,DAL,WAS,Curtis Robinson,curtis robinson,LB,0,0,0,0,0.0,0.0,0.0
2,2026_02_WAS_DAL,DAL,WAS,Otito Ogbonnia,otito ogbonnia,DT,0,0,0,0,0.0,0.0,0.0
2,2026_02_WAS_DAL,DAL,WAS,DaRon Bland,daron bland,CB,0,0,0,0,0.0,0.0,0.0
2,2026_02_WAS_DAL,DAL,WAS,Markquese Bell,markquese bell,SAF,0,0,0,0,0.0,0.0,0.0
2,2026_02_WAS_DAL,DAL,WAS,Brandon Aubrey,brandon aubrey,K,0,0,0,0,0.0,0.0,0.0
2,2026_02_WAS_DAL,DAL,WAS,KaVontae Turpin,kavontae turpin,WR,0,0,0,0,0.0,5.0,0.09
2,2026_02_WAS_DAL,DAL,WAS,Cobie Durant,cobie durant,CB,0,0,0,0,0.0,0.0,0.0
2,2026_02_WAS_DAL,DAL,WAS,Dee Winters,dee winters,LB,0,0,0,0,0.0,0.0,0.0
2,2026_02_WAS_DAL,DAL,WAS,Emari Demercado,emari demercado,RB,0,0,0,0,0.0,9.0,0.16
2,2026_02_WAS_DAL,DAL,WAS,Hunter Luepke,hunter luepke,RB,0,0,0,0,0.0,10.0,0.18
2,2026_02_WAS_DAL,DAL,WAS,Tyrus Wheat,tyrus wheat,LB,0,0,0,0,0.0,0.0,0.0
2,2026_02_WAS_DAL,DAL,WAS,Brevyn Spann-Ford,brevyn spannford,TE,0,0,0,0,0.0,21.0,0.38
2,2026_02_WAS_DAL,DAL,WAS,Shavon Revel Jr.,shavon revel,CB,0,0,0,0,0.0,0.0,0.0
2,2026_02_WAS_DAL,DAL,WAS,Shemar James,shemar james,LB,0,0,0,0,0.0,0.0,0.0
2,2026_02_WAS_DAL,DAL,WAS,Alijah Clark,alijah clark,DB,0,0,0,0,0.0,0.0,0.0
2,2026_02_WAS_DAL,DAL,WAS,Donovan Ezeiruaku,donovan ezeiruaku,LB,0,0,0,0,0.0,0.0,0.0
2,2026_02_WAS_DAL,DAL,WAS,Caleb Downs,caleb downs,SAF,0,0,0,0,0.0,0.0,0.0
2,2026_02_WAS_DAL,DAL,WAS,Jaishawn Barham,jaishawn barham,LB,0,0,0,0,0.0,0.0,0.0
2,2026_02_WAS_DAL,DAL,WAS,LT Overton,lt overton,DT,0,0,0,0,0.0,0.0,0.0
2,2026_02_WAS_DAL,DAL,WAS,Malachi Lawrence,malachi lawrence,LB,0,0,0,0,0.0,0.0,0.0
2,2026_02_JAX_DEN,DEN,JAX,Jaylen Waddle,jaylen waddle,WR,10,8,138,0,0.3448275862068966,38.0,0.61
2,2026_02_JAX_DEN,DEN,JAX,Courtland Sutton,courtland sutton,WR,4,3,25,0,0.13793103448275862,45.0,0.73
2,2026_02_JAX_DEN,DEN,JAX,Tyler Badie,tyler badie,RB,3,2,28,0,0.10344827586206896,16.0,0.26
2,2026_02_JAX_DEN,DEN,JAX,Nate Adkins,nate adkins,TE,3,3,32,1,0.10344827586206896,23.0,0.37
2,2026_02_JAX_DEN,DEN,JAX,Jonah Coleman,jonah coleman,RB,3,3,19,0,0.10344827586206896,25.0,0.4
2,2026_02_JAX_DEN,DEN,JAX,Troy Franklin,troy franklin,WR,2,1,27,0,0.06896551724137931,13.0,0.21
2,2026_02_JAX_DEN,DEN,JAX,Evan Engram,evan engram,TE,1,1,17,0,0.034482758620689655,32.0,0.52
2,2026_02_JAX_DEN,DEN,JAX,Lil'Jordan Humphrey,liljordan humphrey,WR,1,0,0,0,0.034482758620689655,3.0,0.05
2,2026_02_JAX_DEN,DEN,JAX,Adam Prentice,adam prentice,FB,1,1,2,0,0.034482758620689655,8.0,0.13
2,2026_02_JAX_DEN,DEN,JAX,Pat Bryant,pat bryant,WR,1,0,0,0,0.034482758620689655,41.0,0.66
2,2026_02_JAX_DEN,DEN,JAX,Alex Singleton,alex singleton,LB,0,0,0,0,0.0,0.0,0.0
2,2026_02_JAX_DEN,DEN,JAX,Wil Lutz,wil lutz,K,0,0,0,0,0.0,0.0,0.0
2,2026_02_JAX_DEN,DEN,JAX,D.J. Jones,dj jones,DT,0,0,0,0,0.0,0.0,0.0
2,2026_02_JAX_DEN,DEN,JAX,Mike McGlinchey,mike mcglinchey,OT,0,0,0,0,0.0,62.0,1.0
2,2026_02_JAX_DEN,DEN,JAX,Zach Allen,zach allen,DE,0,0,0,0,0.0,0.0,0.0
2,2026_02_JAX_DEN,DEN,JAX,Malcolm Roach,malcolm roach,DT,0,0,0,0,0.0,0.0,0.0
2,2026_02_JAX_DEN,DEN,JAX,J.K. Dobbins,jk dobbins,RB,0,0,0,0,0.0,21.0,0.34
2,2026_02_JAX_DEN,DEN,JAX,Brandon Jones,brandon jones,SAF,0,0,0,0,0.0,0.0,0.0
2,2026_02_JAX_DEN,DEN,JAX,Justin Strnad,justin strnad,LB,0,0,0,0,0.0,0.0,0.0
2,2026_02_JAX_DEN,DEN,JAX,Talanoa Hufanga,talanoa hufanga,SAF,0,0,0,0,0.0,3.0,0.05
2,2026_02_JAX_DEN,DEN,JAX,Devon Key,devon key,SAF,0,0,0,0,0.0,0.0,0.0
2,2026_02_JAX_DEN,DEN,JAX,Pat Surtain II,pat surtain,CB,0,0,0,0,0.0,0.0,0.0
2,2026_02_JAX_DEN,DEN,JAX,Nik Bonitto,nik bonitto,LB,0,0,0,0,0.0,0.0,0.0
2,2026_02_JAX_DEN,DEN,JAX,Ja'Quan McMillian,jaquan mcmillian,CB,0,0,0,0,0.0,0.0,0.0
2,2026_02_JAX_DEN,DEN,JAX,Tycen Anderson,tycen anderson,SAF,0,0,0,0,0.0,0.0,0.0
2,2026_02_JAX_DEN,DEN,JAX,Dondrea Tillman,dondrea tillman,LB,0,0,0,0,0.0,0.0,0.0
2,2026_02_JAX_DEN,DEN,JAX,Eyioma Uwazurike,eyioma uwazurike,DT,0,0,0,0,0.0,0.0,0.0
2,2026_02_JAX_DEN,DEN,JAX,Riley Moss,riley moss,CB,0,0,0,0,0.0,0.0,0.0
2,2026_02_JAX_DEN,DEN,JAX,JL Skinner,jl skinner,SAF,0,0,0,0,0.0,0.0,0.0
2,2026_02_JAX_DEN,DEN,JAX,Kris Abrams-Draine,kris abramsdraine,CB,0,0,0,0,0.0,0.0,0.0
2,2026_02_JAX_DEN,DEN,JAX,Bo Nix,bo nix,QB,0,0,0,0,0.0,62.0,1.0
2,2026_02_JAX_DEN,DEN,JAX,Jonah Elliss,jonah elliss,LB,0,0,0,0,0.0,0.0,0.0
2,2026_02_JAX_DEN,DEN,JAX,Que Robinson,que robinson,LB,0,0,0,0,0.0,0.0,0.0
2,2026_02_JAX_DEN,DEN,JAX,Jeremy Crawshaw,jeremy crawshaw,P,0,0,0,0,0.0,0.0,0.0
2,2026_02_JAX_DEN,DEN,JAX,Jordan Turner,jordan turner,LB,0,0,0,0,0.0,0.0,0.0
2,2026_02_DET_BUF,DET,BUF,Amon-Ra St. Brown,amonra st brown,WR,13,9,142,2,0.34210526315789475,62.0,0.95
2,2026_02_DET_BUF,DET,BUF,Jahmyr Gibbs,jahmyr gibbs,RB,8,6,61,1,0.21052631578947367,54.0,0.83
2,2026_02_DET_BUF,DET,BUF,Sam LaPorta,sam laporta,TE,7,6,52,1,0.18421052631578946,64.0,0.98
2,2026_02_DET_BUF,DET,BUF,Isaac TeSlaa,isaac teslaa,WR,5,2,26,0,0.13157894736842105,49.0,0.75
2,2026_02_DET_BUF,DET,BUF,Jameson Williams,jameson williams,WR,4,2,33,0,0.10526315789473684,63.0,0.97
2,2026_02_DET_BUF,DET,BUF,Sione Vaki,sione vaki,RB,1,1,13,0,0.02631578947368421,11.0,0.17
2,2026_02_DET_BUF,DET,BUF,Jared Goff,jared goff,QB,0,0,0,0,0.0,65.0,1.0
2,2026_02_DET_BUF,DET,BUF,Chuck Clark,chuck clark,SAF,0,0,0,0,0.0,0.0,0.0
2,2026_02_DET_BUF,DET,BUF,Avonte Maddox,avonte maddox,FS,0,0,0,0,0.0,0.0,0.0
2,2026_02_DET_BUF,DET,BUF,D.J. Reed,dj reed,CB,0,0,0,0,0.0,0.0,0.0
2,2026_02_DET_BUF,DET,BUF,Jack Fox,jack fox,P,0,0,0,0,0.0,0.0,0.0
2,2026_02_DET_BUF,DET,BUF,Tom Kennedy,tom kennedy,WR,0,0,0,0,0.0,0.0,0.0
2,2026_02_DET_BUF,DET,BUF,Rock Ya-Sin,rock yasin,CB,0,0,0,0,0.0,0.0,0.0
2,2026_02_DET_BUF,DET,BUF,Devin White,devin white,LB,0,0,0,0,0.0,0.0,0.0
2,2026_02_DET_BUF,DET,BUF,Khalil Dorsey,khalil dorsey,CB,0,0,0,0,0.0,0.0,0.0
2,2026_02_DET_BUF,DET,BUF,D.J. Wonnum,dj wonnum,DE,0,0,0,0,0.0,0.0,0.0
2,2026_02_DET_BUF,DET,BUF,Alim McNeill,alim mcneill,DT,0,0,0,0,0.0,0.0,0.0
2,2026_02_DET_BUF,DET,BUF,Brock Wright,brock wright,TE,0,0,0,0,0.0,17.0,0.26
2,2026_02_DET_BUF,DET,BUF,Larry Borom,larry borom,G,0,0,0,0,0.0,65.0,1.0
2,2026_02_DET_BUF,DET,BUF,Derrick Barnes,derrick barnes,LB,0,0,0,0,0.0,0.0,0.0
2,2026_02_DET_BUF,DET,BUF,Aidan Hutchinson,aidan hutchinson,DE,0,0,0,0,0.0,0.0,0.0
2,2026_02_DET_BUF,DET,BUF,Malcolm Rodriguez,malcolm rodriguez,LB,0,0,0,0,0.0,0.0,0.0
2,2026_02_DET_BUF,DET,BUF,Tay Martin,tay martin,WR,0,0,0,0,0.0,0.0,0.0
2,2026_02_DET_BUF,DET,BUF,Roger McCreary,roger mccreary,CB,0,0,0,0,0.0,0.0,0.0
2,2026_02_DET_BUF,DET,BUF,Trevor Nowaske,trevor nowaske,LB,0,0,0,0,0.0,0.0,0.0
2,2026_02_DET_BUF,DET,BUF,Christian Izien,christian izien,SAF,0,0,0,0,0.0,0.0,0.0
2,2026_02_DET_BUF,DET,BUF,Jacob Saylors,jacob saylors,RB,0,0,0,0,0.0,0.0,0.0
2,2026_02_DET_BUF,DET,BUF,Juice Scruggs,juice scruggs,C,0,0,0,0,0.0,65.0,1.0
2,2026_02_DET_BUF,DET,BUF,Tyler Lacy,tyler lacy,DE,0,0,0,0,0.0,0.0,0.0
2,2026_02_DET_BUF,DET,BUF,Jack Campbell,jack campbell,LB,0,0,0,0,0.0,0.0,0.0
2,2026_02_DET_BUF,DET,BUF,Jake Bates,jake bates,K,0,0,0,0,0.0,0.0,0.0
2,2026_02_DET_BUF,DET,BUF,Thomas Harper,thomas harper,SAF,0,0,0,0,0.0,0.0,0.0
2,2026_02_DET_BUF,DET,BUF,Tyleik Williams,tyleik williams,DT,0,0,0,0,0.0,0.0,0.0
2,2026_02_DET_BUF,DET,BUF,Skyler Gill-Howard,skyler gillhoward,DT,0,0,0,0,0.0,0.0,0.0
2,2026_02_DET_BUF,DET,BUF,Eric O'Neill,eric oneill,DE,0,0,0,0,0.0,0.0,0.0
2,2026_02_GB_NYJ,GB,NYJ,Christian Watson,christian watson,WR,11,4,41,1,0.3793103448275862,53.0,0.9
2,2026_02_GB_NYJ,GB,NYJ,Matthew Golden,matthew golden,WR,6,4,58,0,0.20689655172413793,51.0,0.86
2,2026_02_GB_NYJ,GB,NYJ,Skyy Moore,skyy moore,WR,3,2,6,0,0.10344827586206896,21.0,0.36
2,2026_02_GB_NYJ,GB,NYJ,Tucker Kraft,tucker kraft,TE,3,2,15,0,0.10344827586206896,58.0,0.98
2,2026_02_GB_NYJ,GB,NYJ,Chris Brooks,chris brooks,RB,2,1,15,0,0.06896551724137931,27.0,0.46
2,2026_02_GB_NYJ,GB,NYJ,MarShawn Lloyd,marshawn lloyd,RB,2,2,6,1,0.06896551724137931,16.0,0.27
2,2026_02_GB_NYJ,GB,NYJ,Bo Melton,bo melton,WR,1,0,0,0,0.034482758620689655,9.0,0.15
2,2026_02_GB_NYJ,GB,NYJ,Jayden Reed,jayden reed,WR,1,1,4,0,0.034482758620689655,2.0,0.03
2,2026_02_GB_NYJ,GB,NYJ,Zaire Franklin,zaire franklin,OLB,0,0,0,0,0.0,0.0,0.0
2,2026_02_GB_NYJ,GB,NYJ,Keisean Nixon,keisean nixon,DB,0,0,0,0,0.0,0.0,0.0
2,2026_02_GB_NYJ,GB,NYJ,Jordan Love,jordan love,QB,0,0,0,0,0.0,59.0,1.0
2,2026_02_GB_NYJ,GB,NYJ,Xavier McKinney,xavier mckinney,SAF,0,0,0,0,0.0,0.0,0.0
2,2026_02_GB_NYJ,GB,NYJ,Nick Niemann,nick niemann,LB,0,0,0,0,0.0,0.0,0.0
2,2026_02_GB_NYJ,GB,NYJ,Isaiah McDuffie,isaiah mcduffie,LB,0,0,0,0,0.0,0.0,0.0
2,2026_02_GB_NYJ,GB,NYJ,Devonte Wyatt,devonte wyatt,DT,0,0,0,0,0.0,0.0,0.0
2,2026_02_GB_NYJ,GB,NYJ,Daniel Whelan,daniel whelan,P,0,0,0,0,0.0,0.0,0.0
2,2026_02_GB_NYJ,GB,NYJ,Karl Brooks,karl brooks,DT,0,0,0,0,0.0,0.0,0.0
2,2026_02_GB_NYJ,GB,NYJ,Brenton Cox Jr.,brenton cox,DE,0,0,0,0,0.0,0.0,0.0
2,2026_02_GB_NYJ,GB,NYJ,Lukas Van Ness,lukas van ness,LB,0,0,0,0,0.0,0.0,0.0
2,2026_02_GB_NYJ,GB,NYJ,Donovan Jennings,donovan jennings,OT,0,0,0,0,0.0,14.0,0.24
2,2026_02_GB_NYJ,GB,NYJ,Ty'Ron Hopper,tyron hopper,LB,0,0,0,0,0.0,0.0,0.0
2,2026_02_GB_NYJ,GB,NYJ,Evan Williams,evan williams,SAF,0,0,0,0,0.0,0.0,0.0
2,2026_02_GB_NYJ,GB,NYJ,Jacob Monk,jacob monk,G,0,0,0,0,0.0,59.0,1.0
2,2026_02_GB_NYJ,GB,NYJ,Kamal Hadden,kamal hadden,CB,0,0,0,0,0.0,0.0,0.0
2,2026_02_GB_NYJ,GB,NYJ,Edgerrin Cooper,edgerrin cooper,LB,0,0,0,0,0.0,0.0,0.0
2,2026_02_GB_NYJ,GB,NYJ,Javon Bullard,javon bullard,SAF,0,0,0,0,0.0,0.0,0.0
2,2026_02_GB_NYJ,GB,NYJ,Jordan Morgan,jordan morgan,OT,0,0,0,0,0.0,59.0,1.0
2,2026_02_GB_NYJ,GB,NYJ,Barryn Sorrell,barryn sorrell,DE,0,0,0,0,0.0,0.0,0.0
2,2026_02_GB_NYJ,GB,NYJ,Kaleb Johnson,kaleb johnson,RB,0,0,0,0,0.0,16.0,0.27
2,2026_02_GB_NYJ,GB,NYJ,Anthony Campbell,anthony campbell,DT,0,0,0,0,0.0,0.0,0.0
2,2026_02_GB_NYJ,GB,NYJ,Anthony Belton,anthony belton,OT,0,0,0,0,0.0,56.0,0.95
2,2026_02_GB_NYJ,GB,NYJ,Chris McClellan,chris mcclellan,DT,0,0,0,0,0.0,0.0,0.0
2,2026_02_GB_NYJ,GB,NYJ,Dani Dennis-Sutton,dani dennissutton,LB,0,0,0,0,0.0,0.0,0.0
2,2026_02_GB_NYJ,GB,NYJ,Trey Smack,trey smack,K,0,0,0,0,0.0,0.0,0.0
2,2026_02_GB_NYJ,GB,NYJ,J. Michael Sturdivant,j michael sturdivant,WR,0,0,0,0,0.0,9.0,0.15
2,2026_02_GB_NYJ,GB,NYJ,Brandon Cisse,brandon cisse,CB,0,0,0,0,0.0,0.0,0.0
2,2026_02_CIN_HOU,HOU,CIN,Dalton Schultz,dalton schultz,TE,14,12,140,0,0.28,54.0,0.68
2,2026_02_CIN_HOU,HOU,CIN,Xavier Hutchinson,xavier hutchinson,WR,9,3,37,0,0.18,65.0,0.81
2,2026_02_CIN_HOU,HOU,CIN,Jared Wayne,jared wayne,WR,7,2,33,0,0.14,40.0,0.5
2,2026_02_CIN_HOU,HOU,CIN,Woody Marks,woody marks,RB,6,5,27,0,0.12,38.0,0.48
2,2026_02_CIN_HOU,HOU,CIN,Kayshon Boutte,kayshon boutte,WR,5,3,37,0,0.1,58.0,0.72
2,2026_02_CIN_HOU,HOU,CIN,Jaylin Noel,jaylin noel,WR,5,1,31,0,0.1,48.0,0.6
2,2026_02_CIN_HOU,HOU,CIN,Foster Moreau,foster moreau,TE,2,2,34,0,0.04,23.0,0.29
2,2026_02_CIN_HOU,HOU,CIN,David Montgomery,david montgomery,RB,2,2,14,0,0.04,42.0,0.52
2,2026_02_CIN_HOU,HOU,CIN,Danielle Hunter,danielle hunter,DE,0,0,0,0,0.0,0.0,0.0
2,2026_02_CIN_HOU,HOU,CIN,Trent Brown,trent brown,OT,0,0,0,0,0.0,80.0,1.0
2,2026_02_CIN_HOU,HOU,CIN,Mario Edwards,mario edwards,DT,0,0,0,0,0.0,0.0,0.0
2,2026_02_CIN_HOU,HOU,CIN,Ka'imi Fairbairn,kaimi fairbairn,K,0,0,0,0,0.0,0.0,0.0
2,2026_02_CIN_HOU,HOU,CIN,Sheldon Rankins,sheldon rankins,DT,0,0,0,0,0.0,0.0,0.0
2,2026_02_CIN_HOU,HOU,CIN,Tremon Smith,tremon smith,CB,0,0,0,0,0.0,0.0,0.0
2,2026_02_CIN_HOU,HOU,CIN,Azeez Al-Shaair,azeez alshaair,LB,0,0,0,0,0.0,0.0,0.0
2,2026_02_CIN_HOU,HOU,CIN,Tommy Togiai,tommy togiai,DT,0,0,0,0,0.0,0.0,0.0
2,2026_02_CIN_HOU,HOU,CIN,Reed Blankenship,reed blankenship,SAF,0,0,0,0,0.0,0.0,0.0
2,2026_02_CIN_HOU,HOU,CIN,Derek Stingley Jr.,derek stingley,CB,0,0,0,0,0.0,0.0,0.0
2,2026_02_CIN_HOU,HOU,CIN,Jalen Pitre,jalen pitre,SAF,0,0,0,0,0.0,0.0,0.0
2,2026_02_CIN_HOU,HOU,CIN,Jake Hansen,jake hansen,LB,0,0,0,0,0.0,0.0,0.0
2,2026_02_CIN_HOU,HOU,CIN,Logan Hall,logan hall,DE,0,0,0,0,0.0,0.0,0.0
2,2026_02_CIN_HOU,HOU,CIN,Will Anderson Jr.,will anderson,DE,0,0,0,0,0.0,0.0,0.0
2,2026_02_CIN_HOU,HOU,CIN,C.J. Stroud,cj stroud,QB,0,0,0,0,0.0,80.0,1.0
2,2026_02_CIN_HOU,HOU,CIN,Kamari Lassiter,kamari lassiter,CB,0,0,0,0,0.0,0.0,0.0
2,2026_02_CIN_HOU,HOU,CIN,Jamal Hill,jamal hill,LB,0,0,0,0,0.0,0.0,0.0
2,2026_02_CIN_HOU,HOU,CIN,British Brooks,british brooks,RB,0,0,0,0,0.0,0.0,0.0
2,2026_02_CIN_HOU,HOU,CIN,Jaylin Smith,jaylin smith,CB,0,0,0,0,0.0,0.0,0.0
2,2026_02_CIN_HOU,HOU,CIN,Kai Kroeger,kai kroeger,P,0,0,0,0,0.0,0.0,0.0
2,2026_02_CIN_HOU,HOU,CIN,Sabastian Harsh,sabastian harsh,DE,0,0,0,0,0.0,0.0,0.0
2,2026_02_CIN_HOU,HOU,CIN,Aiden Fisher,aiden fisher,LB,0,0,0,0,0.0,0.0,0.0
2,2026_02_CIN_HOU,HOU,CIN,Keylan Rutledge,keylan rutledge,G,0,0,0,0,0.0,80.0,1.0
2,2026_02_IND_KC,IND,KC,Josh Downs,josh downs,WR,9,7,72,0,0.3,54.0,0.83
2,2026_02_IND_KC,IND,KC,Tyler Warren,tyler warren,TE,7,6,21,1,0.23333333333333334,58.0,0.89
2,2026_02_IND_KC,IND,KC,Keenan Allen,keenan allen,WR,5,1,5,0,0.16666666666666666,33.0,0.51
2,2026_02_IND_KC,IND,KC,Jonathan Taylor,jonathan taylor,RB,4,4,40,0,0.13333333333333333,61.0,0.94
2,2026_02_IND_KC,IND,KC,Laquon Treadwell,laquon treadwell,WR,3,3,61,0,0.1,48.0,0.74
2,2026_02_IND_KC,IND,KC,Andrew Ogletree,andrew ogletree,TE,1,0,0,0,0.03333333333333333,19.0,0.29
2,2026_02_IND_KC,IND,KC,Alec Pierce,alec pierce,WR,1,1,11,0,0.03333333333333333,17.0,0.26
2,2026_02_IND_KC,IND,KC,DeForest Buckner,deforest buckner,DT,0,0,0,0,0.0,0.0,0.0
2,2026_02_IND_KC,IND,KC,Rigoberto Sanchez,rigoberto sanchez,P,0,0,0,0,0.0,0.0,0.0
2,2026_02_IND_KC,IND,KC,Grover Stewart,grover stewart,DT,0,0,0,0,0.0,0.0,0.0
2,2026_02_IND_KC,IND,KC,Jonathan Owens,jonathan owens,SAF,0,0,0,0,0.0,0.0,0.0
2,2026_02_IND_KC,IND,KC,Charvarius Ward,charvarius ward,CB,0,0,0,0,0.0,0.0,0.0
2,2026_02_IND_KC,IND,KC,Arden Key,arden key,DE,0,0,0,0,0.0,0.0,0.0
2,2026_02_IND_KC,IND,KC,Jerry Tillery,jerry tillery,DT,0,0,0,0,0.0,0.0,0.0
2,2026_02_IND_KC,IND,KC,Daniel Jones,daniel jones,QB,0,0,0,0,0.0,65.0,1.0
2,2026_02_IND_KC,IND,KC,Akeem Davis-Gaither,akeem davisgaither,LB,0,0,0,0,0.0,0.0,0.0
2,2026_02_IND_KC,IND,KC,Camryn Bynum,camryn bynum,SAF,0,0,0,0,0.0,0.0,0.0
2,2026_02_IND_KC,IND,KC,Sauce Gardner,sauce gardner,CB,0,0,0,0,0.0,0.0,0.0
2,2026_02_IND_KC,IND,KC,Cam Taylor-Britt,cam taylorbritt,CB,0,0,0,0,0.0,0.0,0.0
2,2026_02_IND_KC,IND,KC,Laiatu Latu,laiatu latu,DE,0,0,0,0,0.0,0.0,0.0
2,2026_02_IND_KC,IND,KC,Jaylon Carlies,jaylon carlies,LB,0,0,0,0,0.0,0.0,0.0
2,2026_02_IND_KC,IND,KC,Spencer Shrader,spencer shrader,K,0,0,0,0,0.0,0.0,0.0
2,2026_02_IND_KC,IND,KC,Anthony Gould,anthony gould,WR,0,0,0,0,0.0,0.0,0.0
2,2026_02_IND_KC,IND,KC,Justin Walley,justin walley,CB,0,0,0,0,0.0,0.0,0.0
2,2026_02_IND_KC,IND,KC,Hunter Wohler,hunter wohler,SAF,0,0,0,0,0.0,0.0,0.0
2,2026_02_IND_KC,IND,KC,Jaylahn Tuimoloau,jaylahn tuimoloau,DE,0,0,0,0,0.0,0.0,0.0
2,2026_02_IND_KC,IND,KC,Kapena Gushiken,kapena gushiken,CB,0,0,0,0,0.0,0.0,0.0
2,2026_02_IND_KC,IND,KC,CJ Allen,cj allen,LB,0,0,0,0,0.0,0.0,0.0
2,2026_02_IND_KC,IND,KC,A.J. Haulcy,aj haulcy,SAF,0,0,0,0,0.0,0.0,0.0
2,2026_02_IND_KC,IND,KC,Caden Curry,caden curry,DE,0,0,0,0,0.0,0.0,0.0
2,2026_02_IND_KC,IND,KC,Seth McGowan,seth mcgowan,RB,0,0,0,0,0.0,4.0,0.06
2,2026_02_IND_KC,IND,KC,Deion Burks,deion burks,WR,0,0,0,0,0.0,3.0,0.05
2,2026_02_IND_KC,IND,KC,Tahj Chambers,tahj chambers,LB,0,0,0,0,0.0,0.0,0.0
2,2026_02_IND_KC,IND,KC,Bryce Boettcher,bryce boettcher,LB,0,0,0,0,0.0,0.0,0.0
2,2026_02_JAX_DEN,JAX,DEN,Parker Washington,parker washington,WR,12,7,98,0,0.42857142857142855,48.0,0.81
2,2026_02_JAX_DEN,JAX,DEN,Brian Thomas Jr.,brian thomas,WR,8,3,40,0,0.2857142857142857,32.0,0.54
2,2026_02_JAX_DEN,JAX,DEN,Brenton Strange,brenton strange,TE,2,2,17,0,0.07142857142857142,49.0,0.83
2,2026_02_JAX_DEN,JAX,DEN,Bhayshul Tuten,bhayshul tuten,RB,2,2,-3,0,0.07142857142857142,30.0,0.51
2,2026_02_JAX_DEN,JAX,DEN,Ameer Abdullah,ameer abdullah,RB,1,1,2,0,0.03571428571428571,6.0,0.1
2,2026_02_JAX_DEN,JAX,DEN,Jakobi Meyers,jakobi meyers,WR,1,1,28,0,0.03571428571428571,53.0,0.9
2,2026_02_JAX_DEN,JAX,DEN,Quintin Morris,quintin morris,TE,1,1,7,0,0.03571428571428571,13.0,0.22
2,2026_02_JAX_DEN,JAX,DEN,LeQuint Allen Jr.,lequint allen,RB,1,0,0,0,0.03571428571428571,9.0,0.15
2,2026_02_JAX_DEN,JAX,DEN,Arik Armstead,arik armstead,DT,0,0,0,0,0.0,0.0,0.0
2,2026_02_JAX_DEN,JAX,DEN,Eric Murray,eric murray,S,0,0,0,0,0.0,0.0,0.0
2,2026_02_JAX_DEN,JAX,DEN,Jourdan Lewis,jourdan lewis,CB,0,0,0,0,0.0,0.0,0.0
2,2026_02_JAX_DEN,JAX,DEN,Foyesade Oluokun,foyesade oluokun,LB,0,0,0,0,0.0,0.0,0.0
2,2026_02_JAX_DEN,JAX,DEN,Logan Cooke,logan cooke,P,0,0,0,0,0.0,0.0,0.0
2,2026_02_JAX_DEN,JAX,DEN,Dennis Gardeck,dennis gardeck,LB,0,0,0,0,0.0,0.0,0.0
2,2026_02_JAX_DEN,JAX,DEN,Jahlani Tavai,jahlani tavai,LB,0,0,0,0,0.0,0.0,0.0
2,2026_02_JAX_DEN,JAX,DEN,Josh Hines-Allen,josh hinesallen,DE,0,0,0,0,0.0,0.0,0.0
2,2026_02_JAX_DEN,JAX,DEN,Ross Matiscik,ross matiscik,LS,0,0,0,0,0.0,0.0,0.0
2,2026_02_JAX_DEN,JAX,DEN,DaVon Hamilton,davon hamilton,DT,0,0,0,0,0.0,0.0,0.0
2,2026_02_JAX_DEN,JAX,DEN,Trevor Lawrence,trevor lawrence,QB,0,0,0,0,0.0,59.0,1.0
2,2026_02_JAX_DEN,JAX,DEN,Robert Hainsey,robert hainsey,C,0,0,0,0,0.0,59.0,1.0
2,2026_02_JAX_DEN,JAX,DEN,Travon Walker,travon walker,DE,0,0,0,0,0.0,0.0,0.0
2,2026_02_JAX_DEN,JAX,DEN,Montaric Brown,montaric brown,CB,0,0,0,0,0.0,0.0,0.0
2,2026_02_JAX_DEN,JAX,DEN,Ventrell Miller,ventrell miller,LB,0,0,0,0,0.0,0.0,0.0
2,2026_02_JAX_DEN,JAX,DEN,Antonio Johnson,antonio johnson,SAF,0,0,0,0,0.0,0.0,0.0
2,2026_02_JAX_DEN,JAX,DEN,Chris Rodriguez Jr.,chris rodriguez,RB,0,0,0,0,0.0,13.0,0.22
2,2026_02_JAX_DEN,JAX,DEN,Jarrian Jones,jarrian jones,CB,0,0,0,0,0.0,0.0,0.0
2,2026_02_JAX_DEN,JAX,DEN,Cam Little,cam little,K,0,0,0,0,0.0,0.0,0.0
2,2026_02_JAX_DEN,JAX,DEN,Rayuan Lane III,rayuan lane,SAF,0,0,0,0,0.0,0.0,0.0
2,2026_02_JAX_DEN,JAX,DEN,Branson Combs,branson combs,LB,0,0,0,0,0.0,0.0,0.0
2,2026_02_JAX_DEN,JAX,DEN,Danny Striggow,danny striggow,DE,0,0,0,0,0.0,0.0,0.0
2,2026_02_JAX_DEN,JAX,DEN,Travis Hunter,travis hunter,CB,0,0,0,0,0.0,6.0,0.1
2,2026_02_JAX_DEN,JAX,DEN,Albert Regis,albert regis,DT,0,0,0,0,0.0,0.0,0.0
2,2026_02_JAX_DEN,JAX,DEN,Josh Cameron,josh cameron,WR,0,0,0,0,0.0,10.0,0.17
2,2026_02_IND_KC,KC,IND,Travis Kelce,travis kelce,TE,11,9,101,1,0.2558139534883721,68.0,0.85
2,2026_02_IND_KC,KC,IND,Kenneth Walker III,kenneth walker,RB,10,6,61,0,0.23255813953488372,66.0,0.82
2,2026_02_IND_KC,KC,IND,Xavier Worthy,xavier worthy,WR,7,5,25,1,0.16279069767441862,69.0,0.86
2,2026_02_IND_KC,KC,IND,Rashee Rice,rashee rice,WR,6,4,83,0,0.13953488372093023,63.0,0.79
2,2026_02_IND_KC,KC,IND,Tyquan Thornton,tyquan thornton,WR,4,4,86,0,0.09302325581395349,47.0,0.59
2,2026_02_IND_KC,KC,IND,Jalen Royals,jalen royals,WR,2,2,6,1,0.046511627906976744,12.0,0.15
2,2026_02_IND_KC,KC,IND,Emmett Johnson,emmett johnson,RB,2,2,20,0,0.046511627906976744,14.0,0.18
2,2026_02_IND_KC,KC,IND,Noah Gray,noah gray,TE,1,0,0,0,0.023255813953488372,40.0,0.5
2,2026_02_IND_KC,KC,IND,Chris Jones,chris jones,DE,0,0,0,0,0.0,0.0,0.0
2,2026_02_IND_KC,KC,IND,Harrison Butker,harrison butker,K,0,0,0,0,0.0,0.0,0.0
2,2026_02_IND_KC,KC,IND,Patrick Mahomes,patrick mahomes,QB,0,0,0,0,0.0,80.0,1.0
2,2026_02_IND_KC,KC,IND,Drue Tranquill,drue tranquill,LB,0,0,0,0,0.0,0.0,0.0
2,2026_02_IND_KC,KC,IND,Cole Christiansen,cole christiansen,LB,0,0,0,0,0.0,0.0,0.0
2,2026_02_IND_KC,KC,IND,L'Jarius Sneed,ljarius sneed,CB,0,0,0,0,0.0,0.0,0.0
2,2026_02_IND_KC,KC,IND,Alohi Gilman,alohi gilman,SAF,0,0,0,0,0.0,0.0,0.0
2,2026_02_IND_KC,KC,IND,Kristian Fulton,kristian fulton,CB,0,0,0,0,0.0,0.0,0.0
2,2026_02_IND_KC,KC,IND,Jaylon Moore,jaylon moore,OT,0,0,0,0,0.0,79.0,0.99
2,2026_02_IND_KC,KC,IND,Nick Bolton,nick bolton,LB,0,0,0,0,0.0,0.0,0.0
2,2026_02_IND_KC,KC,IND,Khyiris Tonga,khyiris tonga,DT,0,0,0,0,0.0,4.0,0.05
2,2026_02_IND_KC,KC,IND,George Karlaftis,george karlaftis,DE,0,0,0,0,0.0,0.0,0.0
2,2026_02_IND_KC,KC,IND,Jack Cochrane,jack cochrane,LB,0,0,0,0,0.0,0.0,0.0
2,2026_02_IND_KC,KC,IND,Matt Araiza,matt araiza,P,0,0,0,0,0.0,0.0,0.0
2,2026_02_IND_KC,KC,IND,Nikko Remigio,nikko remigio,WR,0,0,0,0,0.0,0.0,0.0
2,2026_02_IND_KC,KC,IND,Felix Anudike-Uzomah,felix anudikeuzomah,DE,0,0,0,0,0.0,0.0,0.0
2,2026_02_IND_KC,KC,IND,Christian Roland-Wallace,christian rolandwallace,CB,0,0,0,0,0.0,0.0,0.0
2,2026_02_IND_KC,KC,IND,Jaden Hicks,jaden hicks,SAF,0,0,0,0,0.0,0.0,0.0
2,2026_02_IND_KC,KC,IND,Kingsley Suamataia,kingsley suamataia,OT,0,0,0,0,0.0,80.0,1.0
2,2026_02_IND_KC,KC,IND,Jeffrey Bassa,jeffrey bassa,LB,0,0,0,0,0.0,0.0,0.0
2,2026_02_IND_KC,KC,IND,Brashard Smith,brashard smith,RB,0,0,0,0,0.0,0.0,0.0
2,2026_02_IND_KC,KC,IND,Ashton Gillotte,ashton gillotte,DE,0,0,0,0,0.0,0.0,0.0
2,2026_02_IND_KC,KC,IND,Nohl Williams,nohl williams,CB,0,0,0,0,0.0,0.0,0.0
2,2026_02_IND_KC,KC,IND,Kahlil Benson,kahlil benson,OT,0,0,0,0,0.0,80.0,1.0
2,2026_02_IND_KC,KC,IND,Jadon Canady,jadon canady,CB,0,0,0,0,0.0,0.0,0.0
2,2026_02_IND_KC,KC,IND,R Mason Thomas,r mason thomas,DE,0,0,0,0,0.0,0.0,0.0
2,2026_02_IND_KC,KC,IND,Peter Woods,peter woods,DT,0,0,0,0,0.0,0.0,0.0
2,2026_02_NYG_LA,LA,NYG,Davante Adams,davante adams,WR,10,8,195,2,0.3333333333333333,40.0,0.65
2,2026_02_NYG_LA,LA,NYG,Terrance Ferguson,terrance ferguson,TE,9,6,54,1,0.3,36.0,0.58
2,2026_02_NYG_LA,LA,NYG,Colby Parkinson,colby parkinson,TE,2,2,15,0,0.06666666666666667,44.0,0.71
2,2026_02_NYG_LA,LA,NYG,Tutu Atwell,tutu atwell,WR,2,1,19,0,0.06666666666666667,11.0,0.18
2,2026_02_NYG_LA,LA,NYG,Kyren Williams,kyren williams,RB,2,2,12,1,0.06666666666666667,34.0,0.55
2,2026_02_NYG_LA,LA,NYG,Konata Mumpfield,konata mumpfield,WR,2,1,12,0,0.06666666666666667,43.0,0.69
2,2026_02_NYG_LA,LA,NYG,Xavier Smith,xavier smith,WR,1,0,0,0,0.03333333333333333,26.0,0.42
2,2026_02_NYG_LA,LA,NYG,Davis Allen,davis allen,TE,1,1,7,0,0.03333333333333333,32.0,0.52
2,2026_02_NYG_LA,LA,NYG,Blake Corum,blake corum,RB,1,1,13,0,0.03333333333333333,28.0,0.45
2,2026_02_NYG_LA,LA,NYG,Matthew Stafford,matthew stafford,QB,0,0,0,0,0.0,62.0,1.0
2,2026_02_NYG_LA,LA,NYG,Aaron Donald,aaron donald,DE,0,0,0,0,0.0,0.0,0.0
2,2026_02_NYG_LA,LA,NYG,Poona Ford,poona ford,DT,0,0,0,0,0.0,0.0,0.0
2,2026_02_NYG_LA,LA,NYG,Kam Curl,kam curl,SAF,0,0,0,0,0.0,0.0,0.0
2,2026_02_NYG_LA,LA,NYG,Trent McDuffie,trent mcduffie,CB,0,0,0,0,0.0,0.0,0.0
2,2026_02_NYG_LA,LA,NYG,Jaylen Watson,jaylen watson,CB,0,0,0,0,0.0,0.0,0.0
2,2026_02_NYG_LA,LA,NYG,Nate Landman,nate landman,LB,0,0,0,0,0.0,0.0,0.0
2,2026_02_NYG_LA,LA,NYG,Quentin Lake,quentin lake,SAF,0,0,0,0,0.0,0.0,0.0
2,2026_02_NYG_LA,LA,NYG,Tanner Ingle,tanner ingle,SAF,0,0,0,0,0.0,0.0,0.0
2,2026_02_NYG_LA,LA,NYG,Ethan Evans,ethan evans,P,0,0,0,0,0.0,0.0,0.0
2,2026_02_NYG_LA,LA,NYG,Desjuan Johnson,desjuan johnson,LB,0,0,0,0,0.0,0.0,0.0
2,2026_02_NYG_LA,LA,NYG,Byron Young,byron young,LB,0,0,0,0,0.0,0.0,0.0
2,2026_02_NYG_LA,LA,NYG,Kobie Turner,kobie turner,DE,0,0,0,0,0.0,0.0,0.0
2,2026_02_NYG_LA,LA,NYG,Emmanuel Forbes,emmanuel forbes,CB,0,0,0,0,0.0,0.0,0.0
2,2026_02_NYG_LA,LA,NYG,Harrison Mevis,harrison mevis,K,0,0,0,0,0.0,0.0,0.0
2,2026_02_NYG_LA,LA,NYG,Braden Fiske,braden fiske,DE,0,0,0,0,0.0,0.0,0.0
2,2026_02_NYG_LA,LA,NYG,Josh Wallace,josh wallace,CB,0,0,0,0,0.0,0.0,0.0
2,2026_02_NYG_LA,LA,NYG,Omar Speights,omar speights,LB,0,0,0,0,0.0,0.0,0.0
2,2026_02_NYG_LA,LA,NYG,Jaylen McCollough,jaylen mccollough,SAF,0,0,0,0,0.0,0.0,0.0
2,2026_02_NYG_LA,LA,NYG,Josaiah Stewart,josaiah stewart,LB,0,0,0,0,0.0,0.0,0.0
2,2026_02_NYG_LA,LA,NYG,Wesley Bailey,wesley bailey,LB,0,0,0,0,0.0,0.0,0.0
2,2026_02_LV_LAC,LAC,LV,Quentin Johnston,quentin johnston,WR,5,1,7,0,0.19230769230769232,55.0,0.81
2,2026_02_LV_LAC,LAC,LV,David Njoku,david njoku,TE,3,1,9,0,0.11538461538461539,11.0,0.16
2,2026_02_LV_LAC,LAC,LV,Charlie Kolar,charlie kolar,TE,3,3,21,0,0.11538461538461539,42.0,0.62
2,2026_02_LV_LAC,LAC,LV,Ladd McConkey,ladd mcconkey,WR,3,3,35,0,0.11538461538461539,31.0,0.46
2,2026_02_LV_LAC,LAC,LV,Tre Harris,tre harris,WR,3,1,53,0,0.11538461538461539,56.0,0.82
2,2026_02_LV_LAC,LAC,LV,Brenen Thompson,brenen thompson,WR,3,1,13,0,0.11538461538461539,12.0,0.18
2,2026_02_LV_LAC,LAC,LV,Oronde Gadsden II,oronde gadsden,TE,2,2,18,1,0.07692307692307693,30.0,0.44
2,2026_02_LV_LAC,LAC,LV,Omarion Hampton,omarion hampton,RB,2,2,21,0,0.07692307692307693,43.0,0.63
2,2026_02_LV_LAC,LAC,LV,Keaton Mitchell,keaton mitchell,RB,1,1,15,0,0.038461538461538464,17.0,0.25
2,2026_02_LV_LAC,LAC,LV,Derius Davis,derius davis,WR,1,0,0,0,0.038461538461538464,8.0,0.12
2,2026_02_LV_LAC,LAC,LV,Tony Jefferson,tony jefferson,S,0,0,0,0,0.0,0.0,0.0
2,2026_02_LV_LAC,LAC,LV,Khalil Mack,khalil mack,OLB,0,0,0,0,0.0,0.0,0.0
2,2026_02_LV_LAC,LAC,LV,Bud Dupree,bud dupree,OLB,0,0,0,0,0.0,0.0,0.0
2,2026_02_LV_LAC,LAC,LV,Dalvin Tomlinson,dalvin tomlinson,DE,0,0,0,0,0.0,0.0,0.0
2,2026_02_LV_LAC,LAC,LV,J.K. Scott,jk scott,P,0,0,0,0,0.0,0.0,0.0
2,2026_02_LV_LAC,LAC,LV,Donte Jackson,donte jackson,CB,0,0,0,0,0.0,0.0,0.0
2,2026_02_LV_LAC,LAC,LV,Derwin James,derwin james,FS,0,0,0,0,0.0,0.0,0.0
2,2026_02_LV_LAC,LAC,LV,Alec Ingold,alec ingold,FB,0,0,0,0,0.0,28.0,0.41
2,2026_02_LV_LAC,LAC,LV,Del'Shawn Phillips,delshawn phillips,LB,0,0,0,0,0.0,0.0,0.0
2,2026_02_LV_LAC,LAC,LV,Teair Tart,teair tart,DT,0,0,0,0,0.0,0.0,0.0
2,2026_02_LV_LAC,LAC,LV,Troy Dye,troy dye,LB,0,0,0,0,0.0,0.0,0.0
2,2026_02_LV_LAC,LAC,LV,Justin Herbert,justin herbert,QB,0,0,0,0,0.0,68.0,1.0
2,2026_02_LV_LAC,LAC,LV,Kayode Awosika,kayode awosika,G,0,0,0,0,0.0,50.0,0.74
2,2026_02_LV_LAC,LAC,LV,Rashawn Slater,rashawn slater,OT,0,0,0,0,0.0,68.0,1.0
2,2026_02_LV_LAC,LAC,LV,Cameron Dicker,cameron dicker,K,0,0,0,0,0.0,0.0,0.0
2,2026_02_LV_LAC,LAC,LV,Daiyan Henley,daiyan henley,LB,0,0,0,0,0.0,0.0,0.0
2,2026_02_LV_LAC,LAC,LV,Tuli Tuipulotu,tuli tuipulotu,LB,0,0,0,0,0.0,0.0,0.0
2,2026_02_LV_LAC,LAC,LV,Tarheeb Still,tarheeb still,CB,0,0,0,0,0.0,0.0,0.0
2,2026_02_LV_LAC,LAC,LV,Cam Hart,cam hart,CB,0,0,0,0,0.0,0.0,0.0
2,2026_02_LV_LAC,LAC,LV,Kimani Vidal,kimani vidal,RB,0,0,0,0,0.0,7.0,0.1
2,2026_02_LV_LAC,LAC,LV,Justin Eboigbe,justin eboigbe,DT,0,0,0,0,0.0,0.0,0.0
2,2026_02_LV_LAC,LAC,LV,Joe Alt,joe alt,OT,0,0,0,0,0.0,68.0,1.0
2,2026_02_LV_LAC,LAC,LV,Jamaree Caldwell,jamaree caldwell,DT,0,0,0,0,0.0,0.0,0.0
2,2026_02_LV_LAC,LAC,LV,R.J. Mickens,rj mickens,SAF,0,0,0,0,0.0,0.0,0.0
2,2026_02_LV_LAC,LAC,LV,Genesis Smith,genesis smith,SAF,0,0,0,0,0.0,0.0,0.0
2,2026_02_LV_LAC,LAC,LV,Nick Barrett,nick barrett,DT,0,0,0,0,0.0,0.0,0.0
2,2026_02_LV_LAC,LAC,LV,Rodney Shelley,rodney shelley,DB,0,0,0,0,0.0,0.0,0.0
2,2026_02_LV_LAC,LAC,LV,Jake Slaughter,jake slaughter,C,0,0,0,0,0.0,68.0,1.0
2,2026_02_LV_LAC,LAC,LV,Akheem Mesidor,akheem mesidor,LB,0,0,0,0,0.0,0.0,0.0
2,2026_02_LV_LAC,LV,LAC,Tre Tucker,tre tucker,WR,7,5,119,1,0.2413793103448276,37.0,0.59
2,2026_02_LV_LAC,LV,LAC,Ashton Jeanty,ashton jeanty,RB,7,4,15,0,0.2413793103448276,51.0,0.81
2,2026_02_LV_LAC,LV,LAC,Michael Mayer,michael mayer,TE,4,3,23,0,0.13793103448275862,53.0,0.84
2,2026_02_LV_LAC,LV,LAC,Jalen Nailor,jalen nailor,WR,3,1,9,0,0.10344827586206896,38.0,0.6
2,2026_02_LV_LAC,LV,LAC,Cody White,cody white,WR,2,2,24,2,0.06896551724137931,7.0,0.11
2,2026_02_LV_LAC,LV,LAC,Jack Bech,jack bech,WR,2,2,25,0,0.06896551724137931,34.0,0.54
2,2026_02_LV_LAC,LV,LAC,Ian Thomas,ian thomas,TE,1,1,11,0,0.034482758620689655,31.0,0.49
2,2026_02_LV_LAC,LV,LAC,Dareke Young,dareke young,WR,1,1,27,0,0.034482758620689655,12.0,0.19
2,2026_02_LV_LAC,LV,LAC,Mike Washington Jr.,mike washington,RB,1,0,0,0,0.034482758620689655,12.0,0.19
2,2026_02_LV_LAC,LV,LAC,Malik Benson,malik benson,WR,1,0,0,0,0.034482758620689655,8.0,0.13
2,2026_02_LV_LAC,LV,LAC,Kirk Cousins,kirk cousins,QB,0,0,0,0,0.0,63.0,1.0
2,2026_02_LV_LAC,LV,LAC,Adam Butler,adam butler,DT,0,0,0,0,0.0,0.0,0.0
2,2026_02_LV_LAC,LV,LAC,Foley Fatukasi,foley fatukasi,DT,0,0,0,0,0.0,0.0,0.0
2,2026_02_LV_LAC,LV,LAC,Taron Johnson,taron johnson,CB,0,0,0,0,0.0,0.0,0.0
2,2026_02_LV_LAC,LV,LAC,Maxx Crosby,maxx crosby,DE,0,0,0,0,0.0,0.0,0.0
2,2026_02_LV_LAC,LV,LAC,AJ Cole,aj cole,P,0,0,0,0,0.0,0.0,0.0
2,2026_02_LV_LAC,LV,LAC,Matt Gay,matt gay,K,0,0,0,0,0.0,0.0,0.0
2,2026_02_LV_LAC,LV,LAC,Jeremy Chinn,jeremy chinn,SAF,0,0,0,0,0.0,0.0,0.0
2,2026_02_LV_LAC,LV,LAC,Kwity Paye,kwity paye,DE,0,0,0,0,0.0,0.0,0.0
2,2026_02_LV_LAC,LV,LAC,Eric Stokes,eric stokes,CB,0,0,0,0,0.0,0.0,0.0
2,2026_02_LV_LAC,LV,LAC,Malcolm Koonce,malcolm koonce,DE,0,0,0,0,0.0,0.0,0.0
2,2026_02_LV_LAC,LV,LAC,Quay Walker,quay walker,LB,0,0,0,0,0.0,0.0,0.0
2,2026_02_LV_LAC,LV,LAC,Thomas Booker,thomas booker,DT,0,0,0,0,0.0,0.0,0.0
2,2026_02_LV_LAC,LV,LAC,Connor Heyward,connor heyward,FB,0,0,0,0,0.0,19.0,0.3
2,2026_02_LV_LAC,LV,LAC,Isaiah Pola-Mao,isaiah polamao,SAF,0,0,0,0,0.0,0.0,0.0
2,2026_02_LV_LAC,LV,LAC,Segun Olubi,segun olubi,LB,0,0,0,0,0.0,0.0,0.0
2,2026_02_LV_LAC,LV,LAC,Nakobe Dean,nakobe dean,LB,0,0,0,0,0.0,0.0,0.0
2,2026_02_LV_LAC,LV,LAC,Tyler Linderbaum,tyler linderbaum,C,0,0,0,0,0.0,63.0,1.0
2,2026_02_LV_LAC,LV,LAC,Spencer Burford,spencer burford,G,0,0,0,0,0.0,63.0,1.0
2,2026_02_LV_LAC,LV,LAC,DJ Glaze,dj glaze,OT,0,0,0,0,0.0,0.0,0.0
2,2026_02_LV_LAC,LV,LAC,Tommy Eichenberg,tommy eichenberg,LB,0,0,0,0,0.0,0.0,0.0
2,2026_02_LV_LAC,LV,LAC,Dylan Laube,dylan laube,RB,0,0,0,0,0.0,8.0,0.13
2,2026_02_LV_LAC,LV,LAC,Jonah Laulu,jonah laulu,DT,0,0,0,0,0.0,0.0,0.0
2,2026_02_LV_LAC,LV,LAC,Tonka Hemingway,tonka hemingway,DT,0,0,0,0,0.0,0.0,0.0
2,2026_02_LV_LAC,LV,LAC,Treydan Stukes,treydan stukes,SAF,0,0,0,0,0.0,0.0,0.0
2,2026_02_LV_LAC,LV,LAC,Hezekiah Masses,hezekiah masses,CB,0,0,0,0,0.0,0.0,0.0
2,2026_02_LV_LAC,LV,LAC,Jermod McCoy,jermod mccoy,CB,0,0,0,0,0.0,0.0,0.0
2,2026_02_MIA_SF,MIA,SF,De'Von Achane,devon achane,RB,6,3,19,0,0.2608695652173913,45.0,0.76
2,2026_02_MIA_SF,MIA,SF,Malik Washington,malik washington,WR,5,4,43,0,0.21739130434782608,43.0,0.73
2,2026_02_MIA_SF,MIA,SF,Greg Dulcich,greg dulcich,TE,3,2,17,0,0.13043478260869565,36.0,0.61
2,2026_02_MIA_SF,MIA,SF,DJ Herman,dj herman,RB,3,1,18,0,0.13043478260869565,17.0,0.29
2,2026_02_MIA_SF,MIA,SF,Caleb Douglas,caleb douglas,WR,3,2,19,0,0.13043478260869565,51.0,0.86
2,2026_02_MIA_SF,MIA,SF,Ryan Miller,ryan miller,WR,1,1,77,1,0.043478260869565216,7.0,0.12
2,2026_02_MIA_SF,MIA,SF,Will Kacmarek,will kacmarek,TE,1,1,4,0,0.043478260869565216,28.0,0.47
2,2026_02_MIA_SF,MIA,SF,Chris Bell,chris bell,WR,1,0,0,0,0.043478260869565216,24.0,0.41
2,2026_02_MIA_SF,MIA,SF,Bradley Pinion,bradley pinion,P,0,0,0,0,0.0,0.0,0.0
2,2026_02_MIA_SF,MIA,SF,Zach Sieler,zach sieler,DE,0,0,0,0,0.0,0.0,0.0
2,2026_02_MIA_SF,MIA,SF,Clelin Ferrell,clelin ferrell,DE,0,0,0,0,0.0,0.0,0.0
2,2026_02_MIA_SF,MIA,SF,Joshua Uche,joshua uche,LB,0,0,0,0,0.0,0.0,0.0
2,2026_02_MIA_SF,MIA,SF,Aaron Brewer,aaron brewer,C,0,0,0,0,0.0,59.0,1.0
2,2026_02_MIA_SF,MIA,SF,Austin Jackson,austin jackson,OT,0,0,0,0,0.0,59.0,1.0
2,2026_02_MIA_SF,MIA,SF,Willie Gay Jr.,willie gay,LB,0,0,0,0,0.0,0.0,0.0
2,2026_02_MIA_SF,MIA,SF,Jordyn Brooks,jordyn brooks,LB,0,0,0,0,0.0,0.0,0.0
2,2026_02_MIA_SF,MIA,SF,Zayne Anderson,zayne anderson,SAF,0,0,0,0,0.0,0.0,0.0
2,2026_02_MIA_SF,MIA,SF,Malik Herring,malik herring,DE,0,0,0,0,0.0,0.0,0.0
2,2026_02_MIA_SF,MIA,SF,Riley Patterson,riley patterson,K,0,0,0,0,0.0,0.0,0.0
2,2026_02_MIA_SF,MIA,SF,Malik Willis,malik willis,QB,0,0,0,0,0.0,59.0,1.0
2,2026_02_MIA_SF,MIA,SF,Liam Anderson,liam anderson,LB,0,0,0,0,0.0,0.0,0.0
2,2026_02_MIA_SF,MIA,SF,Reese Taylor,reese taylor,DB,0,0,0,0,0.0,0.0,0.0
2,2026_02_MIA_SF,MIA,SF,Julius Brents,julius brents,CB,0,0,0,0,0.0,0.0,0.0
2,2026_02_MIA_SF,MIA,SF,Julius Wood,julius wood,DB,0,0,0,0,0.0,0.0,0.0
2,2026_02_MIA_SF,MIA,SF,Jaylen Wright,jaylen wright,RB,0,0,0,0,0.0,3.0,0.05
2,2026_02_MIA_SF,MIA,SF,Jackson Woodard,jackson woodard,LB,0,0,0,0,0.0,0.0,0.0
2,2026_02_MIA_SF,MIA,SF,Jordan Phillips,jordan phillips,DT,0,0,0,0,0.0,0.0,0.0
2,2026_02_MIA_SF,MIA,SF,Jason Marshall Jr.,jason marshall,CB,0,0,0,0,0.0,0.0,0.0
2,2026_02_MIA_SF,MIA,SF,Dante Trader Jr.,dante trader,SAF,0,0,0,0,0.0,0.0,0.0
2,2026_02_MIA_SF,MIA,SF,Ollie Gordon II,ollie gordon,RB,0,0,0,0,0.0,11.0,0.19
2,2026_02_MIA_SF,MIA,SF,Zeek Biggers,zeek biggers,DT,0,0,0,0,0.0,0.0,0.0
2,2026_02_MIA_SF,MIA,SF,Kadyn Proctor,kadyn proctor,OT,0,0,0,0,0.0,59.0,1.0
2,2026_02_MIA_SF,MIA,SF,Jacob Rodriguez,jacob rodriguez,LB,0,0,0,0,0.0,0.0,0.0
2,2026_02_MIA_SF,MIA,SF,Michael Taaffe,michael taaffe,SAF,0,0,0,0,0.0,0.0,0.0
2,2026_02_MIA_SF,MIA,SF,Chris Johnson,chris johnson,CB,0,0,0,0,0.0,0.0,0.0
2,2026_02_MIN_CHI,MIN,CHI,Justin Jefferson,justin jefferson,WR,6,3,55,0,0.3157894736842105,52.0,1.0
2,2026_02_MIN_CHI,MIN,CHI,Jordan Addison,jordan addison,WR,5,2,21,0,0.2631578947368421,46.0,0.88
2,2026_02_MIN_CHI,MIN,CHI,T.J. Hockenson,tj hockenson,TE,4,3,29,0,0.21052631578947367,36.0,0.69
2,2026_02_MIN_CHI,MIN,CHI,Josh Oliver,josh oliver,TE,1,1,24,0,0.05263157894736842,31.0,0.6
2,2026_02_MIN_CHI,MIN,CHI,DeeJay Dallas,deejay dallas,RB,1,1,12,0,0.05263157894736842,8.0,0.15
2,2026_02_MIN_CHI,MIN,CHI,Myles Price,myles price,WR,1,0,0,0,0.05263157894736842,26.0,0.5
2,2026_02_MIN_CHI,MIN,CHI,Demond Claiborne,demond claiborne,RB,1,1,2,0,0.05263157894736842,2.0,0.04
2,2026_02_MIN_CHI,MIN,CHI,Harrison Smith,harrison smith,FS,0,0,0,0,0.0,0.0,0.0
2,2026_02_MIN_CHI,MIN,CHI,Andrew DePaola,andrew depaola,LS,0,0,0,0,0.0,0.0,0.0
2,2026_02_MIN_CHI,MIN,CHI,Kyle Van Noy,kyle van noy,MLB,0,0,0,0,0.0,0.0,0.0
2,2026_02_MIN_CHI,MIN,CHI,Carson Wentz,carson wentz,QB,0,0,0,0,0.0,52.0,1.0
2,2026_02_MIN_CHI,MIN,CHI,Aaron Jones,aaron jones,RB,0,0,0,0,0.0,42.0,0.81
2,2026_02_MIN_CHI,MIN,CHI,Eric Wilson,eric wilson,LB,0,0,0,0,0.0,0.0,0.0
2,2026_02_MIN_CHI,MIN,CHI,Byron Murphy,byron murphy,CB,0,0,0,0,0.0,0.0,0.0
2,2026_02_MIN_CHI,MIN,CHI,Andrew Van Ginkel,andrew van ginkel,OLB,0,0,0,0,0.0,0.0,0.0
2,2026_02_MIN_CHI,MIN,CHI,Blake Cashman,blake cashman,LB,0,0,0,0,0.0,0.0,0.0
2,2026_02_MIN_CHI,MIN,CHI,James Pierre,james pierre,CB,0,0,0,0,0.0,0.0,0.0
2,2026_02_MIN_CHI,MIN,CHI,Isaiah Rodgers,isaiah rodgers,CB,0,0,0,0,0.0,0.0,0.0
2,2026_02_MIN_CHI,MIN,CHI,Josh Metellus,josh metellus,SAF,0,0,0,0,0.0,0.0,0.0
2,2026_02_MIN_CHI,MIN,CHI,Theo Jackson,theo jackson,DB,0,0,0,0,0.0,0.0,0.0
2,2026_02_MIN_CHI,MIN,CHI,Jay Ward,jay ward,SAF,0,0,0,0,0.0,0.0,0.0
2,2026_02_MIN_CHI,MIN,CHI,Jalen Redmond,jalen redmond,DL,0,0,0,0,0.0,0.0,0.0
2,2026_02_MIN_CHI,MIN,CHI,Ivan Pace Jr.,ivan pace,LB,0,0,0,0,0.0,0.0,0.0
2,2026_02_MIN_CHI,MIN,CHI,Will Reichard,will reichard,K,0,0,0,0,0.0,0.0,0.0
2,2026_02_MIN_CHI,MIN,CHI,Levi Drake Rodriguez,levi drake rodriguez,DL,0,0,0,0,0.0,0.0,0.0
2,2026_02_MIN_CHI,MIN,CHI,Bo Richter,bo richter,LB,0,0,0,0,0.0,0.0,0.0
2,2026_02_MIN_CHI,MIN,CHI,Dallas Turner,dallas turner,LB,0,0,0,0,0.0,0.0,0.0
2,2026_02_MIN_CHI,MIN,CHI,Tyrion Ingram-Dawkins,tyrion ingramdawkins,DT,0,0,0,0,0.0,0.0,0.0
2,2026_02_MIN_CHI,MIN,CHI,Chaz Chambliss,chaz chambliss,LB,0,0,0,0,0.0,0.0,0.0
2,2026_02_MIN_CHI,MIN,CHI,Caleb Banks,caleb banks,DT,0,0,0,0,0.0,0.0,0.0
2,2026_02_MIN_CHI,MIN,CHI,Domonique Orange,domonique orange,DT,0,0,0,0,0.0,0.0,0.0
2,2026_02_MIN_CHI,MIN,CHI,Jacob Thomas,jacob thomas,SAF,0,0,0,0,0.0,0.0,0.0
2,2026_02_MIN_CHI,MIN,CHI,Jake Golday,jake golday,LB,0,0,0,0,0.0,0.0,0.0
2,2026_02_MIN_CHI,MIN,CHI,Brett Thorson,brett thorson,P,0,0,0,0,0.0,0.0,0.0
2,2026_02_PIT_NE,NE,PIT,Hunter Henry,hunter henry,TE,5,3,40,0,0.23809523809523808,50.0,0.91
2,2026_02_PIT_NE,NE,PIT,Romeo Doubs,romeo doubs,WR,4,3,96,0,0.19047619047619047,37.0,0.67
2,2026_02_PIT_NE,NE,PIT,Mack Hollins,mack hollins,WR,2,2,18,0,0.09523809523809523,39.0,0.71
2,2026_02_PIT_NE,NE,PIT,Reggie Gilliam,reggie gilliam,RB,2,1,4,0,0.09523809523809523,20.0,0.36
2,2026_02_PIT_NE,NE,PIT,Rhamondre Stevenson,rhamondre stevenson,RB,2,1,3,0,0.09523809523809523,20.0,0.36
2,2026_02_PIT_NE,NE,PIT,DeMario Douglas,demario douglas,WR,2,1,9,0,0.09523809523809523,26.0,0.47
2,2026_02_PIT_NE,NE,PIT,Kyle Williams,kyle williams,WR,2,1,10,0,0.09523809523809523,11.0,0.2
2,2026_02_PIT_NE,NE,PIT,Efton Chism III,efton chism,WR,1,1,-2,0,0.047619047619047616,10.0,0.18
2,2026_02_PIT_NE,NE,PIT,Eli Raridon,eli raridon,TE,1,1,30,0,0.047619047619047616,11.0,0.2
2,2026_02_PIT_NE,NE,PIT,DaQuan Jones,daquan jones,DE,0,0,0,0,0.0,0.0,0.0
2,2026_02_PIT_NE,NE,PIT,Morgan Moses,morgan moses,OT,0,0,0,0,0.0,51.0,0.93
2,2026_02_PIT_NE,NE,PIT,Kevin Byard,kevin byard,FS,0,0,0,0,0.0,0.0,0.0
2,2026_02_PIT_NE,NE,PIT,Robert Spillane,robert spillane,LB,0,0,0,0,0.0,0.0,0.0
2,2026_02_PIT_NE,NE,PIT,Mitch Wishnowsky,mitch wishnowsky,P,0,0,0,0,0.0,0.0,0.0
2,2026_02_PIT_NE,NE,PIT,Dre'Mont Jones,dremont jones,LB,0,0,0,0,0.0,0.0,0.0
2,2026_02_PIT_NE,NE,PIT,Christian Elliss,christian elliss,LB,0,0,0,0,0.0,0.0,0.0
2,2026_02_PIT_NE,NE,PIT,Milton Williams,milton williams,DT,0,0,0,0,0.0,0.0,0.0
2,2026_02_PIT_NE,NE,PIT,Christian Barmore,christian barmore,DT,0,0,0,0,0.0,0.0,0.0
2,2026_02_PIT_NE,NE,PIT,Marcus Jones,marcus jones,CB,0,0,0,0,0.0,0.0,0.0
2,2026_02_PIT_NE,NE,PIT,Cameron Latu,cameron latu,TE,0,0,0,0,0.0,14.0,0.25
2,2026_02_PIT_NE,NE,PIT,Cory Durden,cory durden,DT,0,0,0,0,0.0,0.0,0.0
2,2026_02_PIT_NE,NE,PIT,Christian Gonzalez,christian gonzalez,CB,0,0,0,0,0.0,0.0,0.0
2,2026_02_PIT_NE,NE,PIT,Charles Woods,charles woods,CB,0,0,0,0,0.0,0.0,0.0
2,2026_02_PIT_NE,NE,PIT,Darius Muasau,darius muasau,LB,0,0,0,0,0.0,0.0,0.0
2,2026_02_PIT_NE,NE,PIT,Drake Maye,drake maye,QB,0,0,0,0,0.0,55.0,1.0
2,2026_02_PIT_NE,NE,PIT,Joshua Farmer,joshua farmer,DT,0,0,0,0,0.0,0.0,0.0
2,2026_02_PIT_NE,NE,PIT,Andy Borregales,andy borregales,K,0,0,0,0,0.0,0.0,0.0
2,2026_02_PIT_NE,NE,PIT,Jaylen Reed,jaylen reed,SAF,0,0,0,0,0.0,0.0,0.0
2,2026_02_PIT_NE,NE,PIT,Corey Kiner,corey kiner,RB,0,0,0,0,0.0,4.0,0.07
2,2026_02_PIT_NE,NE,PIT,Elijah Ponder,elijah ponder,LB,0,0,0,0,0.0,0.0,0.0
2,2026_02_PIT_NE,NE,PIT,Craig Woodson,craig woodson,SAF,0,0,0,0,0.0,0.0,0.0
2,2026_02_PIT_NE,NE,PIT,TreVeyon Henderson,treveyon henderson,RB,0,0,0,0,0.0,33.0,0.6
2,2026_02_PIT_NE,NE,PIT,Karon Prunty,karon prunty,CB,0,0,0,0,0.0,0.0,0.0
2,2026_02_PIT_NE,NE,PIT,Namdi Obiazor,namdi obiazor,LB,0,0,0,0,0.0,0.0,0.0
2,2026_02_PIT_NE,NE,PIT,Quintayvious Hutchins,quintayvious hutchins,LB,0,0,0,0,0.0,0.0,0.0
2,2026_02_PIT_NE,NE,PIT,Erick Hunter,erick hunter,LB,0,0,0,0,0.0,0.0,0.0
2,2026_02_PIT_NE,NE,PIT,Gabe Jacas,gabe jacas,LB,0,0,0,0,0.0,0.0,0.0
2,2026_02_NO_BAL,NO,BAL,Chris Olave,chris olave,WR,10,8,86,1,0.3125,57.0,0.84
2,2026_02_NO_BAL,NO,BAL,Devaughn Vele,devaughn vele,WR,7,5,64,0,0.21875,65.0,0.96
2,2026_02_NO_BAL,NO,BAL,Alvin Kamara,alvin kamara,RB,6,5,7,0,0.1875,20.0,0.29
2,2026_02_NO_BAL,NO,BAL,Juwan Johnson,juwan johnson,TE,4,4,66,0,0.125,36.0,0.53
2,2026_02_NO_BAL,NO,BAL,Travis Etienne,travis etienne,RB,2,2,6,0,0.0625,37.0,0.54
2,2026_02_NO_BAL,NO,BAL,Kevin Austin Jr.,kevin austin,WR,1,1,7,0,0.03125,5.0,0.07
2,2026_02_NO_BAL,NO,BAL,Oscar Delp,oscar delp,TE,1,1,8,0,0.03125,9.0,0.13
2,2026_02_NO_BAL,NO,BAL,Bryce Lance,bryce lance,WR,1,1,8,0,0.03125,54.0,0.79
2,2026_02_NO_BAL,NO,BAL,Cameron Jordan,cameron jordan,LB,0,0,0,0,0.0,0.0,0.0
2,2026_02_NO_BAL,NO,BAL,Davon Godchaux,davon godchaux,DT,0,0,0,0,0.0,0.0,0.0
2,2026_02_NO_BAL,NO,BAL,Daniel Carlson,daniel carlson,K,0,0,0,0,0.0,0.0,0.0
2,2026_02_NO_BAL,NO,BAL,Justin Reid,justin reid,S,0,0,0,0,0.0,0.0,0.0
2,2026_02_NO_BAL,NO,BAL,Nathan Shepherd,nathan shepherd,DE,0,0,0,0,0.0,0.0,0.0
2,2026_02_NO_BAL,NO,BAL,Kaden Elliss,kaden elliss,LB,0,0,0,0,0.0,0.0,0.0
2,2026_02_NO_BAL,NO,BAL,Carl Granderson,carl granderson,DE,0,0,0,0,0.0,0.0,0.0
2,2026_02_NO_BAL,NO,BAL,Noah Fant,noah fant,TE,0,0,0,0,0.0,30.0,0.44
2,2026_02_NO_BAL,NO,BAL,Anfernee Jennings,anfernee jennings,LB,0,0,0,0,0.0,0.0,0.0
2,2026_02_NO_BAL,NO,BAL,Julian Blackmon,julian blackmon,SAF,0,0,0,0,0.0,0.0,0.0
2,2026_02_NO_BAL,NO,BAL,Chase Young,chase young,DE,0,0,0,0,0.0,0.0,0.0
2,2026_02_NO_BAL,NO,BAL,Chris Rumph II,chris rumph,LB,0,0,0,0,0.0,0.0,0.0
2,2026_02_NO_BAL,NO,BAL,Pete Werner,pete werner,LB,0,0,0,0,0.0,0.0,0.0
2,2026_02_NO_BAL,NO,BAL,Martin Emerson,martin emerson,CB,0,0,0,0,0.0,0.0,0.0
2,2026_02_NO_BAL,NO,BAL,Ryan Wright,ryan wright,P,0,0,0,0,0.0,0.0,0.0
2,2026_02_NO_BAL,NO,BAL,Colby Wooden,colby wooden,DE,0,0,0,0,0.0,0.0,0.0
2,2026_02_NO_BAL,NO,BAL,Jayden Price,jayden price,CB,0,0,0,0,0.0,0.0,0.0
2,2026_02_NO_BAL,NO,BAL,Kool-Aid McKinstry,koolaid mckinstry,CB,0,0,0,0,0.0,0.0,0.0
2,2026_02_NO_BAL,NO,BAL,Kelvin Banks Jr.,kelvin banks,OT,0,0,0,0,0.0,40.0,0.59
2,2026_02_NO_BAL,NO,BAL,Danny Stutsman,danny stutsman,LB,0,0,0,0,0.0,0.0,0.0
2,2026_02_NO_BAL,NO,BAL,Quincy Riley,quincy riley,CB,0,0,0,0,0.0,0.0,0.0
2,2026_02_NO_BAL,NO,BAL,Vernon Broughton,vernon broughton,DT,0,0,0,0,0.0,0.0,0.0
2,2026_02_NO_BAL,NO,BAL,Jonas Sanker,jonas sanker,SAF,0,0,0,0,0.0,0.0,0.0
2,2026_02_NO_BAL,NO,BAL,Tyler Shough,tyler shough,QB,0,0,0,0,0.0,68.0,1.0
2,2026_02_NO_BAL,NO,BAL,Barion Brown,barion brown,WR,0,0,0,0,0.0,2.0,0.03
2,2026_02_NO_BAL,NO,BAL,CJ Donaldson,cj donaldson,RB,0,0,0,0,0.0,20.0,0.29
2,2026_02_NYG_LA,NYG,LA,Isaiah Likely,isaiah likely,TE,10,5,33,0,0.3125,40.0,0.69
2,2026_02_NYG_LA,NYG,LA,Malachi Fields,malachi fields,WR,6,2,30,0,0.1875,47.0,0.81
2,2026_02_NYG_LA,NYG,LA,Malik Nabers,malik nabers,WR,4,1,1,0,0.125,43.0,0.74
2,2026_02_NYG_LA,NYG,LA,Theo Johnson,theo johnson,TE,4,0,0,0,0.125,16.0,0.28
2,2026_02_NYG_LA,NYG,LA,Cam Skattebo,cam skattebo,RB,4,4,19,0,0.125,34.0,0.59
2,2026_02_NYG_LA,NYG,LA,Darnell Mooney,darnell mooney,WR,3,2,48,0,0.09375,42.0,0.72
2,2026_02_NYG_LA,NYG,LA,Devin Singletary,devin singletary,RB,1,0,0,0,0.03125,15.0,0.26
2,2026_02_NYG_LA,NYG,LA,Shelby Harris,shelby harris,DE,0,0,0,0,0.0,0.0,0.0
2,2026_02_NYG_LA,NYG,LA,Jameis Winston,jameis winston,QB,0,0,0,0,0.0,51.0,0.88
2,2026_02_NYG_LA,NYG,LA,DJ Reader,dj reader,DT,0,0,0,0,0.0,0.0,0.0
2,2026_02_NYG_LA,NYG,LA,Elijah Campbell,elijah campbell,DB,0,0,0,0,0.0,0.0,0.0
2,2026_02_NYG_LA,NYG,LA,Braxton Berrios,braxton berrios,WR,0,0,0,0,0.0,5.0,0.09
2,2026_02_NYG_LA,NYG,LA,Tremaine Edmunds,tremaine edmunds,MLB,0,0,0,0,0.0,0.0,0.0
2,2026_02_NYG_LA,NYG,LA,Brian Burns,brian burns,LB,0,0,0,0,0.0,0.0,0.0
2,2026_02_NYG_LA,NYG,LA,Jon Runyan,jon runyan,G,0,0,0,0,0.0,58.0,1.0
2,2026_02_NYG_LA,NYG,LA,Ar'Darius Washington,ardarius washington,SAF,0,0,0,0,0.0,0.0,0.0
2,2026_02_NYG_LA,NYG,LA,Najee Harris,najee harris,RB,0,0,0,0,0.0,8.0,0.14
2,2026_02_NYG_LA,NYG,LA,Chauncey Golston,chauncey golston,DE,0,0,0,0,0.0,0.0,0.0
2,2026_02_NYG_LA,NYG,LA,Greg Newsome II,greg newsome,CB,0,0,0,0,0.0,0.0,0.0
2,2026_02_NYG_LA,NYG,LA,Jevon Holland,jevon holland,SAF,0,0,0,0,0.0,0.0,0.0
2,2026_02_NYG_LA,NYG,LA,Jordan Stout,jordan stout,P,0,0,0,0,0.0,0.0,0.0
2,2026_02_NYG_LA,NYG,LA,Zaire Barnes,zaire barnes,LB,0,0,0,0,0.0,0.0,0.0
2,2026_02_NYG_LA,NYG,LA,Nic Jones,nic jones,CB,0,0,0,0,0.0,0.0,0.0
2,2026_02_NYG_LA,NYG,LA,Basil Okoye,basil okoye,DT,0,0,0,0,0.0,0.0,0.0
2,2026_02_NYG_LA,NYG,LA,Tyrone Tracy Jr.,tyrone tracy,RB,0,0,0,0,0.0,1.0,0.02
2,2026_02_NYG_LA,NYG,LA,Andru Phillips,andru phillips,DB,0,0,0,0,0.0,0.0,0.0
2,2026_02_NYG_LA,NYG,LA,Tyler Nubin,tyler nubin,SAF,0,0,0,0,0.0,0.0,0.0
2,2026_02_NYG_LA,NYG,LA,Abdul Carter,abdul carter,LB,0,0,0,0,0.0,0.0,0.0
2,2026_02_NYG_LA,NYG,LA,Jaxson Dart,jaxson dart,QB,0,0,0,0,0.0,7.0,0.12
2,2026_02_NYG_LA,NYG,LA,Dominic Zvada,dominic zvada,K,0,0,0,0,0.0,0.0,0.0
2,2026_02_NYG_LA,NYG,LA,Colton Hood,colton hood,CB,0,0,0,0,0.0,0.0,0.0
2,2026_02_NYG_LA,NYG,LA,Francis Mauigoa,francis mauigoa,OT,0,0,0,0,0.0,58.0,1.0
2,2026_02_NYG_LA,NYG,LA,Arvell Reese,arvell reese,LB,0,0,0,0,0.0,0.0,0.0
2,2026_02_GB_NYJ,NYJ,GB,Adonai Mitchell,adonai mitchell,WR,12,6,63,0,0.3333333333333333,61.0,0.82
2,2026_02_GB_NYJ,NYJ,GB,Garrett Wilson,garrett wilson,WR,7,5,57,1,0.19444444444444445,65.0,0.88
2,2026_02_GB_NYJ,NYJ,GB,Isaiah Williams,isaiah williams,WR,6,6,34,0,0.16666666666666666,61.0,0.82
2,2026_02_GB_NYJ,NYJ,GB,Breece Hall,breece hall,RB,5,5,63,0,0.1388888888888889,48.0,0.65
2,2026_02_GB_NYJ,NYJ,GB,Kenyon Sadiq,kenyon sadiq,TE,3,2,17,0,0.08333333333333333,27.0,0.36
2,2026_02_GB_NYJ,NYJ,GB,Jeremy Ruckert,jeremy ruckert,TE,2,2,5,0,0.05555555555555555,25.0,0.34
2,2026_02_GB_NYJ,NYJ,GB,Braelon Allen,braelon allen,RB,1,1,8,0,0.027777777777777776,23.0,0.31
2,2026_02_GB_NYJ,NYJ,GB,Demario Davis,demario davis,OLB,0,0,0,0,0.0,0.0,0.0
2,2026_02_GB_NYJ,NYJ,GB,Geno Smith,geno smith,QB,0,0,0,0,0.0,74.0,1.0
2,2026_02_GB_NYJ,NYJ,GB,Thomas Hennessy,thomas hennessy,LS,0,0,0,0,0.0,0.0,0.0
2,2026_02_GB_NYJ,NYJ,GB,Harrison Phillips,harrison phillips,DT,0,0,0,0,0.0,0.0,0.0
2,2026_02_GB_NYJ,NYJ,GB,Jason Sanders,jason sanders,K,0,0,0,0,0.0,0.0,0.0
2,2026_02_GB_NYJ,NYJ,GB,Andrew Beck,andrew beck,FB,0,0,0,0,0.0,4.0,0.05
2,2026_02_GB_NYJ,NYJ,GB,Troy Reeder,troy reeder,LB,0,0,0,0,0.0,0.0,0.0
2,2026_02_GB_NYJ,NYJ,GB,Jamien Sherwood,jamien sherwood,LB,0,0,0,0,0.0,0.0,0.0
2,2026_02_GB_NYJ,NYJ,GB,Andre Cisco,andre cisco,SAF,0,0,0,0,0.0,0.0,0.0
2,2026_02_GB_NYJ,NYJ,GB,Brandon Stephens,brandon stephens,CB,0,0,0,0,0.0,0.0,0.0
2,2026_02_GB_NYJ,NYJ,GB,Kingsley Enagbare,kingsley enagbare,LB,0,0,0,0,0.0,0.0,0.0
2,2026_02_GB_NYJ,NYJ,GB,Dane Belton,dane belton,SAF,0,0,0,0,0.0,0.0,0.0
2,2026_02_GB_NYJ,NYJ,GB,Joe Tippmann,joe tippmann,G,0,0,0,0,0.0,74.0,1.0
2,2026_02_GB_NYJ,NYJ,GB,Braiden McGregor,braiden mcgregor,DE,0,0,0,0,0.0,0.0,0.0
2,2026_02_GB_NYJ,NYJ,GB,Jarvis Brownlee Jr.,jarvis brownlee,DB,0,0,0,0,0.0,0.0,0.0
2,2026_02_GB_NYJ,NYJ,GB,Jowon Briggs,jowon briggs,DE,0,0,0,0,0.0,0.0,0.0
2,2026_02_GB_NYJ,NYJ,GB,Austin McNamara,austin mcnamara,P,0,0,0,0,0.0,0.0,0.0
2,2026_02_GB_NYJ,NYJ,GB,Qwan'tez Stiggers,qwantez stiggers,DB,0,0,0,0,0.0,0.0,0.0
2,2026_02_GB_NYJ,NYJ,GB,Isaiah Davis,isaiah davis,RB,0,0,0,0,0.0,0.0,0.0
2,2026_02_GB_NYJ,NYJ,GB,T'Vondre Sweat,tvondre sweat,DT,0,0,0,0,0.0,0.0,0.0
2,2026_02_GB_NYJ,NYJ,GB,Azareye'h Thomas,azareyeh thomas,CB,0,0,0,0,0.0,0.0,0.0
2,2026_02_GB_NYJ,NYJ,GB,Malachi Moore,malachi moore,SAF,0,0,0,0,0.0,0.0,0.0
2,2026_02_GB_NYJ,NYJ,GB,Arian Smith,arian smith,WR,0,0,0,0,0.0,1.0,0.01
2,2026_02_GB_NYJ,NYJ,GB,David Bailey,david bailey,LB,0,0,0,0,0.0,0.0,0.0
2,2026_02_GB_NYJ,NYJ,GB,Darrell Jackson Jr.,darrell jackson,DT,0,0,0,0,0.0,0.0,0.0
2,2026_02_PHI_TEN,PHI,TEN,DeVonta Smith,devonta smith,WR,13,10,117,1,0.38235294117647056,67.0,0.88
2,2026_02_PHI_TEN,PHI,TEN,Dontayvion Wicks,dontayvion wicks,WR,6,5,74,0,0.17647058823529413,47.0,0.62
2,2026_02_PHI_TEN,PHI,TEN,Johnny Mundt,johnny mundt,TE,3,2,8,0,0.08823529411764706,49.0,0.64
2,2026_02_PHI_TEN,PHI,TEN,Darius Cooper,darius cooper,WR,3,2,26,1,0.08823529411764706,31.0,0.41
2,2026_02_PHI_TEN,PHI,TEN,Dallas Goedert,dallas goedert,TE,2,1,4,0,0.058823529411764705,19.0,0.25
2,2026_02_PHI_TEN,PHI,TEN,Saquon Barkley,saquon barkley,RB,2,1,11,0,0.058823529411764705,12.0,0.16
2,2026_02_PHI_TEN,PHI,TEN,Tank Bigsby,tank bigsby,RB,2,2,5,0,0.058823529411764705,26.0,0.34
2,2026_02_PHI_TEN,PHI,TEN,Will Shipley,will shipley,RB,2,2,5,0,0.058823529411764705,39.0,0.51
2,2026_02_PHI_TEN,PHI,TEN,Makai Lemon,makai lemon,WR,1,1,14,0,0.029411764705882353,48.0,0.63
2,2026_02_PHI_TEN,PHI,TEN,Lane Johnson,lane johnson,OT,0,0,0,0,0.0,76.0,1.0
2,2026_02_PHI_TEN,PHI,TEN,Jake Elliott,jake elliott,K,0,0,0,0,0.0,0.0,0.0
2,2026_02_PHI_TEN,PHI,TEN,Marcus Epps,marcus epps,SAF,0,0,0,0,0.0,0.0,0.0
2,2026_02_PHI_TEN,PHI,TEN,Marquise Brown,marquise brown,WR,0,0,0,0,0.0,17.0,0.22
2,2026_02_PHI_TEN,PHI,TEN,Braden Mann,braden mann,P,0,0,0,0,0.0,0.0,0.0
2,2026_02_PHI_TEN,PHI,TEN,Jalen Hurts,jalen hurts,QB,0,0,0,0,0.0,76.0,1.0
2,2026_02_PHI_TEN,PHI,TEN,Zack Baun,zack baun,LB,0,0,0,0,0.0,0.0,0.0
2,2026_02_PHI_TEN,PHI,TEN,Jordan Davis,jordan davis,DT,0,0,0,0,0.0,0.0,0.0
2,2026_02_PHI_TEN,PHI,TEN,Riq Woolen,riq woolen,CB,0,0,0,0,0.0,0.0,0.0
2,2026_02_PHI_TEN,PHI,TEN,Britain Covey,britain covey,WR,0,0,0,0,0.0,0.0,0.0
2,2026_02_PHI_TEN,PHI,TEN,Cam Jurgens,cam jurgens,G,0,0,0,0,0.0,76.0,1.0
2,2026_02_PHI_TEN,PHI,TEN,Arnold Ebiketie,arnold ebiketie,LB,0,0,0,0,0.0,0.0,0.0
2,2026_02_PHI_TEN,PHI,TEN,Jalen Carter,jalen carter,DT,0,0,0,0,0.0,0.0,0.0
2,2026_02_PHI_TEN,PHI,TEN,Moro Ojomo,moro ojomo,DT,0,0,0,0,0.0,0.0,0.0
2,2026_02_PHI_TEN,PHI,TEN,Tyler Steen,tyler steen,G,0,0,0,0,0.0,76.0,1.0
2,2026_02_PHI_TEN,PHI,TEN,Nolan Smith,nolan smith,LB,0,0,0,0,0.0,0.0,0.0
2,2026_02_PHI_TEN,PHI,TEN,Jalyx Hunt,jalyx hunt,LB,0,0,0,0,0.0,0.0,0.0
2,2026_02_PHI_TEN,PHI,TEN,Jeremiah Trotter Jr.,jeremiah trotter,LB,0,0,0,0,0.0,0.0,0.0
2,2026_02_PHI_TEN,PHI,TEN,Cooper DeJean,cooper dejean,CB,0,0,0,0,0.0,0.0,0.0
2,2026_02_PHI_TEN,PHI,TEN,Quinyon Mitchell,quinyon mitchell,CB,0,0,0,0,0.0,0.0,0.0
2,2026_02_PHI_TEN,PHI,TEN,Smael Mondon Jr.,smael mondon,LB,0,0,0,0,0.0,0.0,0.0
2,2026_02_PHI_TEN,PHI,TEN,Jihaad Campbell,jihaad campbell,LB,0,0,0,0,0.0,0.0,0.0
2,2026_02_PHI_TEN,PHI,TEN,Andrew Mukuba,andrew mukuba,SAF,0,0,0,0,0.0,0.0,0.0
2,2026_02_PIT_NE,PIT,NE,DK Metcalf,dk metcalf,WR,9,4,27,0,0.24324324324324326,68.0,0.97
2,2026_02_PIT_NE,PIT,NE,Germie Bernard,germie bernard,WR,8,4,35,0,0.21621621621621623,55.0,0.79
2,2026_02_PIT_NE,PIT,NE,Roman Wilson,roman wilson,WR,6,5,28,0,0.16216216216216217,55.0,0.79
2,2026_02_PIT_NE,PIT,NE,Pat Freiermuth,pat freiermuth,TE,5,4,32,0,0.13513513513513514,46.0,0.66
2,2026_02_PIT_NE,PIT,NE,Jaylen Warren,jaylen warren,RB,4,2,34,0,0.10810810810810811,50.0,0.71
2,2026_02_PIT_NE,PIT,NE,Rico Dowdle,rico dowdle,RB,2,2,22,0,0.05405405405405406,18.0,0.26
2,2026_02_PIT_NE,PIT,NE,Darnell Washington,darnell washington,TE,2,1,7,0,0.05405405405405406,37.0,0.53
2,2026_02_PIT_NE,PIT,NE,Ben Skowronek,ben skowronek,WR,1,1,2,0,0.02702702702702703,15.0,0.21
2,2026_02_PIT_NE,PIT,NE,Aaron Rodgers,aaron rodgers,QB,0,0,0,0,0.0,67.0,0.96
2,2026_02_PIT_NE,PIT,NE,Cameron Heyward,cameron heyward,DE,0,0,0,0,0.0,0.0,0.0
2,2026_02_PIT_NE,PIT,NE,Chris Boswell,chris boswell,K,0,0,0,0,0.0,0.0,0.0
2,2026_02_PIT_NE,PIT,NE,Jalen Ramsey,jalen ramsey,CB,0,0,0,0,0.0,0.0,0.0
2,2026_02_PIT_NE,PIT,NE,Cameron Johnston,cameron johnston,P,0,0,0,0,0.0,0.0,0.0
2,2026_02_PIT_NE,PIT,NE,T.J. Watt,tj watt,OLB,0,0,0,0,0.0,0.0,0.0
2,2026_02_PIT_NE,PIT,NE,Rayshawn Jenkins,rayshawn jenkins,DB,0,0,0,0,0.0,0.0,0.0
2,2026_02_PIT_NE,PIT,NE,Mason Rudolph,mason rudolph,QB,0,0,0,0,0.0,3.0,0.04
2,2026_02_PIT_NE,PIT,NE,Sebastian Joseph-Day,sebastian josephday,DT,0,0,0,0,0.0,0.0,0.0
2,2026_02_PIT_NE,PIT,NE,Cole Holcomb,cole holcomb,LB,0,0,0,0,0.0,0.0,0.0
2,2026_02_PIT_NE,PIT,NE,Travis Homer,travis homer,RB,0,0,0,0,0.0,2.0,0.03
2,2026_02_PIT_NE,PIT,NE,Jamel Dean,jamel dean,CB,0,0,0,0,0.0,0.0,0.0
2,2026_02_PIT_NE,PIT,NE,Patrick Queen,patrick queen,LB,0,0,0,0,0.0,0.0,0.0
2,2026_02_PIT_NE,PIT,NE,Alex Highsmith,alex highsmith,LB,0,0,0,0,0.0,0.0,0.0
2,2026_02_PIT_NE,PIT,NE,Asante Samuel Jr.,asante samuel,CB,0,0,0,0,0.0,0.0,0.0
2,2026_02_PIT_NE,PIT,NE,Jaquan Brisker,jaquan brisker,SAF,0,0,0,0,0.0,0.0,0.0
2,2026_02_PIT_NE,PIT,NE,Nick Herbig,nick herbig,LB,0,0,0,0,0.0,0.0,0.0
2,2026_02_PIT_NE,PIT,NE,Spencer Anderson,spencer anderson,G,0,0,0,0,0.0,67.0,0.96
2,2026_02_PIT_NE,PIT,NE,Keeanu Benton,keeanu benton,DT,0,0,0,0,0.0,0.0,0.0
2,2026_02_PIT_NE,PIT,NE,Payton Wilson,payton wilson,LB,0,0,0,0,0.0,0.0,0.0
2,2026_02_PIT_NE,PIT,NE,Troy Fautanu,troy fautanu,OT,0,0,0,0,0.0,70.0,1.0
2,2026_02_PIT_NE,PIT,NE,Derrick Harmon,derrick harmon,DT,0,0,0,0,0.0,0.0,0.0
2,2026_02_PIT_NE,PIT,NE,Kaden Wetjen,kaden wetjen,WR,0,0,0,0,0.0,0.0,0.0
2,2026_02_PIT_NE,PIT,NE,Robert Spears-Jennings,robert spearsjennings,SAF,0,0,0,0,0.0,0.0,0.0
2,2026_02_PIT_NE,PIT,NE,Eli Heidenreich,eli heidenreich,RB,0,0,0,0,0.0,0.0,0.0
2,2026_02_SEA_ARI,SEA,ARI,Jaxon Smith-Njigba,jaxon smithnjigba,WR,11,9,155,3,0.4230769230769231,47.0,0.67
2,2026_02_SEA_ARI,SEA,ARI,Rashid Shaheed,rashid shaheed,WR,6,3,35,0,0.23076923076923078,39.0,0.56
2,2026_02_SEA_ARI,SEA,ARI,Cooper Kupp,cooper kupp,WR,2,2,20,0,0.07692307692307693,30.0,0.43
2,2026_02_SEA_ARI,SEA,ARI,Jadarian Price,jadarian price,RB,2,1,8,0,0.07692307692307693,24.0,0.34
2,2026_02_SEA_ARI,SEA,ARI,Eric Saubert,eric saubert,TE,1,1,-10,0,0.038461538461538464,17.0,0.24
2,2026_02_SEA_ARI,SEA,ARI,Emanuel Wilson,emanuel wilson,RB,1,0,0,0,0.038461538461538464,29.0,0.41
2,2026_02_SEA_ARI,SEA,ARI,George Holani,george holani,RB,1,1,2,0,0.038461538461538464,18.0,0.26
2,2026_02_SEA_ARI,SEA,ARI,AJ Barner,aj barner,TE,1,1,8,0,0.038461538461538464,56.0,0.8
2,2026_02_SEA_ARI,SEA,ARI,Elijah Arroyo,elijah arroyo,TE,1,1,17,0,0.038461538461538464,15.0,0.21
2,2026_02_SEA_ARI,SEA,ARI,DeMarcus Lawrence,demarcus lawrence,LB,0,0,0,0,0.0,0.0,0.0
2,2026_02_SEA_ARI,SEA,ARI,Jason Myers,jason myers,K,0,0,0,0,0.0,0.0,0.0
2,2026_02_SEA_ARI,SEA,ARI,Leonard Williams,leonard williams,DE,0,0,0,0,0.0,0.0,0.0
2,2026_02_SEA_ARI,SEA,ARI,Jarran Reed,jarran reed,DT,0,0,0,0,0.0,0.0,0.0
2,2026_02_SEA_ARI,SEA,ARI,Michael Dickson,michael dickson,P,0,0,0,0,0.0,0.0,0.0
2,2026_02_SEA_ARI,SEA,ARI,Uchenna Nwosu,uchenna nwosu,LB,0,0,0,0,0.0,0.0,0.0
2,2026_02_SEA_ARI,SEA,ARI,Julian Love,julian love,SAF,0,0,0,0,0.0,0.0,0.0
2,2026_02_SEA_ARI,SEA,ARI,Drew Lock,drew lock,QB,0,0,0,0,0.0,70.0,1.0
2,2026_02_SEA_ARI,SEA,ARI,Ernest Jones,ernest jones,LB,0,0,0,0,0.0,0.0,0.0
2,2026_02_SEA_ARI,SEA,ARI,Chazz Surratt,chazz surratt,LB,0,0,0,0,0.0,0.0,0.0
2,2026_02_SEA_ARI,SEA,ARI,Josh Jobe,josh jobe,CB,0,0,0,0,0.0,0.0,0.0
2,2026_02_SEA_ARI,SEA,ARI,Rodney Thomas,rodney thomas,SAF,0,0,0,0,0.0,0.0,0.0
2,2026_02_SEA_ARI,SEA,ARI,Abraham Lucas,abraham lucas,OT,0,0,0,0,0.0,70.0,1.0
2,2026_02_SEA_ARI,SEA,ARI,AJ Finley,aj finley,SAF,0,0,0,0,0.0,0.0,0.0
2,2026_02_SEA_ARI,SEA,ARI,Drake Thomas,drake thomas,LB,0,0,0,0,0.0,0.0,0.0
2,2026_02_SEA_ARI,SEA,ARI,Derick Hall,derick hall,LB,0,0,0,0,0.0,0.0,0.0
2,2026_02_SEA_ARI,SEA,ARI,Devon Witherspoon,devon witherspoon,CB,0,0,0,0,0.0,0.0,0.0
2,2026_02_SEA_ARI,SEA,ARI,Byron Murphy II,byron murphy,DT,0,0,0,0,0.0,0.0,0.0
2,2026_02_SEA_ARI,SEA,ARI,Nehemiah Pritchett,nehemiah pritchett,CB,0,0,0,0,0.0,0.0,0.0
2,2026_02_SEA_ARI,SEA,ARI,Rylie Mills,rylie mills,DT,0,0,0,0,0.0,0.0,0.0
2,2026_02_SEA_ARI,SEA,ARI,Nick Emmanwori,nick emmanwori,SAF,0,0,0,0,0.0,0.0,0.0
2,2026_02_SEA_ARI,SEA,ARI,Julian Neal,julian neal,CB,0,0,0,0,0.0,0.0,0.0
2,2026_02_SEA_ARI,SEA,ARI,Avery Smith,avery smith,CB,0,0,0,0,0.0,0.0,0.0
2,2026_02_MIA_SF,SF,MIA,Christian McCaffrey,christian mccaffrey,RB,4,4,43,0,0.19047619047619047,27.0,0.52
2,2026_02_MIA_SF,SF,MIA,George Kittle,george kittle,TE,4,4,80,1,0.19047619047619047,25.0,0.48
2,2026_02_MIA_SF,SF,MIA,Deebo Samuel Sr.,deebo samuel,WR,4,3,31,0,0.19047619047619047,31.0,0.6
2,2026_02_MIA_SF,SF,MIA,Mike Evans,mike evans,WR,3,3,54,0,0.14285714285714285,28.0,0.54
2,2026_02_MIA_SF,SF,MIA,Demarcus Robinson,demarcus robinson,WR,3,3,34,0,0.14285714285714285,16.0,0.31
2,2026_02_MIA_SF,SF,MIA,Kyle Juszczyk,kyle juszczyk,FB,2,2,27,1,0.09523809523809523,23.0,0.44
2,2026_02_MIA_SF,SF,MIA,KhaDarel Hodge,khadarel hodge,WR,1,1,18,0,0.047619047619047616,20.0,0.38
2,2026_02_MIA_SF,SF,MIA,Trent Williams,trent williams,OT,0,0,0,0,0.0,44.0,0.85
2,2026_02_MIA_SF,SF,MIA,Eddy Pineiro,eddy pineiro,K,0,0,0,0,0.0,0.0,0.0
2,2026_02_MIA_SF,SF,MIA,Siran Neal,siran neal,DB,0,0,0,0,0.0,0.0,0.0
2,2026_02_MIA_SF,SF,MIA,Fred Warner,fred warner,MLB,0,0,0,0,0.0,0.0,0.0
2,2026_02_MIA_SF,SF,MIA,Dre Greenlaw,dre greenlaw,LB,0,0,0,0,0.0,0.0,0.0
2,2026_02_MIA_SF,SF,MIA,Luke Gifford,luke gifford,LB,0,0,0,0,0.0,0.0,0.0
2,2026_02_MIA_SF,SF,MIA,Nick Bosa,nick bosa,DE,0,0,0,0,0.0,0.0,0.0
2,2026_02_MIA_SF,SF,MIA,Corliss Waitman,corliss waitman,P,0,0,0,0,0.0,0.0,0.0
2,2026_02_MIA_SF,SF,MIA,Ashtyn Davis,ashtyn davis,SAF,0,0,0,0,0.0,0.0,0.0
2,2026_02_MIA_SF,SF,MIA,Khalid Kareem,khalid kareem,DE,0,0,0,0,0.0,0.0,0.0
2,2026_02_MIA_SF,SF,MIA,Deommodore Lenoir,deommodore lenoir,CB,0,0,0,0,0.0,0.0,0.0
2,2026_02_MIA_SF,SF,MIA,Garret Wallow,garret wallow,LB,0,0,0,0,0.0,0.0,0.0
2,2026_02_MIA_SF,SF,MIA,Luke Farrell,luke farrell,TE,0,0,0,0,0.0,28.0,0.54
2,2026_02_MIA_SF,SF,MIA,Osa Odighizuwa,osa odighizuwa,DT,0,0,0,0,0.0,0.0,0.0
2,2026_02_MIA_SF,SF,MIA,Mac Jones,mac jones,QB,0,0,0,0,0.0,8.0,0.15
2,2026_02_MIA_SF,SF,MIA,Vederian Lowe,vederian lowe,OT,0,0,0,0,0.0,8.0,0.15
2,2026_02_MIA_SF,SF,MIA,Brock Purdy,brock purdy,QB,0,0,0,0,0.0,44.0,0.85
2,2026_02_MIA_SF,SF,MIA,Jack Jones,jack jones,CB,0,0,0,0,0.0,0.0,0.0
2,2026_02_MIA_SF,SF,MIA,Ji'Ayir Brown,jiayir brown,SAF,0,0,0,0,0.0,0.0,0.0
2,2026_02_MIA_SF,SF,MIA,Brayden Willis,brayden willis,TE,0,0,0,0,0.0,13.0,0.25
2,2026_02_MIA_SF,SF,MIA,Keion White,keion white,DE,0,0,0,0,0.0,0.0,0.0
2,2026_02_MIA_SF,SF,MIA,Renardo Green,renardo green,CB,0,0,0,0,0.0,0.0,0.0
2,2026_02_MIA_SF,SF,MIA,Malik Mustapha,malik mustapha,SAF,0,0,0,0,0.0,0.0,0.0
2,2026_02_MIA_SF,SF,MIA,Jacob Cowing,jacob cowing,WR,0,0,0,0,0.0,24.0,0.46
2,2026_02_MIA_SF,SF,MIA,Upton Stout,upton stout,CB,0,0,0,0,0.0,0.0,0.0
2,2026_02_MIA_SF,SF,MIA,Jordan James,jordan james,RB,0,0,0,0,0.0,8.0,0.15
2,2026_02_MIA_SF,SF,MIA,Marques Sigle,marques sigle,SAF,0,0,0,0,0.0,0.0,0.0
2,2026_02_MIA_SF,SF,MIA,C.J. West,cj west,DT,0,0,0,0,0.0,0.0,0.0
2,2026_02_MIA_SF,SF,MIA,Kaelon Black,kaelon black,RB,0,0,0,0,0.0,17.0,0.33
2,2026_02_MIA_SF,SF,MIA,Jaden Dugger,jaden dugger,LB,0,0,0,0,0.0,0.0,0.0
2,2026_02_MIA_SF,SF,MIA,James Thompson Jr.,james thompson,DT,0,0,0,0,0.0,0.0,0.0
2,2026_02_MIA_SF,SF,MIA,Romello Height,romello height,DE,0,0,0,0,0.0,0.0,0.0
2,2026_02_MIA_SF,SF,MIA,Gracen Halton,gracen halton,DT,0,0,0,0,0.0,0.0,0.0
2,2026_02_CLE_TB,TB,CLE,Ted Hurst III,ted hurst,WR,7,2,27,0,0.21212121212121213,48.0,0.74
2,2026_02_CLE_TB,TB,CLE,Cade Otton,cade otton,TE,6,5,38,0,0.18181818181818182,58.0,0.89
2,2026_02_CLE_TB,TB,CLE,Emeka Egbuka,emeka egbuka,WR,5,3,16,1,0.15151515151515152,56.0,0.86
2,2026_02_CLE_TB,TB,CLE,Kenny Gainwell,kenny gainwell,RB,4,3,5,0,0.12121212121212122,0.0,0.0
2,2026_02_CLE_TB,TB,CLE,Bucky Irving,bucky irving,RB,4,4,1,0,0.12121212121212122,51.0,0.78
2,2026_02_CLE_TB,TB,CLE,Tez Johnson,tez johnson,WR,4,1,49,0,0.12121212121212122,19.0,0.29
2,2026_02_CLE_TB,TB,CLE,Chris Godwin Jr.,chris godwin,WR,3,3,46,0,0.09090909090909091,56.0,0.86
2,2026_02_CLE_TB,TB,CLE,Rakeem Nunez-Roches,rakeem nunezroches,DT,0,0,0,0,0.0,0.0,0.0
2,2026_02_CLE_TB,TB,CLE,A'Shawn Robinson,ashawn robinson,DT,0,0,0,0,0.0,0.0,0.0
2,2026_02_CLE_TB,TB,CLE,Riley Dixon,riley dixon,P,0,0,0,0,0.0,0.0,0.0
2,2026_02_CLE_TB,TB,CLE,Alex Anzalone,alex anzalone,MLB,0,0,0,0,0.0,0.0,0.0
2,2026_02_CLE_TB,TB,CLE,Vita Vea,vita vea,DT,0,0,0,0,0.0,0.0,0.0
2,2026_02_CLE_TB,TB,CLE,Baker Mayfield,baker mayfield,QB,0,0,0,0,0.0,65.0,1.0
2,2026_02_CLE_TB,TB,CLE,Anthony Nelson,anthony nelson,LB,0,0,0,0,0.0,0.0,0.0
2,2026_02_CLE_TB,TB,CLE,Chase McLaughlin,chase mclaughlin,K,0,0,0,0,0.0,0.0,0.0
2,2026_02_CLE_TB,TB,CLE,Ben Bredeson,ben bredeson,G,0,0,0,0,0.0,65.0,1.0
2,2026_02_CLE_TB,TB,CLE,Antoine Winfield Jr.,antoine winfield,SAF,0,0,0,0,0.0,0.0,0.0
2,2026_02_CLE_TB,TB,CLE,Zyon McCollum,zyon mccollum,CB,0,0,0,0,0.0,0.0,0.0
2,2026_02_CLE_TB,TB,CLE,SirVocea Dennis,sirvocea dennis,LB,0,0,0,0,0.0,0.0,0.0
2,2026_02_CLE_TB,TB,CLE,Calijah Kancey,calijah kancey,DT,0,0,0,0,0.0,0.0,0.0
2,2026_02_CLE_TB,TB,CLE,Yaya Diaby,yaya diaby,LB,0,0,0,0,0.0,0.0,0.0
2,2026_02_CLE_TB,TB,CLE,Kameron Johnson,kameron johnson,WR,0,0,0,0,0.0,0.0,0.0
2,2026_02_CLE_TB,TB,CLE,Tykee Smith,tykee smith,SAF,0,0,0,0,0.0,0.0,0.0
2,2026_02_CLE_TB,TB,CLE,Graham Barton,graham barton,C,0,0,0,0,0.0,65.0,1.0
2,2026_02_CLE_TB,TB,CLE,Kevin Knowles,kevin knowles,DB,0,0,0,0,0.0,0.0,0.0
2,2026_02_CLE_TB,TB,CLE,David Walker,david walker,LB,0,0,0,0,0.0,0.0,0.0
2,2026_02_CLE_TB,TB,CLE,Elijah Roberts,elijah roberts,DE,0,0,0,0,0.0,0.0,0.0
2,2026_02_CLE_TB,TB,CLE,Benjamin Morrison,benjamin morrison,CB,0,0,0,0,0.0,0.0,0.0
2,2026_02_CLE_TB,TB,CLE,Keionte Scott,keionte scott,CB,0,0,0,0,0.0,0.0,0.0
2,2026_02_CLE_TB,TB,CLE,Josiah Trotter,josiah trotter,LB,0,0,0,0,0.0,0.0,0.0
2,2026_02_PHI_TEN,TEN,PHI,Carnell Tate,carnell tate,WR,5,3,27,0,0.29411764705882354,40.0,0.75
2,2026_02_PHI_TEN,TEN,PHI,Elic Ayomanor,elic ayomanor,WR,3,2,69,0,0.17647058823529413,28.0,0.53
2,2026_02_PHI_TEN,TEN,PHI,Calvin Ridley,calvin ridley,WR,2,2,35,0,0.11764705882352941,33.0,0.62
2,2026_02_PHI_TEN,TEN,PHI,Tyjae Spears,tyjae spears,RB,2,2,29,0,0.11764705882352941,19.0,0.36
2,2026_02_PHI_TEN,TEN,PHI,Gunnar Helm,gunnar helm,TE,2,2,13,0,0.11764705882352941,46.0,0.87
2,2026_02_PHI_TEN,TEN,PHI,Tony Pollard,tony pollard,RB,1,1,1,0,0.058823529411764705,29.0,0.55
2,2026_02_PHI_TEN,TEN,PHI,Daniel Bellinger,daniel bellinger,TE,1,0,0,0,0.058823529411764705,24.0,0.45
2,2026_02_PHI_TEN,TEN,PHI,Wan'Dale Robinson,wandale robinson,WR,1,1,9,0,0.058823529411764705,28.0,0.53
2,2026_02_PHI_TEN,TEN,PHI,Solomon Thomas,solomon thomas,DT,0,0,0,0,0.0,0.0,0.0
2,2026_02_PHI_TEN,TEN,PHI,Austin Schlottmann,austin schlottmann,C,0,0,0,0,0.0,53.0,1.0
2,2026_02_PHI_TEN,TEN,PHI,Jacob Martin,jacob martin,DE,0,0,0,0,0.0,0.0,0.0
2,2026_02_PHI_TEN,TEN,PHI,John Franklin-Myers,john franklinmyers,DE,0,0,0,0,0.0,0.0,0.0
2,2026_02_PHI_TEN,TEN,PHI,Joey Slye,joey slye,K,0,0,0,0,0.0,0.0,0.0
2,2026_02_PHI_TEN,TEN,PHI,Amani Hooker,amani hooker,SAF,0,0,0,0,0.0,0.0,0.0
2,2026_02_PHI_TEN,TEN,PHI,Jeffery Simmons,jeffery simmons,DT,0,0,0,0,0.0,0.0,0.0
2,2026_02_PHI_TEN,TEN,PHI,Cody Barton,cody barton,LB,0,0,0,0,0.0,0.0,0.0
2,2026_02_PHI_TEN,TEN,PHI,Tommy Townsend,tommy townsend,P,0,0,0,0,0.0,0.0,0.0
2,2026_02_PHI_TEN,TEN,PHI,Jordan Elliott,jordan elliott,DT,0,0,0,0,0.0,0.0,0.0
2,2026_02_PHI_TEN,TEN,PHI,Terrell Burgess,terrell burgess,SAF,0,0,0,0,0.0,0.0,0.0
2,2026_02_PHI_TEN,TEN,PHI,Julius Chestnut,julius chestnut,RB,0,0,0,0,0.0,0.0,0.0
2,2026_02_PHI_TEN,TEN,PHI,Jermaine Johnson II,jermaine johnson,DE,0,0,0,0,0.0,0.0,0.0
2,2026_02_PHI_TEN,TEN,PHI,Alontae Taylor,alontae taylor,CB,0,0,0,0,0.0,0.0,0.0
2,2026_02_PHI_TEN,TEN,PHI,Truman Jones,truman jones,DE,0,0,0,0,0.0,0.0,0.0
2,2026_02_PHI_TEN,TEN,PHI,Erick Hallett,erick hallett,SAF,0,0,0,0,0.0,0.0,0.0
2,2026_02_PHI_TEN,TEN,PHI,JC Latham,jc latham,OT,0,0,0,0,0.0,53.0,1.0
2,2026_02_PHI_TEN,TEN,PHI,Cedric Gray,cedric gray,LB,0,0,0,0,0.0,0.0,0.0
2,2026_02_PHI_TEN,TEN,PHI,Micah Robinson,micah robinson,CB,0,0,0,0,0.0,0.0,0.0
2,2026_02_PHI_TEN,TEN,PHI,Nazir Stackhouse,nazir stackhouse,DT,0,0,0,0,0.0,0.0,0.0
2,2026_02_PHI_TEN,TEN,PHI,Kevin Winston Jr.,kevin winston,SAF,0,0,0,0,0.0,0.0,0.0
2,2026_02_PHI_TEN,TEN,PHI,Marcus Harris,marcus harris,CB,0,0,0,0,0.0,0.0,0.0
2,2026_02_PHI_TEN,TEN,PHI,Cam Ward,cam ward,QB,0,0,0,0,0.0,53.0,1.0
2,2026_02_PHI_TEN,TEN,PHI,Chimere Dike,chimere dike,WR,0,0,0,0,0.0,2.0,0.04
2,2026_02_PHI_TEN,TEN,PHI,Oluwafemi Oladejo,oluwafemi oladejo,DE,0,0,0,0,0.0,0.0,0.0
2,2026_02_PHI_TEN,TEN,PHI,Nicholas Singleton,nicholas singleton,RB,0,0,0,0,0.0,6.0,0.11
2,2026_02_PHI_TEN,TEN,PHI,Anthony Hill Jr.,anthony hill,LB,0,0,0,0,0.0,0.0,0.0
2,2026_02_PHI_TEN,TEN,PHI,Keldric Faulk,keldric faulk,DE,0,0,0,0,0.0,0.0,0.0
2,2026_02_WAS_DAL,WAS,DAL,Terry McLaurin,terry mclaurin,WR,9,2,50,0,0.2647058823529412,50.0,0.7
2,2026_02_WAS_DAL,WAS,DAL,Stefon Diggs,stefon diggs,WR,6,5,47,2,0.17647058823529413,36.0,0.51
2,2026_02_WAS_DAL,WAS,DAL,Dyami Brown,dyami brown,WR,6,4,21,0,0.17647058823529413,39.0,0.55
2,2026_02_WAS_DAL,WAS,DAL,Rachaad White,rachaad white,RB,6,6,40,0,0.17647058823529413,37.0,0.52
2,2026_02_WAS_DAL,WAS,DAL,Antonio Williams,antonio williams,WR,3,3,24,0,0.08823529411764706,35.0,0.49
2,2026_02_WAS_DAL,WAS,DAL,Treylon Burks,treylon burks,WR,1,0,0,0,0.029411764705882353,21.0,0.3
2,2026_02_WAS_DAL,WAS,DAL,Colson Yankoff,colson yankoff,TE,1,1,14,0,0.029411764705882353,21.0,0.3
2,2026_02_WAS_DAL,WAS,DAL,Ben Sinnott,ben sinnott,TE,1,1,6,0,0.029411764705882353,48.0,0.68
2,2026_02_WAS_DAL,WAS,DAL,Jacory Croskey-Merritt,jacory croskeymerritt,RB,1,1,5,0,0.029411764705882353,26.0,0.37
2,2026_02_WAS_DAL,WAS,DAL,Tress Way,tress way,P,0,0,0,0,0.0,0.0,0.0
2,2026_02_WAS_DAL,WAS,DAL,Marcus Mariota,marcus mariota,QB,0,0,0,0,0.0,32.0,0.45
2,2026_02_WAS_DAL,WAS,DAL,Rasul Douglas,rasul douglas,CB,0,0,0,0,0.0,0.0,0.0
2,2026_02_WAS_DAL,WAS,DAL,Fabian Moreau,fabian moreau,CB,0,0,0,0,0.0,0.0,0.0
2,2026_02_WAS_DAL,WAS,DAL,Daron Payne,daron payne,NT,0,0,0,0,0.0,0.0,0.0
2,2026_02_WAS_DAL,WAS,DAL,Dorance Armstrong,dorance armstrong,DE,0,0,0,0,0.0,0.0,0.0
2,2026_02_WAS_DAL,WAS,DAL,Tim Settle,tim settle,DT,0,0,0,0,0.0,0.0,0.0
2,2026_02_WAS_DAL,WAS,DAL,Jeremy Reaves,jeremy reaves,DB,0,0,0,0,0.0,0.0,0.0
2,2026_02_WAS_DAL,WAS,DAL,Charles Omenihu,charles omenihu,DE,0,0,0,0,0.0,0.0,0.0
2,2026_02_WAS_DAL,WAS,DAL,Javon Kinlaw,javon kinlaw,DT,0,0,0,0,0.0,0.0,0.0
2,2026_02_WAS_DAL,WAS,DAL,K'Lavon Chaisson,klavon chaisson,LB,0,0,0,0,0.0,0.0,0.0
2,2026_02_WAS_DAL,WAS,DAL,Amik Robertson,amik robertson,CB,0,0,0,0,0.0,0.0,0.0
2,2026_02_WAS_DAL,WAS,DAL,Odafe Oweh,odafe oweh,LB,0,0,0,0,0.0,0.0,0.0
2,2026_02_WAS_DAL,WAS,DAL,Nick Cross,nick cross,SAF,0,0,0,0,0.0,0.0,0.0
2,2026_02_WAS_DAL,WAS,DAL,Leo Chenal,leo chenal,LB,0,0,0,0,0.0,0.0,0.0
2,2026_02_WAS_DAL,WAS,DAL,Quan Martin,quan martin,SAF,0,0,0,0,0.0,0.0,0.0
2,2026_02_WAS_DAL,WAS,DAL,Javontae Jean-Baptiste,javontae jeanbaptiste,LB,0,0,0,0,0.0,0.0,0.0
2,2026_02_WAS_DAL,WAS,DAL,Mike Sainristil,mike sainristil,CB,0,0,0,0,0.0,0.0,0.0
2,2026_02_WAS_DAL,WAS,DAL,Jayden Daniels,jayden daniels,QB,0,0,0,0,0.0,39.0,0.55
2,2026_02_WAS_DAL,WAS,DAL,Brandon Coleman,brandon coleman,G,0,0,0,0,0.0,61.0,0.86
2,2026_02_WAS_DAL,WAS,DAL,Jaylin Lane,jaylin lane,WR,0,0,0,0,0.0,11.0,0.15
2,2026_02_WAS_DAL,WAS,DAL,Ale Kaho,ale kaho,LB,0,0,0,0,0.0,0.0,0.0
2,2026_02_WAS_DAL,WAS,DAL,Josh Conerly Jr.,josh conerly,OT,0,0,0,0,0.0,71.0,1.0
2,2026_02_WAS_DAL,WAS,DAL,Sonny Styles,sonny styles,LB,0,0,0,0,0.0,0.0,0.0
2,2026_02_WAS_DAL,WAS,DAL,Kaytron Allen,kaytron allen,RB,0,0,0,0,0.0,6.0,0.08
2,2026_02_WAS_DAL,WAS,DAL,Drew Stevens,drew stevens,K,0,0,0,0,0.0,0.0,0.0
3,2026_03_ARI_SF,ARI,SF,Michael Wilson,michael wilson,WR,17,11,89,1,0.34,81.0,0.93
3,2026_03_ARI_SF,ARI,SF,Trey McBride,trey mcbride,TE,11,9,75,0,0.22,79.0,0.91
3,2026_03_ARI_SF,ARI,SF,Marvin Harrison Jr.,marvin harrison,WR,5,3,40,0,0.1,67.0,0.77
3,2026_03_ARI_SF,ARI,SF,Jeremiyah Love,jeremiyah love,RB,5,5,19,1,0.1,56.0,0.64
3,2026_03_ARI_SF,ARI,SF,Tyler Allgeier,tyler allgeier,RB,4,4,10,0,0.08,31.0,0.36
3,2026_03_ARI_SF,ARI,SF,Kendrick Bourne,kendrick bourne,WR,3,2,22,0,0.06,48.0,0.55
3,2026_03_ARI_SF,ARI,SF,Elijah Higgins,elijah higgins,TE,3,3,20,0,0.06,35.0,0.4
3,2026_03_ARI_SF,ARI,SF,Hunter Long,hunter long,TE,1,1,5,0,0.02,30.0,0.34
3,2026_03_ARI_SF,ARI,SF,Jalen Brooks,jalen brooks,WR,1,0,0,0,0.02,4.0,0.05
3,2026_03_ARI_SF,ARI,SF,Jacoby Brissett,jacoby brissett,QB,0,0,0,0,0.0,87.0,1.0
3,2026_03_ARI_SF,ARI,SF,Elijah Wilkinson,elijah wilkinson,OT,0,0,0,0,0.0,87.0,1.0
3,2026_03_ARI_SF,ARI,SF,Budda Baker,budda baker,S,0,0,0,0,0.0,0.0,0.0
3,2026_03_ARI_SF,ARI,SF,Josh Sweat,josh sweat,LB,0,0,0,0,0.0,0.0,0.0
3,2026_03_ARI_SF,ARI,SF,Mack Wilson,mack wilson,LB,0,0,0,0,0.0,0.0,0.0
3,2026_03_ARI_SF,ARI,SF,Andrew Wingard,andrew wingard,SAF,0,0,0,0,0.0,0.0,0.0
3,2026_03_ARI_SF,ARI,SF,Blake Gillikin,blake gillikin,P,0,0,0,0,0.0,0.0,0.0
3,2026_03_ARI_SF,ARI,SF,Devin Duvernay,devin duvernay,WR,0,0,0,0,0.0,0.0,0.0
3,2026_03_ARI_SF,ARI,SF,Simi Fehoko,simi fehoko,WR,0,0,0,0,0.0,0.0,0.0
3,2026_03_ARI_SF,ARI,SF,Zaven Collins,zaven collins,LB,0,0,0,0,0.0,0.0,0.0
3,2026_03_ARI_SF,ARI,SF,Baron Browning,baron browning,LB,0,0,0,0,0.0,0.0,0.0
3,2026_03_ARI_SF,ARI,SF,Jack Gibbens,jack gibbens,LB,0,0,0,0,0.0,0.0,0.0
3,2026_03_ARI_SF,ARI,SF,Paris Johnson Jr.,paris johnson,OT,0,0,0,0,0.0,87.0,1.0
3,2026_03_ARI_SF,ARI,SF,Chad Ryland,chad ryland,K,0,0,0,0,0.0,0.0,0.0
3,2026_03_ARI_SF,ARI,SF,Dante Stills,dante stills,DT,0,0,0,0,0.0,0.0,0.0
3,2026_03_ARI_SF,ARI,SF,Eku Leota,eku leota,LB,0,0,0,0,0.0,0.0,0.0
3,2026_03_ARI_SF,ARI,SF,Garrett Williams,garrett williams,CB,0,0,0,0,0.0,0.0,0.0
3,2026_03_ARI_SF,ARI,SF,Kalen King,kalen king,CB,0,0,0,0,0.0,0.0,0.0
3,2026_03_ARI_SF,ARI,SF,Max Melton,max melton,CB,0,0,0,0,0.0,0.0,0.0
3,2026_03_ARI_SF,ARI,SF,Isaiah Adams,isaiah adams,G,0,0,0,0,0.0,87.0,1.0
3,2026_03_ARI_SF,ARI,SF,Darius Robinson,darius robinson,DL,0,0,0,0,0.0,0.0,0.0
3,2026_03_ARI_SF,ARI,SF,Denzel Burke,denzel burke,CB,0,0,0,0,0.0,0.0,0.0
3,2026_03_ARI_SF,ARI,SF,Cody Simon,cody simon,LB,0,0,0,0,0.0,0.0,0.0
3,2026_03_ARI_SF,ARI,SF,Walter Nolen,walter nolen,DT,0,0,0,0,0.0,0.0,0.0
3,2026_03_ARI_SF,ARI,SF,Karson Sharar,karson sharar,LB,0,0,0,0,0.0,0.0,0.0
3,2026_03_ARI_SF,ARI,SF,Wydett Williams Jr.,wydett williams,SAF,0,0,0,0,0.0,0.0,0.0
3,2026_03_ATL_GB,ATL,GB,Drake London,drake london,WR,10,9,194,0,0.43478260869565216,66.0,0.93
3,2026_03_ATL_GB,ATL,GB,Jahan Dotson,jahan dotson,WR,3,1,11,0,0.13043478260869565,47.0,0.66
3,2026_03_ATL_GB,ATL,GB,Austin Hooper,austin hooper,TE,2,2,11,1,0.08695652173913043,16.0,0.23
3,2026_03_ATL_GB,ATL,GB,Olamide Zaccheaus,olamide zaccheaus,WR,2,2,9,0,0.08695652173913043,24.0,0.34
3,2026_03_ATL_GB,ATL,GB,Kyle Pitts,kyle pitts,TE,2,1,5,0,0.08695652173913043,42.0,0.59
3,2026_03_ATL_GB,ATL,GB,Bijan Robinson,bijan robinson,RB,2,2,19,0,0.08695652173913043,51.0,0.72
3,2026_03_ATL_GB,ATL,GB,Zachariah Branch,zachariah branch,WR,2,1,7,0,0.08695652173913043,13.0,0.18
3,2026_03_ATL_GB,ATL,GB,Nick Folk,nick folk,K,0,0,0,0,0.0,0.0,0.0
3,2026_03_ATL_GB,ATL,GB,Za'Darius Smith,zadarius smith,DE,0,0,0,0,0.0,0.0,0.0
3,2026_03_ATL_GB,ATL,GB,Jessie Bates,jessie bates,FS,0,0,0,0,0.0,0.0,0.0
3,2026_03_ATL_GB,ATL,GB,Josh Woods,josh woods,LB,0,0,0,0,0.0,0.0,0.0
3,2026_03_ATL_GB,ATL,GB,Mike Hughes,mike hughes,CB,0,0,0,0,0.0,0.0,0.0
3,2026_03_ATL_GB,ATL,GB,Jawaan Taylor,jawaan taylor,OT,0,0,0,0,0.0,71.0,1.0
3,2026_03_ATL_GB,ATL,GB,Jake Bailey,jake bailey,P,0,0,0,0,0.0,0.0,0.0
3,2026_03_ATL_GB,ATL,GB,LaCale London,lacale london,DE,0,0,0,0,0.0,0.0,0.0
3,2026_03_ATL_GB,ATL,GB,C.J. Henderson,cj henderson,CB,0,0,0,0,0.0,0.0,0.0
3,2026_03_ATL_GB,ATL,GB,Chris Blair,chris blair,WR,0,0,0,0,0.0,13.0,0.18
3,2026_03_ATL_GB,ATL,GB,Ryan Neuzil,ryan neuzil,G,0,0,0,0,0.0,71.0,1.0
3,2026_03_ATL_GB,ATL,GB,Divine Deablo,divine deablo,LB,0,0,0,0,0.0,0.0,0.0
3,2026_03_ATL_GB,ATL,GB,Nick Muse,nick muse,TE,0,0,0,0,0.0,17.0,0.24
3,2026_03_ATL_GB,ATL,GB,Brian Robinson,brian robinson,RB,0,0,0,0,0.0,19.0,0.27
3,2026_03_ATL_GB,ATL,GB,Cameron Thomas,cameron thomas,DE,0,0,0,0,0.0,0.0,0.0
3,2026_03_ATL_GB,ATL,GB,Christian Harris,christian harris,LB,0,0,0,0,0.0,0.0,0.0
3,2026_03_ATL_GB,ATL,GB,Zach Harrison,zach harrison,DE,0,0,0,0,0.0,0.0,0.0
3,2026_03_ATL_GB,ATL,GB,Sydney Brown,sydney brown,SAF,0,0,0,0,0.0,0.0,0.0
3,2026_03_ATL_GB,ATL,GB,Gervon Dexter Sr.,gervon dexter,DT,0,0,0,0,0.0,0.0,0.0
3,2026_03_ATL_GB,ATL,GB,Bralen Trice,bralen trice,LB,0,0,0,0,0.0,0.0,0.0
3,2026_03_ATL_GB,ATL,GB,Brandon Dorlus,brandon dorlus,DE,0,0,0,0,0.0,0.0,0.0
3,2026_03_ATL_GB,ATL,GB,Maason Smith,maason smith,DT,0,0,0,0,0.0,0.0,0.0
3,2026_03_ATL_GB,ATL,GB,Michael Penix Jr.,michael penix,QB,0,0,0,0,0.0,71.0,1.0
3,2026_03_ATL_GB,ATL,GB,Xavier Watts,xavier watts,SAF,0,0,0,0,0.0,0.0,0.0
3,2026_03_ATL_GB,ATL,GB,Billy Bowman Jr.,billy bowman,CB,0,0,0,0,0.0,0.0,0.0
3,2026_03_ATL_GB,ATL,GB,Kendal Daniels,kendal daniels,LB,0,0,0,0,0.0,0.0,0.0
3,2026_03_ATL_GB,ATL,GB,Harold Perkins Jr.,harold perkins,LB,0,0,0,0,0.0,0.0,0.0
3,2026_03_ATL_GB,ATL,GB,Avieon Terrell,avieon terrell,CB,0,0,0,0,0.0,0.0,0.0
3,2026_03_ATL_GB,ATL,GB,,nan,,0,0,0,0,0.0,0.0,0.0
3,2026_03_BAL_DAL,BAL,DAL,Zay Flowers,zay flowers,WR,6,5,84,0,0.3,21.0,0.33
3,2026_03_BAL_DAL,BAL,DAL,Mark Andrews,mark andrews,TE,5,3,24,0,0.25,33.0,0.52
3,2026_03_BAL_DAL,BAL,DAL,Rashod Bateman,rashod bateman,WR,3,2,37,0,0.15,56.0,0.88
3,2026_03_BAL_DAL,BAL,DAL,Matthew Hibner,matthew hibner,TE,2,2,23,1,0.1,32.0,0.5
3,2026_03_BAL_DAL,BAL,DAL,Chris Moore,chris moore,WR,1,1,4,1,0.05,33.0,0.52
3,2026_03_BAL_DAL,BAL,DAL,Derrick Henry,derrick henry,RB,1,1,0,0,0.05,43.0,0.67
3,2026_03_BAL_DAL,BAL,DAL,Devontez Walker,devontez walker,WR,1,0,0,0,0.05,17.0,0.27
3,2026_03_BAL_DAL,BAL,DAL,Josh Cuevas,josh cuevas,TE,1,1,14,0,0.05,16.0,0.25
3,2026_03_BAL_DAL,BAL,DAL,Calais Campbell,calais campbell,DE,0,0,0,0,0.0,0.0,0.0
3,2026_03_BAL_DAL,BAL,DAL,John Jenkins,john jenkins,DT,0,0,0,0,0.0,0.0,0.0
3,2026_03_BAL_DAL,BAL,DAL,Marlon Humphrey,marlon humphrey,CB,0,0,0,0,0.0,0.0,0.0
3,2026_03_BAL_DAL,BAL,DAL,Chidobe Awuzie,chidobe awuzie,CB,0,0,0,0,0.0,0.0,0.0
3,2026_03_BAL_DAL,BAL,DAL,Trey Hendrickson,trey hendrickson,LB,0,0,0,0,0.0,0.0,0.0
3,2026_03_BAL_DAL,BAL,DAL,Lamar Jackson,lamar jackson,QB,0,0,0,0,0.0,64.0,1.0
3,2026_03_BAL_DAL,BAL,DAL,Roquan Smith,roquan smith,ILB,0,0,0,0,0.0,0.0,0.0
3,2026_03_BAL_DAL,BAL,DAL,Justice Hill,justice hill,RB,0,0,0,0,0.0,21.0,0.33
3,2026_03_BAL_DAL,BAL,DAL,Nick Moore,nick moore,LS,0,0,0,0,0.0,0.0,0.0
3,2026_03_BAL_DAL,BAL,DAL,Nnamdi Madubuike,nnamdi madubuike,DT,0,0,0,0,0.0,0.0,0.0
3,2026_03_BAL_DAL,BAL,DAL,Jaylinn Hawkins,jaylinn hawkins,SAF,0,0,0,0,0.0,0.0,0.0
3,2026_03_BAL_DAL,BAL,DAL,John Simpson,john simpson,G,0,0,0,0,0.0,64.0,1.0
3,2026_03_BAL_DAL,BAL,DAL,Travis Jones,travis jones,DT,0,0,0,0,0.0,0.0,0.0
3,2026_03_BAL_DAL,BAL,DAL,Kyle Hamilton,kyle hamilton,SAF,0,0,0,0,0.0,0.0,0.0
3,2026_03_BAL_DAL,BAL,DAL,Trenton Simpson,trenton simpson,LB,0,0,0,0,0.0,0.0,0.0
3,2026_03_BAL_DAL,BAL,DAL,Tavius Robinson,tavius robinson,LB,0,0,0,0,0.0,0.0,0.0
3,2026_03_BAL_DAL,BAL,DAL,Jovaughn Gwyn,jovaughn gwyn,C,0,0,0,0,0.0,46.0,0.72
3,2026_03_BAL_DAL,BAL,DAL,Nate Wiggins,nate wiggins,CB,0,0,0,0,0.0,0.0,0.0
3,2026_03_BAL_DAL,BAL,DAL,Rasheen Ali,rasheen ali,RB,0,0,0,0,0.0,0.0,0.0
3,2026_03_BAL_DAL,BAL,DAL,Carson Vinson,carson vinson,OT,0,0,0,0,0.0,64.0,1.0
3,2026_03_BAL_DAL,BAL,DAL,Tyler Loop,tyler loop,K,0,0,0,0,0.0,0.0,0.0
3,2026_03_BAL_DAL,BAL,DAL,LaJohntay Wester,lajohntay wester,WR,0,0,0,0,0.0,11.0,0.17
3,2026_03_BAL_DAL,BAL,DAL,Jay Higgins,jay higgins,LB,0,0,0,0,0.0,0.0,0.0
3,2026_03_BAL_DAL,BAL,DAL,Keondre Jackson,keondre jackson,SAF,0,0,0,0,0.0,0.0,0.0
3,2026_03_BAL_DAL,BAL,DAL,Malaki Starks,malaki starks,SAF,0,0,0,0,0.0,0.0,0.0
3,2026_03_BAL_DAL,BAL,DAL,Mike Green,mike green,LB,0,0,0,0,0.0,0.0,0.0
3,2026_03_BAL_DAL,BAL,DAL,Chandler Rivers,chandler rivers,CB,0,0,0,0,0.0,0.0,0.0
3,2026_03_BAL_DAL,BAL,DAL,Ryan Eckley,ryan eckley,P,0,0,0,0,0.0,0.0,0.0
3,2026_03_BAL_DAL,BAL,DAL,Zion Young,zion young,LB,0,0,0,0,0.0,0.0,0.0
3,2026_03_LAC_BUF,BUF,LAC,DJ Moore,dj moore,WR,10,6,67,0,0.38461538461538464,42.0,0.64
3,2026_03_LAC_BUF,BUF,LAC,Ty Johnson,ty johnson,RB,4,4,50,0,0.15384615384615385,15.0,0.23
3,2026_03_LAC_BUF,BUF,LAC,Khalil Shakir,khalil shakir,WR,3,1,6,0,0.11538461538461539,48.0,0.73
3,2026_03_LAC_BUF,BUF,LAC,Dalton Kincaid,dalton kincaid,TE,3,2,38,0,0.11538461538461539,44.0,0.67
3,2026_03_LAC_BUF,BUF,LAC,Keon Coleman,keon coleman,WR,2,1,37,0,0.07692307692307693,32.0,0.48
3,2026_03_LAC_BUF,BUF,LAC,Josh Allen,josh allen,QB,1,1,1,0,0.038461538461538464,66.0,1.0
3,2026_03_LAC_BUF,BUF,LAC,Dawson Knox,dawson knox,TE,1,1,5,0,0.038461538461538464,46.0,0.7
3,2026_03_LAC_BUF,BUF,LAC,James Cook,james cook,RB,1,0,0,0,0.038461538461538464,44.0,0.67
3,2026_03_LAC_BUF,BUF,LAC,Jackson Hawes,jackson hawes,TE,1,0,0,0,0.038461538461538464,25.0,0.38
3,2026_03_LAC_BUF,BUF,LAC,Dion Dawkins,dion dawkins,OT,0,0,0,0,0.0,66.0,1.0
3,2026_03_LAC_BUF,BUF,LAC,Bradley Chubb,bradley chubb,OLB,0,0,0,0,0.0,0.0,0.0
3,2026_03_LAC_BUF,BUF,LAC,Ed Oliver,ed oliver,DT,0,0,0,0,0.0,0.0,0.0
3,2026_03_LAC_BUF,BUF,LAC,C.J. Gardner-Johnson,cj gardnerjohnson,SAF,0,0,0,0,0.0,0.0,0.0
3,2026_03_LAC_BUF,BUF,LAC,Greg Dortch,greg dortch,WR,0,0,0,0,0.0,5.0,0.08
3,2026_03_LAC_BUF,BUF,LAC,Greg Gaines,greg gaines,DT,0,0,0,0,0.0,0.0,0.0
3,2026_03_LAC_BUF,BUF,LAC,Sam Franklin Jr.,sam franklin,SAF,0,0,0,0,0.0,0.0,0.0
3,2026_03_LAC_BUF,BUF,LAC,Tyler Bass,tyler bass,K,0,0,0,0,0.0,0.0,0.0
3,2026_03_LAC_BUF,BUF,LAC,Damar Hamlin,damar hamlin,SAF,0,0,0,0,0.0,0.0,0.0
3,2026_03_LAC_BUF,BUF,LAC,Greg Rousseau,greg rousseau,LB,0,0,0,0,0.0,0.0,0.0
3,2026_03_LAC_BUF,BUF,LAC,Spencer Brown,spencer brown,OT,0,0,0,0,0.0,66.0,1.0
3,2026_03_LAC_BUF,BUF,LAC,Dee Alford,dee alford,CB,0,0,0,0,0.0,0.0,0.0
3,2026_03_LAC_BUF,BUF,LAC,Terrel Bernard,terrel bernard,LB,0,0,0,0,0.0,0.0,0.0
3,2026_03_LAC_BUF,BUF,LAC,Christian Benford,christian benford,CB,0,0,0,0,0.0,0.0,0.0
3,2026_03_LAC_BUF,BUF,LAC,Alec Anderson,alec anderson,OT,0,0,0,0,0.0,66.0,1.0
3,2026_03_LAC_BUF,BUF,LAC,Dorian Williams,dorian williams,LB,0,0,0,0,0.0,0.0,0.0
3,2026_03_LAC_BUF,BUF,LAC,Te'Cory Couch,tecory couch,DB,0,0,0,0,0.0,0.0,0.0
3,2026_03_LAC_BUF,BUF,LAC,Joe Andreessen,joe andreessen,LB,0,0,0,0,0.0,0.0,0.0
3,2026_03_LAC_BUF,BUF,LAC,Cole Bishop,cole bishop,SAF,0,0,0,0,0.0,0.0,0.0
3,2026_03_LAC_BUF,BUF,LAC,DeWayne Carter,dewayne carter,DT,0,0,0,0,0.0,0.0,0.0
3,2026_03_LAC_BUF,BUF,LAC,Landon Jackson,landon jackson,DE,0,0,0,0,0.0,0.0,0.0
3,2026_03_LAC_BUF,BUF,LAC,Maxwell Hairston,maxwell hairston,CB,0,0,0,0,0.0,0.0,0.0
3,2026_03_LAC_BUF,BUF,LAC,Deone Walker,deone walker,DT,0,0,0,0,0.0,0.0,0.0
3,2026_03_LAC_BUF,BUF,LAC,Tommy Doman Jr.,tommy doman,P,0,0,0,0,0.0,0.0,0.0
3,2026_03_LAC_BUF,BUF,LAC,Davison Igbinosun,davison igbinosun,CB,0,0,0,0,0.0,0.0,0.0
3,2026_03_LAC_BUF,BUF,LAC,Kaleb Elarms-Orr,kaleb elarmsorr,LB,0,0,0,0,0.0,0.0,0.0
3,2026_03_CAR_CLE,CAR,CLE,Darren Waller,darren waller,TE,8,5,51,0,0.19047619047619047,39.0,0.51
3,2026_03_CAR_CLE,CAR,CLE,Brycen Tremayne,brycen tremayne,WR,6,4,83,0,0.14285714285714285,62.0,0.81
3,2026_03_CAR_CLE,CAR,CLE,John Metchie III,john metchie,WR,5,2,19,1,0.11904761904761904,43.0,0.56
3,2026_03_CAR_CLE,CAR,CLE,Tetairoa McMillan,tetairoa mcmillan,WR,5,2,17,0,0.11904761904761904,73.0,0.95
3,2026_03_CAR_CLE,CAR,CLE,Chuba Hubbard,chuba hubbard,RB,4,4,28,0,0.09523809523809523,65.0,0.84
3,2026_03_CAR_CLE,CAR,CLE,Tommy Tremble,tommy tremble,TE,4,3,41,0,0.09523809523809523,37.0,0.48
3,2026_03_CAR_CLE,CAR,CLE,Jalen Coker,jalen coker,WR,4,2,18,0,0.09523809523809523,28.0,0.36
3,2026_03_CAR_CLE,CAR,CLE,Mitchell Evans,mitchell evans,TE,3,3,36,0,0.07142857142857142,21.0,0.27
3,2026_03_CAR_CLE,CAR,CLE,David Moore,david moore,WR,2,0,0,0,0.047619047619047616,5.0,0.06
3,2026_03_CAR_CLE,CAR,CLE,AJ Dillon,aj dillon,RB,1,1,-2,0,0.023809523809523808,12.0,0.16
3,2026_03_CAR_CLE,CAR,CLE,Sam Martin,sam martin,P,0,0,0,0,0.0,0.0,0.0
3,2026_03_CAR_CLE,CAR,CLE,Mike Jackson,mike jackson,CB,0,0,0,0,0.0,0.0,0.0
3,2026_03_CAR_CLE,CAR,CLE,Tyrel Dodson,tyrel dodson,LB,0,0,0,0,0.0,0.0,0.0
3,2026_03_CAR_CLE,CAR,CLE,Bobby Okereke,bobby okereke,ILB,0,0,0,0,0.0,0.0,0.0
3,2026_03_CAR_CLE,CAR,CLE,Derrick Brown,derrick brown,DT,0,0,0,0,0.0,0.0,0.0
3,2026_03_CAR_CLE,CAR,CLE,Trevis Gipson,trevis gipson,LB,0,0,0,0,0.0,0.0,0.0
3,2026_03_CAR_CLE,CAR,CLE,Isaiah Simmons,isaiah simmons,SAF,0,0,0,0,0.0,0.0,0.0
3,2026_03_CAR_CLE,CAR,CLE,Feleipe Franks,feleipe franks,TE,0,0,0,0,0.0,0.0,0.0
3,2026_03_CAR_CLE,CAR,CLE,Bobby Brown III,bobby brown,DT,0,0,0,0,0.0,0.0,0.0
3,2026_03_CAR_CLE,CAR,CLE,Jaelan Phillips,jaelan phillips,LB,0,0,0,0,0.0,0.0,0.0
3,2026_03_CAR_CLE,CAR,CLE,Jaycee Horn,jaycee horn,CB,0,0,0,0,0.0,0.0,0.0
3,2026_03_CAR_CLE,CAR,CLE,Tre'von Moehrig,trevon moehrig,SAF,0,0,0,0,0.0,0.0,0.0
3,2026_03_CAR_CLE,CAR,CLE,Patrick Jones II,patrick jones,LB,0,0,0,0,0.0,0.0,0.0
3,2026_03_CAR_CLE,CAR,CLE,Rasheed Walker,rasheed walker,OT,0,0,0,0,0.0,77.0,1.0
3,2026_03_CAR_CLE,CAR,CLE,Akayleb Evans,akayleb evans,CB,0,0,0,0,0.0,0.0,0.0
3,2026_03_CAR_CLE,CAR,CLE,Thomas Incoom,thomas incoom,LB,0,0,0,0,0.0,0.0,0.0
3,2026_03_CAR_CLE,CAR,CLE,Bryce Young,bryce young,QB,0,0,0,0,0.0,77.0,1.0
3,2026_03_CAR_CLE,CAR,CLE,Chau Smith-Wade,chau smithwade,CB,0,0,0,0,0.0,0.0,0.0
3,2026_03_CAR_CLE,CAR,CLE,Maema Njongmeta,maema njongmeta,LB,0,0,0,0,0.0,0.0,0.0
3,2026_03_CAR_CLE,CAR,CLE,Princely Umanmielen,princely umanmielen,LB,0,0,0,0,0.0,0.0,0.0
3,2026_03_CAR_CLE,CAR,CLE,Lathan Ransom,lathan ransom,SAF,0,0,0,0,0.0,0.0,0.0
3,2026_03_CAR_CLE,CAR,CLE,Ryan Fitzgerald,ryan fitzgerald,K,0,0,0,0,0.0,0.0,0.0
3,2026_03_CAR_CLE,CAR,CLE,Anthony Tyus III,anthony tyus,RB,0,0,0,0,0.0,0.0,0.0
3,2026_03_CAR_CLE,CAR,CLE,TeRah Edwards,terah edwards,DT,0,0,0,0,0.0,0.0,0.0
3,2026_03_CAR_CLE,CAR,CLE,Monroe Freeling,monroe freeling,OT,0,0,0,0,0.0,77.0,1.0
3,2026_03_CAR_CLE,CAR,CLE,Will Lee III,will lee,CB,0,0,0,0,0.0,0.0,0.0
3,2026_03_CAR_CLE,CAR,CLE,Zakee Wheatley,zakee wheatley,SAF,0,0,0,0,0.0,0.0,0.0
3,2026_03_CAR_CLE,CAR,CLE,Jackson Kuwatch,jackson kuwatch,LB,0,0,0,0,0.0,0.0,0.0
3,2026_03_CAR_CLE,CAR,CLE,Aaron Hall,aaron hall,DT,0,0,0,0,0.0,0.0,0.0
3,2026_03_CAR_CLE,CAR,CLE,Lee Hunter,lee hunter,DT,0,0,0,0,0.0,0.0,0.0
3,2026_03_PHI_CHI,CHI,PHI,Luther Burden III,luther burden,WR,11,7,61,1,0.3235294117647059,44.0,0.61
3,2026_03_PHI_CHI,CHI,PHI,Kalif Raymond,kalif raymond,WR,7,6,90,1,0.20588235294117646,54.0,0.75
3,2026_03_PHI_CHI,CHI,PHI,Rome Odunze,rome odunze,WR,6,3,44,0,0.17647058823529413,61.0,0.85
3,2026_03_PHI_CHI,CHI,PHI,Colston Loveland,colston loveland,TE,4,4,31,0,0.11764705882352941,57.0,0.79
3,2026_03_PHI_CHI,CHI,PHI,D'Andre Swift,dandre swift,RB,3,2,4,0,0.08823529411764706,50.0,0.69
3,2026_03_PHI_CHI,CHI,PHI,Cole Kmet,cole kmet,TE,1,0,0,0,0.029411764705882353,43.0,0.6
3,2026_03_PHI_CHI,CHI,PHI,Zavion Thomas,zavion thomas,WR,1,1,1,0,0.029411764705882353,8.0,0.11
3,2026_03_PHI_CHI,CHI,PHI,Sam Roush,sam roush,TE,1,1,16,0,0.029411764705882353,16.0,0.22
3,2026_03_PHI_CHI,CHI,PHI,Case Keenum,case keenum,QB,0,0,0,0,0.0,72.0,1.0
3,2026_03_PHI_CHI,CHI,PHI,Cairo Santos,cairo santos,K,0,0,0,0,0.0,0.0,0.0
3,2026_03_PHI_CHI,CHI,PHI,Grady Jarrett,grady jarrett,DT,0,0,0,0,0.0,0.0,0.0
3,2026_03_PHI_CHI,CHI,PHI,Xavier Woods,xavier woods,FS,0,0,0,0,0.0,0.0,0.0
3,2026_03_PHI_CHI,CHI,PHI,Cam Lewis,cam lewis,CB,0,0,0,0,0.0,0.0,0.0
3,2026_03_PHI_CHI,CHI,PHI,T.J. Edwards,tj edwards,LB,0,0,0,0,0.0,0.0,0.0
3,2026_03_PHI_CHI,CHI,PHI,Devin Bush,devin bush,LB,0,0,0,0,0.0,0.0,0.0
3,2026_03_PHI_CHI,CHI,PHI,Montez Sweat,montez sweat,DE,0,0,0,0,0.0,0.0,0.0
3,2026_03_PHI_CHI,CHI,PHI,Jonah Jackson,jonah jackson,G,0,0,0,0,0.0,72.0,1.0
3,2026_03_PHI_CHI,CHI,PHI,Jaylon Johnson,jaylon johnson,CB,0,0,0,0,0.0,0.0,0.0
3,2026_03_PHI_CHI,CHI,PHI,James Lynch,james lynch,DT,0,0,0,0,0.0,0.0,0.0
3,2026_03_PHI_CHI,CHI,PHI,Neville Gallimore,neville gallimore,DT,0,0,0,0,0.0,0.0,0.0
3,2026_03_PHI_CHI,CHI,PHI,Dayo Odeyingbo,dayo odeyingbo,DE,0,0,0,0,0.0,0.0,0.0
3,2026_03_PHI_CHI,CHI,PHI,Elijah Hicks,elijah hicks,SAF,0,0,0,0,0.0,0.0,0.0
3,2026_03_PHI_CHI,CHI,PHI,D'Marco Jackson,dmarco jackson,LB,0,0,0,0,0.0,0.0,0.0
3,2026_03_PHI_CHI,CHI,PHI,Tory Taylor,tory taylor,P,0,0,0,0,0.0,0.0,0.0
3,2026_03_PHI_CHI,CHI,PHI,Austin Booker,austin booker,DE,0,0,0,0,0.0,0.0,0.0
3,2026_03_PHI_CHI,CHI,PHI,Kyle Monangai,kyle monangai,RB,0,0,0,0,0.0,22.0,0.31
3,2026_03_PHI_CHI,CHI,PHI,Malik Muhammad,malik muhammad,CB,0,0,0,0,0.0,0.0,0.0
3,2026_03_PHI_CHI,CHI,PHI,Dillon Thieneman,dillon thieneman,SAF,0,0,0,0,0.0,0.0,0.0
3,2026_03_CIN_PIT,CIN,PIT,Ja'Marr Chase,jamarr chase,WR,12,9,98,1,0.32432432432432434,57.0,1.0
3,2026_03_CIN_PIT,CIN,PIT,Tee Higgins,tee higgins,WR,7,6,90,1,0.1891891891891892,53.0,0.93
3,2026_03_CIN_PIT,CIN,PIT,Dohnte Meyers,dohnte meyers,WR,5,3,29,0,0.13513513513513514,32.0,0.56
3,2026_03_CIN_PIT,CIN,PIT,Samaje Perine,samaje perine,RB,3,1,5,0,0.08108108108108109,18.0,0.32
3,2026_03_CIN_PIT,CIN,PIT,Mike Gesicki,mike gesicki,TE,3,3,37,1,0.08108108108108109,29.0,0.51
3,2026_03_CIN_PIT,CIN,PIT,Tanner Hudson,tanner hudson,TE,2,2,13,0,0.05405405405405406,13.0,0.23
3,2026_03_CIN_PIT,CIN,PIT,Drew Sample,drew sample,TE,2,1,0,0,0.05405405405405406,29.0,0.51
3,2026_03_CIN_PIT,CIN,PIT,Chase Brown,chase brown,RB,2,2,8,0,0.05405405405405406,40.0,0.7
3,2026_03_CIN_PIT,CIN,PIT,Colbie Young,colbie young,WR,1,1,2,0,0.02702702702702703,1.0,0.02
3,2026_03_CIN_PIT,CIN,PIT,Ted Karras,ted karras,C,0,0,0,0,0.0,57.0,1.0
3,2026_03_CIN_PIT,CIN,PIT,Jonathan Allen,jonathan allen,DT,0,0,0,0,0.0,0.0,0.0
3,2026_03_CIN_PIT,CIN,PIT,Jalen Davis,jalen davis,CB,0,0,0,0,0.0,0.0,0.0
3,2026_03_CIN_PIT,CIN,PIT,Oren Burks,oren burks,ILB,0,0,0,0,0.0,0.0,0.0
3,2026_03_CIN_PIT,CIN,PIT,Joe Giles-Harris,joe gilesharris,LB,0,0,0,0,0.0,0.0,0.0
3,2026_03_CIN_PIT,CIN,PIT,Dexter Lawrence,dexter lawrence,DT,0,0,0,0,0.0,0.0,0.0
3,2026_03_CIN_PIT,CIN,PIT,Kyle Dugger,kyle dugger,SAF,0,0,0,0,0.0,0.0,0.0
3,2026_03_CIN_PIT,CIN,PIT,Joe Burrow,joe burrow,QB,0,0,0,0,0.0,57.0,1.0
3,2026_03_CIN_PIT,CIN,PIT,Tedarrell Slaton,tedarrell slaton,DT,0,0,0,0,0.0,0.0,0.0
3,2026_03_CIN_PIT,CIN,PIT,Evan McPherson,evan mcpherson,K,0,0,0,0,0.0,0.0,0.0
3,2026_03_CIN_PIT,CIN,PIT,Bryan Cook,bryan cook,SAF,0,0,0,0,0.0,0.0,0.0
3,2026_03_CIN_PIT,CIN,PIT,Daxton Hill,daxton hill,DB,0,0,0,0,0.0,0.0,0.0
3,2026_03_CIN_PIT,CIN,PIT,Boye Mafe,boye mafe,DE,0,0,0,0,0.0,0.0,0.0
3,2026_03_CIN_PIT,CIN,PIT,Myles Murphy,myles murphy,DE,0,0,0,0,0.0,0.0,0.0
3,2026_03_CIN_PIT,CIN,PIT,DJ Turner II,dj turner,CB,0,0,0,0,0.0,0.0,0.0
3,2026_03_CIN_PIT,CIN,PIT,Jordan Battle,jordan battle,SAF,0,0,0,0,0.0,0.0,0.0
3,2026_03_CIN_PIT,CIN,PIT,D.J. Ivey,dj ivey,CB,0,0,0,0,0.0,0.0,0.0
3,2026_03_CIN_PIT,CIN,PIT,Swayze Bozeman,swayze bozeman,LB,0,0,0,0,0.0,0.0,0.0
3,2026_03_CIN_PIT,CIN,PIT,Ryan Rehkow,ryan rehkow,P,0,0,0,0,0.0,0.0,0.0
3,2026_03_CIN_PIT,CIN,PIT,PJ Jules,pj jules,SAF,0,0,0,0,0.0,0.0,0.0
3,2026_03_CIN_PIT,CIN,PIT,Cedric Johnson,cedric johnson,DE,0,0,0,0,0.0,0.0,0.0
3,2026_03_CIN_PIT,CIN,PIT,Kris Jenkins,kris jenkins,DT,0,0,0,0,0.0,0.0,0.0
3,2026_03_CIN_PIT,CIN,PIT,Amarius Mims,amarius mims,OT,0,0,0,0,0.0,57.0,1.0
3,2026_03_CIN_PIT,CIN,PIT,Barrett Carter,barrett carter,LB,0,0,0,0,0.0,0.0,0.0
3,2026_03_CIN_PIT,CIN,PIT,Tahj Brooks,tahj brooks,RB,0,0,0,0,0.0,0.0,0.0
3,2026_03_CIN_PIT,CIN,PIT,Ke'Shawn Williams,keshawn williams,WR,0,0,0,0,0.0,0.0,0.0
3,2026_03_CIN_PIT,CIN,PIT,Demetrius Knight Jr.,demetrius knight,LB,0,0,0,0,0.0,0.0,0.0
3,2026_03_CIN_PIT,CIN,PIT,Tacario Davis,tacario davis,CB,0,0,0,0,0.0,0.0,0.0
3,2026_03_CIN_PIT,CIN,PIT,Cashius Howell,cashius howell,DE,0,0,0,0,0.0,0.0,0.0
3,2026_03_CAR_CLE,CLE,CAR,Harold Fannin Jr.,harold fannin,TE,9,7,51,2,0.3,60.0,0.86
3,2026_03_CAR_CLE,CLE,CAR,KC Concepcion,kc concepcion,WR,9,2,9,0,0.3,60.0,0.86
3,2026_03_CAR_CLE,CLE,CAR,Raheim Sanders,raheim sanders,RB,5,4,34,0,0.16666666666666666,30.0,0.43
3,2026_03_CAR_CLE,CLE,CAR,Denzel Boston,denzel boston,WR,4,2,41,0,0.13333333333333333,62.0,0.89
3,2026_03_CAR_CLE,CLE,CAR,Quinshon Judkins,quinshon judkins,RB,2,2,9,0,0.06666666666666667,36.0,0.51
3,2026_03_CAR_CLE,CLE,CAR,Michael Burton,michael burton,FB,1,0,0,0,0.03333333333333333,15.0,0.21
3,2026_03_CAR_CLE,CLE,CAR,Maliek Collins,maliek collins,DT,0,0,0,0,0.0,0.0,0.0
3,2026_03_CAR_CLE,CLE,CAR,Deshaun Watson,deshaun watson,QB,0,0,0,0,0.0,69.0,0.99
3,2026_03_CAR_CLE,CLE,CAR,Derek Barnett,derek barnett,DE,0,0,0,0,0.0,0.0,0.0
3,2026_03_CAR_CLE,CLE,CAR,Corey Bojorquez,corey bojorquez,P,0,0,0,0,0.0,0.0,0.0
3,2026_03_CAR_CLE,CLE,CAR,Denzel Ward,denzel ward,CB,0,0,0,0,0.0,0.0,0.0
3,2026_03_CAR_CLE,CLE,CAR,Tytus Howard,tytus howard,OT,0,0,0,0,0.0,70.0,1.0
3,2026_03_CAR_CLE,CLE,CAR,Quincy Williams,quincy williams,LB,0,0,0,0,0.0,0.0,0.0
3,2026_03_CAR_CLE,CLE,CAR,Grant Delpit,grant delpit,SAF,0,0,0,0,0.0,0.0,0.0
3,2026_03_CAR_CLE,CLE,CAR,Daniel Thomas,daniel thomas,SAF,0,0,0,0,0.0,0.0,0.0
3,2026_03_CAR_CLE,CLE,CAR,Tylan Wallace,tylan wallace,WR,0,0,0,0,0.0,14.0,0.2
3,2026_03_CAR_CLE,CLE,CAR,Sam Williams,sam williams,DE,0,0,0,0,0.0,0.0,0.0
3,2026_03_CAR_CLE,CLE,CAR,Andre Szmyt,andre szmyt,K,0,0,0,0,0.0,0.0,0.0
3,2026_03_CAR_CLE,CLE,CAR,Mekhi Blackmon,mekhi blackmon,DB,0,0,0,0,0.0,0.0,0.0
3,2026_03_CAR_CLE,CLE,CAR,Isaiah McGuire,isaiah mcguire,DE,0,0,0,0,0.0,0.0,0.0
3,2026_03_CAR_CLE,CLE,CAR,Ronnie Hickman Jr.,ronnie hickman,SAF,0,0,0,0,0.0,0.0,0.0
3,2026_03_CAR_CLE,CLE,CAR,Myles Harden,myles harden,CB,0,0,0,0,0.0,0.0,0.0
3,2026_03_CAR_CLE,CLE,CAR,Jared Verse,jared verse,DE,0,0,0,0,0.0,0.0,0.0
3,2026_03_CAR_CLE,CLE,CAR,Mike Hall Jr.,mike hall,DT,0,0,0,0,0.0,0.0,0.0
3,2026_03_CAR_CLE,CLE,CAR,Malachi Corley,malachi corley,WR,0,0,0,0,0.0,1.0,0.01
3,2026_03_CAR_CLE,CLE,CAR,Adin Huntington,adin huntington,DE,0,0,0,0,0.0,0.0,0.0
3,2026_03_CAR_CLE,CLE,CAR,Easton Mascarenas-Arnold,easton mascarenasarnold,LB,0,0,0,0,0.0,0.0,0.0
3,2026_03_CAR_CLE,CLE,CAR,Carson Schwesinger,carson schwesinger,LB,0,0,0,0,0.0,0.0,0.0
3,2026_03_CAR_CLE,CLE,CAR,Shedeur Sanders,shedeur sanders,QB,0,0,0,0,0.0,1.0,0.01
3,2026_03_CAR_CLE,CLE,CAR,Mason Graham,mason graham,DT,0,0,0,0,0.0,0.0,0.0
3,2026_03_CAR_CLE,CLE,CAR,Spencer Fano,spencer fano,OT,0,0,0,0,0.0,70.0,1.0
3,2026_03_CAR_CLE,CLE,CAR,Austin Barber,austin barber,OT,0,0,0,0,0.0,70.0,1.0
3,2026_03_CAR_CLE,CLE,CAR,Toriano Pride Jr.,toriano pride,CB,0,0,0,0,0.0,0.0,0.0
3,2026_03_CAR_CLE,CLE,CAR,Carsen Ryan,carsen ryan,TE,0,0,0,0,0.0,0.0,0.0
3,2026_03_CAR_CLE,CLE,CAR,Emmanuel McNeil-Warren,emmanuel mcneilwarren,SAF,0,0,0,0,0.0,0.0,0.0
3,2026_03_BAL_DAL,DAL,BAL,George Pickens,george pickens,WR,11,7,82,0,0.275,63.0,0.85
3,2026_03_BAL_DAL,DAL,BAL,CeeDee Lamb,ceedee lamb,WR,8,7,112,0,0.2,61.0,0.82
3,2026_03_BAL_DAL,DAL,BAL,Ryan Flournoy,ryan flournoy,WR,8,2,22,0,0.2,49.0,0.66
3,2026_03_BAL_DAL,DAL,BAL,Jake Ferguson,jake ferguson,TE,5,3,23,1,0.125,51.0,0.69
3,2026_03_BAL_DAL,DAL,BAL,Javonte Williams,javonte williams,RB,3,2,5,0,0.075,56.0,0.76
3,2026_03_BAL_DAL,DAL,BAL,KaVontae Turpin,kavontae turpin,WR,2,1,9,0,0.05,12.0,0.16
3,2026_03_BAL_DAL,DAL,BAL,Tyler Goodson,tyler goodson,RB,1,1,-5,0,0.025,11.0,0.15
3,2026_03_BAL_DAL,DAL,BAL,Luke Schoonmaker,luke schoonmaker,TE,1,1,9,0,0.025,16.0,0.22
3,2026_03_BAL_DAL,DAL,BAL,Brevyn Spann-Ford,brevyn spannford,TE,1,1,19,0,0.025,28.0,0.38
3,2026_03_BAL_DAL,DAL,BAL,Von Miller,von miller,OLB,0,0,0,0,0.0,0.0,0.0
3,2026_03_BAL_DAL,DAL,BAL,Bryan Anger,bryan anger,P,0,0,0,0,0.0,0.0,0.0
3,2026_03_BAL_DAL,DAL,BAL,Dak Prescott,dak prescott,QB,0,0,0,0,0.0,74.0,1.0
3,2026_03_BAL_DAL,DAL,BAL,Jonathan Bullard,jonathan bullard,DE,0,0,0,0,0.0,0.0,0.0
3,2026_03_BAL_DAL,DAL,BAL,Kenny Clark,kenny clark,NT,0,0,0,0,0.0,0.0,0.0
3,2026_03_BAL_DAL,DAL,BAL,Rashan Gary,rashan gary,LB,0,0,0,0,0.0,0.0,0.0
3,2026_03_BAL_DAL,DAL,BAL,Jalen Thompson,jalen thompson,DB,0,0,0,0,0.0,0.0,0.0
3,2026_03_BAL_DAL,DAL,BAL,Quinnen Williams,quinnen williams,DT,0,0,0,0,0.0,0.0,0.0
3,2026_03_BAL_DAL,DAL,BAL,Terence Steele,terence steele,OT,0,0,0,0,0.0,73.0,0.99
3,2026_03_BAL_DAL,DAL,BAL,Otito Ogbonnia,otito ogbonnia,DT,0,0,0,0,0.0,0.0,0.0
3,2026_03_BAL_DAL,DAL,BAL,DaRon Bland,daron bland,CB,0,0,0,0,0.0,0.0,0.0
3,2026_03_BAL_DAL,DAL,BAL,James Houston,james houston,LB,0,0,0,0,0.0,0.0,0.0
3,2026_03_BAL_DAL,DAL,BAL,Markquese Bell,markquese bell,SAF,0,0,0,0,0.0,0.0,0.0
3,2026_03_BAL_DAL,DAL,BAL,Brandon Aubrey,brandon aubrey,K,0,0,0,0,0.0,0.0,0.0
3,2026_03_BAL_DAL,DAL,BAL,Dee Winters,dee winters,LB,0,0,0,0,0.0,0.0,0.0
3,2026_03_BAL_DAL,DAL,BAL,Caelen Carson,caelen carson,DB,0,0,0,0,0.0,0.0,0.0
3,2026_03_BAL_DAL,DAL,BAL,Reddy Steward,reddy steward,DB,0,0,0,0,0.0,0.0,0.0
3,2026_03_BAL_DAL,DAL,BAL,Shavon Revel Jr.,shavon revel,CB,0,0,0,0,0.0,0.0,0.0
3,2026_03_BAL_DAL,DAL,BAL,Alijah Clark,alijah clark,DB,0,0,0,0,0.0,0.0,0.0
3,2026_03_BAL_DAL,DAL,BAL,Donovan Ezeiruaku,donovan ezeiruaku,LB,0,0,0,0,0.0,0.0,0.0
3,2026_03_BAL_DAL,DAL,BAL,Caleb Downs,caleb downs,SAF,0,0,0,0,0.0,0.0,0.0
3,2026_03_BAL_DAL,DAL,BAL,Jaishawn Barham,jaishawn barham,LB,0,0,0,0,0.0,0.0,0.0
3,2026_03_BAL_DAL,DAL,BAL,LT Overton,lt overton,DT,0,0,0,0,0.0,0.0,0.0
3,2026_03_BAL_DAL,DAL,BAL,Malachi Lawrence,malachi lawrence,LB,0,0,0,0,0.0,0.0,0.0
3,2026_03_LA_DEN,DEN,LA,Courtland Sutton,courtland sutton,WR,7,3,46,0,0.22580645161290322,58.0,0.87
3,2026_03_LA_DEN,DEN,LA,Jaylen Waddle,jaylen waddle,WR,7,2,10,0,0.22580645161290322,49.0,0.73
3,2026_03_LA_DEN,DEN,LA,RJ Harvey,rj harvey,RB,7,6,41,0,0.22580645161290322,24.0,0.36
3,2026_03_LA_DEN,DEN,LA,Evan Engram,evan engram,TE,2,0,0,0,0.06451612903225806,40.0,0.6
3,2026_03_LA_DEN,DEN,LA,J.K. Dobbins,jk dobbins,RB,2,1,4,0,0.06451612903225806,33.0,0.49
3,2026_03_LA_DEN,DEN,LA,Nate Adkins,nate adkins,TE,2,1,8,1,0.06451612903225806,23.0,0.34
3,2026_03_LA_DEN,DEN,LA,Pat Bryant,pat bryant,WR,2,2,44,1,0.06451612903225806,47.0,0.7
3,2026_03_LA_DEN,DEN,LA,Tyler Badie,tyler badie,RB,1,1,12,0,0.03225806451612903,12.0,0.18
3,2026_03_LA_DEN,DEN,LA,Troy Franklin,troy franklin,WR,1,1,21,0,0.03225806451612903,12.0,0.18
3,2026_03_LA_DEN,DEN,LA,Alex Singleton,alex singleton,LB,0,0,0,0,0.0,0.0,0.0
3,2026_03_LA_DEN,DEN,LA,Wil Lutz,wil lutz,K,0,0,0,0,0.0,0.0,0.0
3,2026_03_LA_DEN,DEN,LA,D.J. Jones,dj jones,DT,0,0,0,0,0.0,0.0,0.0
3,2026_03_LA_DEN,DEN,LA,Garett Bolles,garett bolles,OT,0,0,0,0,0.0,67.0,1.0
3,2026_03_LA_DEN,DEN,LA,Zach Allen,zach allen,DE,0,0,0,0,0.0,0.0,0.0
3,2026_03_LA_DEN,DEN,LA,Malcolm Roach,malcolm roach,DT,0,0,0,0,0.0,0.0,0.0
3,2026_03_LA_DEN,DEN,LA,Brandon Jones,brandon jones,SAF,0,0,0,0,0.0,0.0,0.0
3,2026_03_LA_DEN,DEN,LA,Justin Strnad,justin strnad,LB,0,0,0,0,0.0,0.0,0.0
3,2026_03_LA_DEN,DEN,LA,Talanoa Hufanga,talanoa hufanga,SAF,0,0,0,0,0.0,0.0,0.0
3,2026_03_LA_DEN,DEN,LA,Devon Key,devon key,SAF,0,0,0,0,0.0,0.0,0.0
3,2026_03_LA_DEN,DEN,LA,Adam Prentice,adam prentice,FB,0,0,0,0,0.0,4.0,0.06
3,2026_03_LA_DEN,DEN,LA,Pat Surtain II,pat surtain,CB,0,0,0,0,0.0,0.0,0.0
3,2026_03_LA_DEN,DEN,LA,Mitchell Fraboni,mitchell fraboni,LS,0,0,0,0,0.0,0.0,0.0
3,2026_03_LA_DEN,DEN,LA,Nik Bonitto,nik bonitto,LB,0,0,0,0,0.0,0.0,0.0
3,2026_03_LA_DEN,DEN,LA,Luke Wattenberg,luke wattenberg,C,0,0,0,0,0.0,67.0,1.0
3,2026_03_LA_DEN,DEN,LA,Dondrea Tillman,dondrea tillman,LB,0,0,0,0,0.0,0.0,0.0
3,2026_03_LA_DEN,DEN,LA,Eyioma Uwazurike,eyioma uwazurike,DT,0,0,0,0,0.0,0.0,0.0
3,2026_03_LA_DEN,DEN,LA,Riley Moss,riley moss,CB,0,0,0,0,0.0,0.0,0.0
3,2026_03_LA_DEN,DEN,LA,JL Skinner,jl skinner,SAF,0,0,0,0,0.0,0.0,0.0
3,2026_03_LA_DEN,DEN,LA,Kris Abrams-Draine,kris abramsdraine,CB,0,0,0,0,0.0,0.0,0.0
3,2026_03_LA_DEN,DEN,LA,Bo Nix,bo nix,QB,0,0,0,0,0.0,67.0,1.0
3,2026_03_LA_DEN,DEN,LA,Jonah Elliss,jonah elliss,LB,0,0,0,0,0.0,0.0,0.0
3,2026_03_LA_DEN,DEN,LA,Que Robinson,que robinson,LB,0,0,0,0,0.0,0.0,0.0
3,2026_03_LA_DEN,DEN,LA,Jeremy Crawshaw,jeremy crawshaw,P,0,0,0,0,0.0,0.0,0.0
3,2026_03_LA_DEN,DEN,LA,Jordan Turner,jordan turner,LB,0,0,0,0,0.0,0.0,0.0
3,2026_03_LA_DEN,DEN,LA,Jahdae Barron,jahdae barron,CB,0,0,0,0,0.0,0.0,0.0
3,2026_03_LA_DEN,DEN,LA,Kolbe Katsis,kolbe katsis,WR,0,0,0,0,0.0,0.0,0.0
3,2026_03_NYJ_DET,DET,NYJ,Amon-Ra St. Brown,amonra st brown,WR,8,4,19,1,0.25806451612903225,48.0,0.74
3,2026_03_NYJ_DET,DET,NYJ,Jahmyr Gibbs,jahmyr gibbs,RB,8,7,65,1,0.25806451612903225,45.0,0.69
3,2026_03_NYJ_DET,DET,NYJ,Jameson Williams,jameson williams,WR,4,4,49,0,0.12903225806451613,53.0,0.82
3,2026_03_NYJ_DET,DET,NYJ,Sam LaPorta,sam laporta,TE,4,3,44,0,0.12903225806451613,60.0,0.92
3,2026_03_NYJ_DET,DET,NYJ,Isaac TeSlaa,isaac teslaa,WR,3,3,66,0,0.0967741935483871,31.0,0.48
3,2026_03_NYJ_DET,DET,NYJ,Brock Wright,brock wright,TE,2,2,7,0,0.06451612903225806,38.0,0.58
3,2026_03_NYJ_DET,DET,NYJ,Sione Vaki,sione vaki,RB,1,1,11,0,0.03225806451612903,20.0,0.31
3,2026_03_NYJ_DET,DET,NYJ,Jackson Meeks,jackson meeks,WR,1,1,8,0,0.03225806451612903,10.0,0.15
3,2026_03_NYJ_DET,DET,NYJ,Jared Goff,jared goff,QB,0,0,0,0,0.0,65.0,1.0
3,2026_03_NYJ_DET,DET,NYJ,Chuck Clark,chuck clark,SAF,0,0,0,0,0.0,0.0,0.0
3,2026_03_NYJ_DET,DET,NYJ,D.J. Reed,dj reed,CB,0,0,0,0,0.0,0.0,0.0
3,2026_03_NYJ_DET,DET,NYJ,Jack Fox,jack fox,P,0,0,0,0,0.0,0.0,0.0
3,2026_03_NYJ_DET,DET,NYJ,Tom Kennedy,tom kennedy,WR,0,0,0,0,0.0,0.0,0.0
3,2026_03_NYJ_DET,DET,NYJ,Rock Ya-Sin,rock yasin,CB,0,0,0,0,0.0,0.0,0.0
3,2026_03_NYJ_DET,DET,NYJ,Khalil Dorsey,khalil dorsey,CB,0,0,0,0,0.0,0.0,0.0
3,2026_03_NYJ_DET,DET,NYJ,D.J. Wonnum,dj wonnum,DE,0,0,0,0,0.0,0.0,0.0
3,2026_03_NYJ_DET,DET,NYJ,Alim McNeill,alim mcneill,DT,0,0,0,0,0.0,0.0,0.0
3,2026_03_NYJ_DET,DET,NYJ,Penei Sewell,penei sewell,OT,0,0,0,0,0.0,65.0,1.0
3,2026_03_NYJ_DET,DET,NYJ,Derrick Barnes,derrick barnes,LB,0,0,0,0,0.0,0.0,0.0
3,2026_03_NYJ_DET,DET,NYJ,Aidan Hutchinson,aidan hutchinson,DE,0,0,0,0,0.0,0.0,0.0
3,2026_03_NYJ_DET,DET,NYJ,Malcolm Rodriguez,malcolm rodriguez,LB,0,0,0,0,0.0,0.0,0.0
3,2026_03_NYJ_DET,DET,NYJ,Roger McCreary,roger mccreary,CB,0,0,0,0,0.0,0.0,0.0
3,2026_03_NYJ_DET,DET,NYJ,Trevor Nowaske,trevor nowaske,LB,0,0,0,0,0.0,0.0,0.0
3,2026_03_NYJ_DET,DET,NYJ,Christian Izien,christian izien,SAF,0,0,0,0,0.0,0.0,0.0
3,2026_03_NYJ_DET,DET,NYJ,Jacob Saylors,jacob saylors,RB,0,0,0,0,0.0,2.0,0.03
3,2026_03_NYJ_DET,DET,NYJ,Jack Campbell,jack campbell,LB,0,0,0,0,0.0,0.0,0.0
3,2026_03_NYJ_DET,DET,NYJ,Jake Bates,jake bates,K,0,0,0,0,0.0,0.0,0.0
3,2026_03_NYJ_DET,DET,NYJ,Ennis Rakestraw Jr.,ennis rakestraw,CB,0,0,0,0,0.0,0.0,0.0
3,2026_03_NYJ_DET,DET,NYJ,Blake Miller,blake miller,OT,0,0,0,0,0.0,65.0,1.0
3,2026_03_NYJ_DET,DET,NYJ,Jimmy Rolder,jimmy rolder,LB,0,0,0,0,0.0,0.0,0.0
3,2026_03_NYJ_DET,DET,NYJ,Skyler Gill-Howard,skyler gillhoward,DT,0,0,0,0,0.0,1.0,0.02
3,2026_03_NYJ_DET,DET,NYJ,Eric O'Neill,eric oneill,DE,0,0,0,0,0.0,0.0,0.0
3,2026_03_ATL_GB,GB,ATL,Matthew Golden,matthew golden,WR,12,5,100,1,0.23529411764705882,54.0,0.82
3,2026_03_ATL_GB,GB,ATL,Christian Watson,christian watson,WR,10,7,96,1,0.19607843137254902,53.0,0.8
3,2026_03_ATL_GB,GB,ATL,Tucker Kraft,tucker kraft,TE,8,4,26,0,0.1568627450980392,50.0,0.76
3,2026_03_ATL_GB,GB,ATL,Skyy Moore,skyy moore,WR,7,3,31,0,0.13725490196078433,34.0,0.52
3,2026_03_ATL_GB,GB,ATL,Jonnu Smith,jonnu smith,TE,3,2,16,0,0.058823529411764705,22.0,0.33
3,2026_03_ATL_GB,GB,ATL,MarShawn Lloyd,marshawn lloyd,RB,3,2,7,0,0.058823529411764705,15.0,0.23
3,2026_03_ATL_GB,GB,ATL,Kaleb Johnson,kaleb johnson,RB,3,1,10,0,0.058823529411764705,24.0,0.36
3,2026_03_ATL_GB,GB,ATL,J. Michael Sturdivant,j michael sturdivant,WR,3,3,22,0,0.058823529411764705,21.0,0.32
3,2026_03_ATL_GB,GB,ATL,Bo Melton,bo melton,WR,1,0,0,0,0.0196078431372549,21.0,0.32
3,2026_03_ATL_GB,GB,ATL,Chris Brooks,chris brooks,RB,1,1,4,0,0.0196078431372549,27.0,0.41
3,2026_03_ATL_GB,GB,ATL,Javon Hargrave,javon hargrave,NT,0,0,0,0,0.0,0.0,0.0
3,2026_03_ATL_GB,GB,ATL,Zaire Franklin,zaire franklin,OLB,0,0,0,0,0.0,0.0,0.0
3,2026_03_ATL_GB,GB,ATL,Keisean Nixon,keisean nixon,DB,0,0,0,0,0.0,0.0,0.0
3,2026_03_ATL_GB,GB,ATL,Jordan Love,jordan love,QB,0,0,0,0,0.0,66.0,1.0
3,2026_03_ATL_GB,GB,ATL,Xavier McKinney,xavier mckinney,SAF,0,0,0,0,0.0,0.0,0.0
3,2026_03_ATL_GB,GB,ATL,Nick Niemann,nick niemann,LB,0,0,0,0,0.0,0.0,0.0
3,2026_03_ATL_GB,GB,ATL,Isaiah McDuffie,isaiah mcduffie,LB,0,0,0,0,0.0,0.0,0.0
3,2026_03_ATL_GB,GB,ATL,Devonte Wyatt,devonte wyatt,DT,0,0,0,0,0.0,0.0,0.0
3,2026_03_ATL_GB,GB,ATL,Jonathan Ford,jonathan ford,DT,0,0,0,0,0.0,0.0,0.0
3,2026_03_ATL_GB,GB,ATL,Daniel Whelan,daniel whelan,P,0,0,0,0,0.0,0.0,0.0
3,2026_03_ATL_GB,GB,ATL,Karl Brooks,karl brooks,DT,0,0,0,0,0.0,0.0,0.0
3,2026_03_ATL_GB,GB,ATL,Brenton Cox Jr.,brenton cox,DE,0,0,0,0,0.0,0.0,0.0
3,2026_03_ATL_GB,GB,ATL,Lukas Van Ness,lukas van ness,LB,0,0,0,0,0.0,0.0,0.0
3,2026_03_ATL_GB,GB,ATL,Ty'Ron Hopper,tyron hopper,LB,0,0,0,0,0.0,0.0,0.0
3,2026_03_ATL_GB,GB,ATL,Evan Williams,evan williams,SAF,0,0,0,0,0.0,0.0,0.0
3,2026_03_ATL_GB,GB,ATL,Edgerrin Cooper,edgerrin cooper,LB,0,0,0,0,0.0,0.0,0.0
3,2026_03_ATL_GB,GB,ATL,Javon Bullard,javon bullard,SAF,0,0,0,0,0.0,0.0,0.0
3,2026_03_ATL_GB,GB,ATL,Barryn Sorrell,barryn sorrell,DE,0,0,0,0,0.0,0.0,0.0
3,2026_03_ATL_GB,GB,ATL,Chris McClellan,chris mcclellan,DT,0,0,0,0,0.0,0.0,0.0
3,2026_03_ATL_GB,GB,ATL,Dani Dennis-Sutton,dani dennissutton,LB,0,0,0,0,0.0,0.0,0.0
3,2026_03_ATL_GB,GB,ATL,Jager Burton,jager burton,G,0,0,0,0,0.0,66.0,1.0
3,2026_03_ATL_GB,GB,ATL,Trey Smack,trey smack,K,0,0,0,0,0.0,0.0,0.0
3,2026_03_ATL_GB,GB,ATL,Brandon Cisse,brandon cisse,CB,0,0,0,0,0.0,0.0,0.0
3,2026_03_HOU_IND,HOU,IND,Xavier Hutchinson,xavier hutchinson,WR,6,3,51,0,0.24,29.0,0.54
3,2026_03_HOU_IND,HOU,IND,Foster Moreau,foster moreau,TE,4,2,7,1,0.16,31.0,0.57
3,2026_03_HOU_IND,HOU,IND,Jared Wayne,jared wayne,WR,4,1,20,0,0.16,33.0,0.61
3,2026_03_HOU_IND,HOU,IND,Dalton Schultz,dalton schultz,TE,3,3,30,0,0.12,29.0,0.54
3,2026_03_HOU_IND,HOU,IND,David Montgomery,david montgomery,RB,2,2,15,0,0.08,34.0,0.63
3,2026_03_HOU_IND,HOU,IND,Kayshon Boutte,kayshon boutte,WR,2,2,21,0,0.08,37.0,0.69
3,2026_03_HOU_IND,HOU,IND,Jaylin Noel,jaylin noel,WR,2,2,17,0,0.08,14.0,0.26
3,2026_03_HOU_IND,HOU,IND,Woody Marks,woody marks,RB,1,1,6,0,0.04,20.0,0.37
3,2026_03_HOU_IND,HOU,IND,Lewis Bond,lewis bond,WR,1,0,0,0,0.04,9.0,0.17
3,2026_03_HOU_IND,HOU,IND,Danielle Hunter,danielle hunter,DE,0,0,0,0,0.0,0.0,0.0
3,2026_03_HOU_IND,HOU,IND,Mario Edwards,mario edwards,DT,0,0,0,0,0.0,0.0,0.0
3,2026_03_HOU_IND,HOU,IND,Ka'imi Fairbairn,kaimi fairbairn,K,0,0,0,0,0.0,0.0,0.0
3,2026_03_HOU_IND,HOU,IND,Sheldon Rankins,sheldon rankins,DT,0,0,0,0,0.0,0.0,0.0
3,2026_03_HOU_IND,HOU,IND,George Odum,george odum,DB,0,0,0,0,0.0,0.0,0.0
3,2026_03_HOU_IND,HOU,IND,Tremon Smith,tremon smith,CB,0,0,0,0,0.0,0.0,0.0
3,2026_03_HOU_IND,HOU,IND,Evan Brown,evan brown,C,0,0,0,0,0.0,54.0,1.0
3,2026_03_HOU_IND,HOU,IND,Azeez Al-Shaair,azeez alshaair,LB,0,0,0,0,0.0,0.0,0.0
3,2026_03_HOU_IND,HOU,IND,Tommy Togiai,tommy togiai,DT,0,0,0,0,0.0,0.0,0.0
3,2026_03_HOU_IND,HOU,IND,Dominique Robinson,dominique robinson,DE,0,0,0,0,0.0,0.0,0.0
3,2026_03_HOU_IND,HOU,IND,Reed Blankenship,reed blankenship,SAF,0,0,0,0,0.0,0.0,0.0
3,2026_03_HOU_IND,HOU,IND,Derek Stingley Jr.,derek stingley,CB,0,0,0,0,0.0,0.0,0.0
3,2026_03_HOU_IND,HOU,IND,Jalen Pitre,jalen pitre,SAF,0,0,0,0,0.0,0.0,0.0
3,2026_03_HOU_IND,HOU,IND,Jake Hansen,jake hansen,LB,0,0,0,0,0.0,0.0,0.0
3,2026_03_HOU_IND,HOU,IND,Logan Hall,logan hall,DE,0,0,0,0,0.0,0.0,0.0
3,2026_03_HOU_IND,HOU,IND,Will Anderson Jr.,will anderson,DE,0,0,0,0,0.0,0.0,0.0
3,2026_03_HOU_IND,HOU,IND,C.J. Stroud,cj stroud,QB,0,0,0,0,0.0,54.0,1.0
3,2026_03_HOU_IND,HOU,IND,Kamari Lassiter,kamari lassiter,CB,0,0,0,0,0.0,0.0,0.0
3,2026_03_HOU_IND,HOU,IND,Jamal Hill,jamal hill,LB,0,0,0,0,0.0,0.0,0.0
3,2026_03_HOU_IND,HOU,IND,Calen Bullock,calen bullock,SAF,0,0,0,0,0.0,0.0,0.0
3,2026_03_HOU_IND,HOU,IND,Kai Kroeger,kai kroeger,P,0,0,0,0,0.0,0.0,0.0
3,2026_03_HOU_IND,HOU,IND,Sabastian Harsh,sabastian harsh,DE,0,0,0,0,0.0,0.0,0.0
3,2026_03_HOU_IND,HOU,IND,Wade Woodaz,wade woodaz,LB,0,0,0,0,0.0,0.0,0.0
3,2026_03_HOU_IND,HOU,IND,Kamari Ramsey,kamari ramsey,SAF,0,0,0,0,0.0,0.0,0.0
3,2026_03_HOU_IND,IND,HOU,Josh Downs,josh downs,WR,11,5,77,0,0.3142857142857143,48.0,0.68
3,2026_03_HOU_IND,IND,HOU,Tyler Warren,tyler warren,TE,10,9,55,0,0.2857142857142857,67.0,0.94
3,2026_03_HOU_IND,IND,HOU,Keenan Allen,keenan allen,WR,9,6,63,1,0.2571428571428571,52.0,0.73
3,2026_03_HOU_IND,IND,HOU,Jonathan Taylor,jonathan taylor,RB,3,2,4,0,0.08571428571428572,60.0,0.85
3,2026_03_HOU_IND,IND,HOU,Laquon Treadwell,laquon treadwell,WR,1,1,20,0,0.02857142857142857,56.0,0.79
3,2026_03_HOU_IND,IND,HOU,Mo Alie-Cox,mo aliecox,TE,1,1,16,0,0.02857142857142857,27.0,0.38
3,2026_03_HOU_IND,IND,HOU,DeForest Buckner,deforest buckner,DT,0,0,0,0,0.0,0.0,0.0
3,2026_03_HOU_IND,IND,HOU,Rigoberto Sanchez,rigoberto sanchez,P,0,0,0,0,0.0,0.0,0.0
3,2026_03_HOU_IND,IND,HOU,Grover Stewart,grover stewart,DT,0,0,0,0,0.0,0.0,0.0
3,2026_03_HOU_IND,IND,HOU,Charvarius Ward,charvarius ward,CB,0,0,0,0,0.0,0.0,0.0
3,2026_03_HOU_IND,IND,HOU,Arden Key,arden key,DE,0,0,0,0,0.0,0.0,0.0
3,2026_03_HOU_IND,IND,HOU,Jerry Tillery,jerry tillery,DT,0,0,0,0,0.0,0.0,0.0
3,2026_03_HOU_IND,IND,HOU,Daniel Jones,daniel jones,QB,0,0,0,0,0.0,71.0,1.0
3,2026_03_HOU_IND,IND,HOU,Akeem Davis-Gaither,akeem davisgaither,LB,0,0,0,0,0.0,0.0,0.0
3,2026_03_HOU_IND,IND,HOU,Camryn Bynum,camryn bynum,SAF,0,0,0,0,0.0,0.0,0.0
3,2026_03_HOU_IND,IND,HOU,Sauce Gardner,sauce gardner,CB,0,0,0,0,0.0,0.0,0.0
3,2026_03_HOU_IND,IND,HOU,Adetomiwa Adebawore,adetomiwa adebawore,DT,0,0,0,0,0.0,0.0,0.0
3,2026_03_HOU_IND,IND,HOU,Austin Ajiake,austin ajiake,LB,0,0,0,0,0.0,0.0,0.0
3,2026_03_HOU_IND,IND,HOU,Laiatu Latu,laiatu latu,DE,0,0,0,0,0.0,0.0,0.0
3,2026_03_HOU_IND,IND,HOU,Jaylon Carlies,jaylon carlies,LB,0,0,0,0,0.0,0.0,0.0
3,2026_03_HOU_IND,IND,HOU,Spencer Shrader,spencer shrader,K,0,0,0,0,0.0,0.0,0.0
3,2026_03_HOU_IND,IND,HOU,Anthony Gould,anthony gould,WR,0,0,0,0,0.0,0.0,0.0
3,2026_03_HOU_IND,IND,HOU,Justin Walley,justin walley,CB,0,0,0,0,0.0,0.0,0.0
3,2026_03_HOU_IND,IND,HOU,Tim Smith,tim smith,DT,0,0,0,0,0.0,0.0,0.0
3,2026_03_HOU_IND,IND,HOU,Hunter Wohler,hunter wohler,SAF,0,0,0,0,0.0,0.0,0.0
3,2026_03_HOU_IND,IND,HOU,Jaylahn Tuimoloau,jaylahn tuimoloau,DE,0,0,0,0,0.0,0.0,0.0
3,2026_03_HOU_IND,IND,HOU,Kapena Gushiken,kapena gushiken,CB,0,0,0,0,0.0,0.0,0.0
3,2026_03_HOU_IND,IND,HOU,A.J. Haulcy,aj haulcy,SAF,0,0,0,0,0.0,0.0,0.0
3,2026_03_HOU_IND,IND,HOU,Caden Curry,caden curry,DE,0,0,0,0,0.0,0.0,0.0
3,2026_03_HOU_IND,IND,HOU,Seth McGowan,seth mcgowan,RB,0,0,0,0,0.0,11.0,0.15
3,2026_03_HOU_IND,IND,HOU,Bryce Boettcher,bryce boettcher,LB,0,0,0,0,0.0,0.0,0.0
3,2026_03_NE_JAX,JAX,NE,Jakobi Meyers,jakobi meyers,WR,8,7,64,1,0.2962962962962963,50.0,0.81
3,2026_03_NE_JAX,JAX,NE,Parker Washington,parker washington,WR,5,3,40,1,0.18518518518518517,50.0,0.81
3,2026_03_NE_JAX,JAX,NE,Brenton Strange,brenton strange,TE,5,3,32,0,0.18518518518518517,48.0,0.77
3,2026_03_NE_JAX,JAX,NE,LeQuint Allen Jr.,lequint allen,RB,2,2,9,0,0.07407407407407407,11.0,0.18
3,2026_03_NE_JAX,JAX,NE,Bhayshul Tuten,bhayshul tuten,RB,2,2,17,0,0.07407407407407407,30.0,0.48
3,2026_03_NE_JAX,JAX,NE,Josh Cameron,josh cameron,WR,2,1,12,1,0.07407407407407407,23.0,0.37
3,2026_03_NE_JAX,JAX,NE,Ameer Abdullah,ameer abdullah,RB,1,0,0,0,0.037037037037037035,7.0,0.11
3,2026_03_NE_JAX,JAX,NE,Brian Thomas Jr.,brian thomas,WR,1,1,8,0,0.037037037037037035,23.0,0.37
3,2026_03_NE_JAX,JAX,NE,Nate Boerkircher,nate boerkircher,TE,1,0,0,0,0.037037037037037035,28.0,0.45
3,2026_03_NE_JAX,JAX,NE,Arik Armstead,arik armstead,DT,0,0,0,0,0.0,0.0,0.0
3,2026_03_NE_JAX,JAX,NE,Eric Murray,eric murray,S,0,0,0,0,0.0,0.0,0.0
3,2026_03_NE_JAX,JAX,NE,Foyesade Oluokun,foyesade oluokun,LB,0,0,0,0,0.0,0.0,0.0
3,2026_03_NE_JAX,JAX,NE,Logan Cooke,logan cooke,P,0,0,0,0,0.0,0.0,0.0
3,2026_03_NE_JAX,JAX,NE,Dennis Gardeck,dennis gardeck,LB,0,0,0,0,0.0,0.0,0.0
3,2026_03_NE_JAX,JAX,NE,Matt Dickerson,matt dickerson,DT,0,0,0,0,0.0,0.0,0.0
3,2026_03_NE_JAX,JAX,NE,Jahlani Tavai,jahlani tavai,LB,0,0,0,0,0.0,0.0,0.0
3,2026_03_NE_JAX,JAX,NE,Josh Hines-Allen,josh hinesallen,DE,0,0,0,0,0.0,0.0,0.0
3,2026_03_NE_JAX,JAX,NE,DaVon Hamilton,davon hamilton,DT,0,0,0,0,0.0,0.0,0.0
3,2026_03_NE_JAX,JAX,NE,Ezra Cleveland,ezra cleveland,G,0,0,0,0,0.0,57.0,0.92
3,2026_03_NE_JAX,JAX,NE,Cole Van Lanen,cole van lanen,G,0,0,0,0,0.0,59.0,0.95
3,2026_03_NE_JAX,JAX,NE,Trevor Lawrence,trevor lawrence,QB,0,0,0,0,0.0,59.0,0.95
3,2026_03_NE_JAX,JAX,NE,Travon Walker,travon walker,DE,0,0,0,0,0.0,0.0,0.0
3,2026_03_NE_JAX,JAX,NE,Montaric Brown,montaric brown,CB,0,0,0,0,0.0,0.0,0.0
3,2026_03_NE_JAX,JAX,NE,Ventrell Miller,ventrell miller,LB,0,0,0,0,0.0,0.0,0.0
3,2026_03_NE_JAX,JAX,NE,Antonio Johnson,antonio johnson,SAF,0,0,0,0,0.0,0.0,0.0
3,2026_03_NE_JAX,JAX,NE,Chris Rodriguez Jr.,chris rodriguez,RB,0,0,0,0,0.0,13.0,0.21
3,2026_03_NE_JAX,JAX,NE,Jarrian Jones,jarrian jones,CB,0,0,0,0,0.0,0.0,0.0
3,2026_03_NE_JAX,JAX,NE,Cam Little,cam little,K,0,0,0,0,0.0,0.0,0.0
3,2026_03_NE_JAX,JAX,NE,Ruke Orhorhoro,ruke orhorhoro,DT,0,0,0,0,0.0,0.0,0.0
3,2026_03_NE_JAX,JAX,NE,Caleb Ransaw,caleb ransaw,SAF,0,0,0,0,0.0,0.0,0.0
3,2026_03_NE_JAX,JAX,NE,Jalen McLeod,jalen mcleod,LB,0,0,0,0,0.0,0.0,0.0
3,2026_03_NE_JAX,JAX,NE,Rayuan Lane III,rayuan lane,SAF,0,0,0,0,0.0,0.0,0.0
3,2026_03_NE_JAX,JAX,NE,Branson Combs,branson combs,LB,0,0,0,0,0.0,0.0,0.0
3,2026_03_NE_JAX,JAX,NE,Danny Striggow,danny striggow,DE,0,0,0,0,0.0,0.0,0.0
3,2026_03_NE_JAX,JAX,NE,Travis Hunter,travis hunter,CB,0,0,0,0,0.0,5.0,0.08
3,2026_03_NE_JAX,JAX,NE,Emmanuel Pregnon,emmanuel pregnon,G,0,0,0,0,0.0,62.0,1.0
3,2026_03_NE_JAX,JAX,NE,Bryan Thomas Jr.,bryan thomas,DE,0,0,0,0,0.0,0.0,0.0
3,2026_03_KC_MIA,KC,MIA,Rashee Rice,rashee rice,WR,9,7,88,0,0.391304347826087,40.0,0.77
3,2026_03_KC_MIA,KC,MIA,Noah Gray,noah gray,TE,3,3,39,0,0.13043478260869565,33.0,0.63
3,2026_03_KC_MIA,KC,MIA,Travis Kelce,travis kelce,TE,2,2,59,1,0.08695652173913043,41.0,0.79
3,2026_03_KC_MIA,KC,MIA,Tyquan Thornton,tyquan thornton,WR,2,2,22,0,0.08695652173913043,24.0,0.46
3,2026_03_KC_MIA,KC,MIA,Kenneth Walker III,kenneth walker,RB,2,2,3,1,0.08695652173913043,38.0,0.73
3,2026_03_KC_MIA,KC,MIA,Xavier Worthy,xavier worthy,WR,2,2,20,0,0.08695652173913043,43.0,0.83
3,2026_03_KC_MIA,KC,MIA,Brashard Smith,brashard smith,RB,1,1,4,0,0.043478260869565216,4.0,0.08
3,2026_03_KC_MIA,KC,MIA,Jake Briningstool,jake briningstool,TE,1,0,0,0,0.043478260869565216,6.0,0.12
3,2026_03_KC_MIA,KC,MIA,Jalen Royals,jalen royals,WR,1,1,11,0,0.043478260869565216,10.0,0.19
3,2026_03_KC_MIA,KC,MIA,Chris Jones,chris jones,DE,0,0,0,0,0.0,0.0,0.0
3,2026_03_KC_MIA,KC,MIA,Harrison Butker,harrison butker,K,0,0,0,0,0.0,0.0,0.0
3,2026_03_KC_MIA,KC,MIA,Patrick Mahomes,patrick mahomes,QB,0,0,0,0,0.0,52.0,1.0
3,2026_03_KC_MIA,KC,MIA,Drue Tranquill,drue tranquill,LB,0,0,0,0,0.0,0.0,0.0
3,2026_03_KC_MIA,KC,MIA,L'Jarius Sneed,ljarius sneed,CB,0,0,0,0,0.0,0.0,0.0
3,2026_03_KC_MIA,KC,MIA,Alohi Gilman,alohi gilman,SAF,0,0,0,0,0.0,0.0,0.0
3,2026_03_KC_MIA,KC,MIA,Nick Bolton,nick bolton,LB,0,0,0,0,0.0,0.0,0.0
3,2026_03_KC_MIA,KC,MIA,Creed Humphrey,creed humphrey,C,0,0,0,0,0.0,52.0,1.0
3,2026_03_KC_MIA,KC,MIA,Trey Smith,trey smith,G,0,0,0,0,0.0,52.0,1.0
3,2026_03_KC_MIA,KC,MIA,Khyiris Tonga,khyiris tonga,DT,0,0,0,0,0.0,0.0,0.0
3,2026_03_KC_MIA,KC,MIA,George Karlaftis,george karlaftis,DE,0,0,0,0,0.0,0.0,0.0
3,2026_03_KC_MIA,KC,MIA,Jack Cochrane,jack cochrane,LB,0,0,0,0,0.0,0.0,0.0
3,2026_03_KC_MIA,KC,MIA,Matt Araiza,matt araiza,P,0,0,0,0,0.0,0.0,0.0
3,2026_03_KC_MIA,KC,MIA,Ben VanSumeren,ben vansumeren,RB,0,0,0,0,0.0,0.0,0.0
3,2026_03_KC_MIA,KC,MIA,Nikko Remigio,nikko remigio,WR,0,0,0,0,0.0,0.0,0.0
3,2026_03_KC_MIA,KC,MIA,Felix Anudike-Uzomah,felix anudikeuzomah,DE,0,0,0,0,0.0,0.0,0.0
3,2026_03_KC_MIA,KC,MIA,Christian Roland-Wallace,christian rolandwallace,CB,0,0,0,0,0.0,0.0,0.0
3,2026_03_KC_MIA,KC,MIA,Jaden Hicks,jaden hicks,SAF,0,0,0,0,0.0,0.0,0.0
3,2026_03_KC_MIA,KC,MIA,Jeffrey Bassa,jeffrey bassa,LB,0,0,0,0,0.0,0.0,0.0
3,2026_03_KC_MIA,KC,MIA,Ashton Gillotte,ashton gillotte,DE,0,0,0,0,0.0,0.0,0.0
3,2026_03_KC_MIA,KC,MIA,Nohl Williams,nohl williams,CB,0,0,0,0,0.0,0.0,0.0
3,2026_03_KC_MIA,KC,MIA,Xavier Nwankpa,xavier nwankpa,SAF,0,0,0,0,0.0,0.0,0.0
3,2026_03_KC_MIA,KC,MIA,Emmett Johnson,emmett johnson,RB,0,0,0,0,0.0,14.0,0.27
3,2026_03_KC_MIA,KC,MIA,Bryson Eason,bryson eason,DT,0,0,0,0,0.0,0.0,0.0
3,2026_03_KC_MIA,KC,MIA,R Mason Thomas,r mason thomas,DE,0,0,0,0,0.0,0.0,0.0
3,2026_03_KC_MIA,KC,MIA,Mansoor Delane,mansoor delane,CB,0,0,0,0,0.0,0.0,0.0
3,2026_03_KC_MIA,KC,MIA,Peter Woods,peter woods,DT,0,0,0,0,0.0,0.0,0.0
3,2026_03_LA_DEN,LA,DEN,Davante Adams,davante adams,WR,13,7,137,0,0.2653061224489796,71.0,0.83
3,2026_03_LA_DEN,LA,DEN,Tyler Higbee,tyler higbee,TE,11,8,62,1,0.22448979591836735,61.0,0.71
3,2026_03_LA_DEN,LA,DEN,Konata Mumpfield,konata mumpfield,WR,8,4,93,1,0.16326530612244897,63.0,0.73
3,2026_03_LA_DEN,LA,DEN,Kyren Williams,kyren williams,RB,7,6,70,0,0.14285714285714285,61.0,0.71
3,2026_03_LA_DEN,LA,DEN,Blake Corum,blake corum,RB,4,2,0,0,0.08163265306122448,25.0,0.29
3,2026_03_LA_DEN,LA,DEN,Davis Allen,davis allen,TE,3,2,19,0,0.061224489795918366,31.0,0.36
3,2026_03_LA_DEN,LA,DEN,Terrance Ferguson,terrance ferguson,TE,2,1,9,0,0.04081632653061224,22.0,0.26
3,2026_03_LA_DEN,LA,DEN,Colby Parkinson,colby parkinson,TE,1,0,0,0,0.02040816326530612,37.0,0.43
3,2026_03_LA_DEN,LA,DEN,Matthew Stafford,matthew stafford,QB,0,0,0,0,0.0,86.0,1.0
3,2026_03_LA_DEN,LA,DEN,Aaron Donald,aaron donald,DE,0,0,0,0,0.0,0.0,0.0
3,2026_03_LA_DEN,LA,DEN,Joe Cardona,joe cardona,LS,0,0,0,0,0.0,0.0,0.0
3,2026_03_LA_DEN,LA,DEN,Poona Ford,poona ford,DT,0,0,0,0,0.0,0.0,0.0
3,2026_03_LA_DEN,LA,DEN,Kam Curl,kam curl,SAF,0,0,0,0,0.0,0.0,0.0
3,2026_03_LA_DEN,LA,DEN,Alaric Jackson,alaric jackson,OT,0,0,0,0,0.0,86.0,1.0
3,2026_03_LA_DEN,LA,DEN,Grant Stuard,grant stuard,LB,0,0,0,0,0.0,0.0,0.0
3,2026_03_LA_DEN,LA,DEN,Trent McDuffie,trent mcduffie,CB,0,0,0,0,0.0,0.0,0.0
3,2026_03_LA_DEN,LA,DEN,Jaylen Watson,jaylen watson,CB,0,0,0,0,0.0,0.0,0.0
3,2026_03_LA_DEN,LA,DEN,Nate Landman,nate landman,LB,0,0,0,0,0.0,0.0,0.0
3,2026_03_LA_DEN,LA,DEN,Quentin Lake,quentin lake,SAF,0,0,0,0,0.0,0.0,0.0
3,2026_03_LA_DEN,LA,DEN,Xavier Smith,xavier smith,WR,0,0,0,0,0.0,38.0,0.44
3,2026_03_LA_DEN,LA,DEN,Tanner Ingle,tanner ingle,SAF,0,0,0,0,0.0,0.0,0.0
3,2026_03_LA_DEN,LA,DEN,Steve Avila,steve avila,G,0,0,0,0,0.0,86.0,1.0
3,2026_03_LA_DEN,LA,DEN,Ethan Evans,ethan evans,P,0,0,0,0,0.0,0.0,0.0
3,2026_03_LA_DEN,LA,DEN,Desjuan Johnson,desjuan johnson,LB,0,0,0,0,0.0,0.0,0.0
3,2026_03_LA_DEN,LA,DEN,Warren McClendon Jr.,warren mcclendon,OT,0,0,0,0,0.0,86.0,1.0
3,2026_03_LA_DEN,LA,DEN,Byron Young,byron young,LB,0,0,0,0,0.0,0.0,0.0
3,2026_03_LA_DEN,LA,DEN,Kobie Turner,kobie turner,DE,0,0,0,0,0.0,0.0,0.0
3,2026_03_LA_DEN,LA,DEN,Emmanuel Forbes,emmanuel forbes,CB,0,0,0,0,0.0,0.0,0.0
3,2026_03_LA_DEN,LA,DEN,Harrison Mevis,harrison mevis,K,0,0,0,0,0.0,0.0,0.0
3,2026_03_LA_DEN,LA,DEN,Braden Fiske,braden fiske,DE,0,0,0,0,0.0,0.0,0.0
3,2026_03_LA_DEN,LA,DEN,Tyler Davis,tyler davis,DE,0,0,0,0,0.0,0.0,0.0
3,2026_03_LA_DEN,LA,DEN,Josh Wallace,josh wallace,CB,0,0,0,0,0.0,0.0,0.0
3,2026_03_LA_DEN,LA,DEN,Omar Speights,omar speights,LB,0,0,0,0,0.0,0.0,0.0
3,2026_03_LA_DEN,LA,DEN,Jaylen McCollough,jaylen mccollough,SAF,0,0,0,0,0.0,0.0,0.0
3,2026_03_LA_DEN,LA,DEN,Josaiah Stewart,josaiah stewart,LB,0,0,0,0,0.0,0.0,0.0
3,2026_03_LA_DEN,LA,DEN,Ty Hamilton,ty hamilton,DT,0,0,0,0,0.0,0.0,0.0
3,2026_03_LA_DEN,LA,DEN,Shaun Dolac,shaun dolac,LB,0,0,0,0,0.0,0.0,0.0
3,2026_03_LA_DEN,LA,DEN,Wesley Bailey,wesley bailey,LB,0,0,0,0,0.0,0.0,0.0
3,2026_03_LA_DEN,LA,DEN,Dean Connors,dean connors,RB,0,0,0,0,0.0,0.0,0.0
3,2026_03_LAC_BUF,LAC,BUF,Tre Harris,tre harris,WR,7,6,76,0,0.21212121212121213,40.0,0.58
3,2026_03_LAC_BUF,LAC,BUF,Quentin Johnston,quentin johnston,WR,6,3,40,0,0.18181818181818182,60.0,0.87
3,2026_03_LAC_BUF,LAC,BUF,Ladd McConkey,ladd mcconkey,WR,5,4,66,0,0.15151515151515152,61.0,0.88
3,2026_03_LAC_BUF,LAC,BUF,Alec Ingold,alec ingold,FB,4,3,35,0,0.12121212121212122,31.0,0.45
3,2026_03_LAC_BUF,LAC,BUF,Keaton Mitchell,keaton mitchell,RB,3,3,-5,1,0.09090909090909091,26.0,0.38
3,2026_03_LAC_BUF,LAC,BUF,Kimani Vidal,kimani vidal,RB,3,1,14,0,0.09090909090909091,17.0,0.25
3,2026_03_LAC_BUF,LAC,BUF,Oronde Gadsden II,oronde gadsden,TE,3,0,0,0,0.09090909090909091,39.0,0.57
3,2026_03_LAC_BUF,LAC,BUF,Marquez Valdes-Scantling,marquez valdesscantling,WR,1,0,0,0,0.030303030303030304,3.0,0.04
3,2026_03_LAC_BUF,LAC,BUF,Omarion Hampton,omarion hampton,RB,1,0,0,0,0.030303030303030304,29.0,0.42
3,2026_03_LAC_BUF,LAC,BUF,Tony Jefferson,tony jefferson,S,0,0,0,0,0.0,0.0,0.0
3,2026_03_LAC_BUF,LAC,BUF,Khalil Mack,khalil mack,OLB,0,0,0,0,0.0,0.0,0.0
3,2026_03_LAC_BUF,LAC,BUF,Bud Dupree,bud dupree,OLB,0,0,0,0,0.0,0.0,0.0
3,2026_03_LAC_BUF,LAC,BUF,J.K. Scott,jk scott,P,0,0,0,0,0.0,0.0,0.0
3,2026_03_LAC_BUF,LAC,BUF,Donte Jackson,donte jackson,CB,0,0,0,0,0.0,0.0,0.0
3,2026_03_LAC_BUF,LAC,BUF,Derwin James,derwin james,FS,0,0,0,0,0.0,0.0,0.0
3,2026_03_LAC_BUF,LAC,BUF,Del'Shawn Phillips,delshawn phillips,LB,0,0,0,0,0.0,0.0,0.0
3,2026_03_LAC_BUF,LAC,BUF,Troy Dye,troy dye,LB,0,0,0,0,0.0,0.0,0.0
3,2026_03_LAC_BUF,LAC,BUF,Justin Herbert,justin herbert,QB,0,0,0,0,0.0,69.0,1.0
3,2026_03_LAC_BUF,LAC,BUF,Cameron Dicker,cameron dicker,K,0,0,0,0,0.0,0.0,0.0
3,2026_03_LAC_BUF,LAC,BUF,Cole Strange,cole strange,G,0,0,0,0,0.0,69.0,1.0
3,2026_03_LAC_BUF,LAC,BUF,Kendall Williamson,kendall williamson,SAF,0,0,0,0,0.0,0.0,0.0
3,2026_03_LAC_BUF,LAC,BUF,Daiyan Henley,daiyan henley,LB,0,0,0,0,0.0,0.0,0.0
3,2026_03_LAC_BUF,LAC,BUF,Derius Davis,derius davis,WR,0,0,0,0,0.0,1.0,0.01
3,2026_03_LAC_BUF,LAC,BUF,Tuli Tuipulotu,tuli tuipulotu,LB,0,0,0,0,0.0,0.0,0.0
3,2026_03_LAC_BUF,LAC,BUF,Tarheeb Still,tarheeb still,CB,0,0,0,0,0.0,0.0,0.0
3,2026_03_LAC_BUF,LAC,BUF,Cam Hart,cam hart,CB,0,0,0,0,0.0,0.0,0.0
3,2026_03_LAC_BUF,LAC,BUF,Hayden Rucci,hayden rucci,TE,0,0,0,0,0.0,28.0,0.41
3,2026_03_LAC_BUF,LAC,BUF,Justin Eboigbe,justin eboigbe,DT,0,0,0,0,0.0,0.0,0.0
3,2026_03_LAC_BUF,LAC,BUF,Joe Alt,joe alt,OT,0,0,0,0,0.0,69.0,1.0
3,2026_03_LAC_BUF,LAC,BUF,R.J. Mickens,rj mickens,SAF,0,0,0,0,0.0,0.0,0.0
3,2026_03_LAC_BUF,LAC,BUF,Genesis Smith,genesis smith,SAF,0,0,0,0,0.0,0.0,0.0
3,2026_03_LAC_BUF,LAC,BUF,Nick Barrett,nick barrett,DT,0,0,0,0,0.0,0.0,0.0
3,2026_03_LAC_BUF,LAC,BUF,Rodney Shelley,rodney shelley,DB,0,0,0,0,0.0,0.0,0.0
3,2026_03_LAC_BUF,LAC,BUF,Akheem Mesidor,akheem mesidor,LB,0,0,0,0,0.0,0.0,0.0
3,2026_03_LV_NO,LV,NO,Brock Bowers,brock bowers,TE,13,10,116,1,0.43333333333333335,55.0,0.79
3,2026_03_LV_NO,LV,NO,Tre Tucker,tre tucker,WR,4,4,43,0,0.13333333333333333,40.0,0.57
3,2026_03_LV_NO,LV,NO,Cody White,cody white,WR,3,1,4,1,0.1,15.0,0.21
3,2026_03_LV_NO,LV,NO,Jalen Nailor,jalen nailor,WR,3,1,16,0,0.1,40.0,0.57
3,2026_03_LV_NO,LV,NO,Michael Mayer,michael mayer,TE,3,3,32,1,0.1,61.0,0.87
3,2026_03_LV_NO,LV,NO,Ashton Jeanty,ashton jeanty,RB,3,3,37,0,0.1,59.0,0.84
3,2026_03_LV_NO,LV,NO,Malik Benson,malik benson,WR,1,0,0,0,0.03333333333333333,4.0,0.06
3,2026_03_LV_NO,LV,NO,Kirk Cousins,kirk cousins,QB,0,0,0,0,0.0,70.0,1.0
3,2026_03_LV_NO,LV,NO,Adam Butler,adam butler,DT,0,0,0,0,0.0,0.0,0.0
3,2026_03_LV_NO,LV,NO,Foley Fatukasi,foley fatukasi,DT,0,0,0,0,0.0,0.0,0.0
3,2026_03_LV_NO,LV,NO,Taron Johnson,taron johnson,CB,0,0,0,0,0.0,0.0,0.0
3,2026_03_LV_NO,LV,NO,Maxx Crosby,maxx crosby,DE,0,0,0,0,0.0,0.0,0.0
3,2026_03_LV_NO,LV,NO,AJ Cole,aj cole,P,0,0,0,0,0.0,0.0,0.0
3,2026_03_LV_NO,LV,NO,Matt Gay,matt gay,K,0,0,0,0,0.0,0.0,0.0
3,2026_03_LV_NO,LV,NO,Jeremy Chinn,jeremy chinn,SAF,0,0,0,0,0.0,0.0,0.0
3,2026_03_LV_NO,LV,NO,Kwity Paye,kwity paye,DE,0,0,0,0,0.0,0.0,0.0
3,2026_03_LV_NO,LV,NO,Eric Stokes,eric stokes,CB,0,0,0,0,0.0,0.0,0.0
3,2026_03_LV_NO,LV,NO,Patrick Johnson,patrick johnson,DE,0,0,0,0,0.0,0.0,0.0
3,2026_03_LV_NO,LV,NO,Malcolm Koonce,malcolm koonce,DE,0,0,0,0,0.0,0.0,0.0
3,2026_03_LV_NO,LV,NO,Quay Walker,quay walker,LB,0,0,0,0,0.0,0.0,0.0
3,2026_03_LV_NO,LV,NO,Dareke Young,dareke young,WR,0,0,0,0,0.0,12.0,0.17
3,2026_03_LV_NO,LV,NO,Thomas Booker,thomas booker,DT,0,0,0,0,0.0,0.0,0.0
3,2026_03_LV_NO,LV,NO,Connor Heyward,connor heyward,FB,0,0,0,0,0.0,19.0,0.27
3,2026_03_LV_NO,LV,NO,Isaiah Pola-Mao,isaiah polamao,SAF,0,0,0,0,0.0,0.0,0.0
3,2026_03_LV_NO,LV,NO,Segun Olubi,segun olubi,LB,0,0,0,0,0.0,0.0,0.0
3,2026_03_LV_NO,LV,NO,Nakobe Dean,nakobe dean,LB,0,0,0,0,0.0,0.0,0.0
3,2026_03_LV_NO,LV,NO,Tyler Linderbaum,tyler linderbaum,C,0,0,0,0,0.0,70.0,1.0
3,2026_03_LV_NO,LV,NO,Tommy Eichenberg,tommy eichenberg,LB,0,0,0,0,0.0,0.0,0.0
3,2026_03_LV_NO,LV,NO,Dylan Laube,dylan laube,RB,0,0,0,0,0.0,4.0,0.06
3,2026_03_LV_NO,LV,NO,Tonka Hemingway,tonka hemingway,DT,0,0,0,0,0.0,0.0,0.0
3,2026_03_LV_NO,LV,NO,Cody Lindenberg,cody lindenberg,LB,0,0,0,0,0.0,0.0,0.0
3,2026_03_LV_NO,LV,NO,Darien Porter,darien porter,CB,0,0,0,0,0.0,0.0,0.0
3,2026_03_LV_NO,LV,NO,Mike Washington Jr.,mike washington,RB,0,0,0,0,0.0,11.0,0.16
3,2026_03_LV_NO,LV,NO,Hezekiah Masses,hezekiah masses,CB,0,0,0,0,0.0,0.0,0.0
3,2026_03_KC_MIA,MIA,KC,Malik Washington,malik washington,WR,10,5,56,0,0.2857142857142857,63.0,0.86
3,2026_03_KC_MIA,MIA,KC,Greg Dulcich,greg dulcich,TE,7,5,55,0,0.2,51.0,0.7
3,2026_03_KC_MIA,MIA,KC,Chris Bell,chris bell,WR,7,4,67,0,0.2,52.0,0.71
3,2026_03_KC_MIA,MIA,KC,Kevin Coleman Jr.,kevin coleman,WR,4,1,3,0,0.11428571428571428,45.0,0.62
3,2026_03_KC_MIA,MIA,KC,Ryan Miller,ryan miller,WR,3,2,15,0,0.08571428571428572,16.0,0.22
3,2026_03_KC_MIA,MIA,KC,Ollie Gordon II,ollie gordon,RB,3,3,14,0,0.08571428571428572,61.0,0.84
3,2026_03_KC_MIA,MIA,KC,De'Von Achane,devon achane,RB,1,0,0,0,0.02857142857142857,4.0,0.05
3,2026_03_KC_MIA,MIA,KC,Bradley Pinion,bradley pinion,P,0,0,0,0,0.0,0.0,0.0
3,2026_03_KC_MIA,MIA,KC,Zach Sieler,zach sieler,DE,0,0,0,0,0.0,0.0,0.0
3,2026_03_KC_MIA,MIA,KC,Joshua Uche,joshua uche,LB,0,0,0,0,0.0,0.0,0.0
3,2026_03_KC_MIA,MIA,KC,Aaron Brewer,aaron brewer,C,0,0,0,0,0.0,73.0,1.0
3,2026_03_KC_MIA,MIA,KC,Austin Jackson,austin jackson,OT,0,0,0,0,0.0,73.0,1.0
3,2026_03_KC_MIA,MIA,KC,Willie Gay Jr.,willie gay,LB,0,0,0,0,0.0,0.0,0.0
3,2026_03_KC_MIA,MIA,KC,Jordyn Brooks,jordyn brooks,LB,0,0,0,0,0.0,0.0,0.0
3,2026_03_KC_MIA,MIA,KC,Malik Herring,malik herring,DE,0,0,0,0,0.0,0.0,0.0
3,2026_03_KC_MIA,MIA,KC,Riley Patterson,riley patterson,K,0,0,0,0,0.0,0.0,0.0
3,2026_03_KC_MIA,MIA,KC,Malik Willis,malik willis,QB,0,0,0,0,0.0,73.0,1.0
3,2026_03_KC_MIA,MIA,KC,Julius Brents,julius brents,CB,0,0,0,0,0.0,0.0,0.0
3,2026_03_KC_MIA,MIA,KC,Chop Robinson,chop robinson,LB,0,0,0,0,0.0,0.0,0.0
3,2026_03_KC_MIA,MIA,KC,Jordan Phillips,jordan phillips,DT,0,0,0,0,0.0,0.0,0.0
3,2026_03_KC_MIA,MIA,KC,Jason Marshall Jr.,jason marshall,CB,0,0,0,0,0.0,0.0,0.0
3,2026_03_KC_MIA,MIA,KC,Dante Trader Jr.,dante trader,SAF,0,0,0,0,0.0,0.0,0.0
3,2026_03_KC_MIA,MIA,KC,Zeek Biggers,zeek biggers,DT,0,0,0,0,0.0,0.0,0.0
3,2026_03_KC_MIA,MIA,KC,Keith Cooper Jr.,keith cooper,DE,0,0,0,0,0.0,0.0,0.0
3,2026_03_KC_MIA,MIA,KC,DJ Herman,dj herman,RB,0,0,0,0,0.0,27.0,0.37
3,2026_03_KC_MIA,MIA,KC,Jacob Rodriguez,jacob rodriguez,LB,0,0,0,0,0.0,0.0,0.0
3,2026_03_KC_MIA,MIA,KC,Will Kacmarek,will kacmarek,TE,0,0,0,0,0.0,30.0,0.41
3,2026_03_KC_MIA,MIA,KC,Michael Taaffe,michael taaffe,SAF,0,0,0,0,0.0,0.0,0.0
3,2026_03_KC_MIA,MIA,KC,Chris Johnson,chris johnson,CB,0,0,0,0,0.0,0.0,0.0
3,2026_03_MIN_TB,MIN,TB,Jordan Addison,jordan addison,WR,9,5,90,1,0.36,58.0,0.98
3,2026_03_MIN_TB,MIN,TB,Aaron Jones,aaron jones,RB,6,5,34,0,0.24,47.0,0.8
3,2026_03_MIN_TB,MIN,TB,T.J. Hockenson,tj hockenson,TE,4,2,11,0,0.16,50.0,0.85
3,2026_03_MIN_TB,MIN,TB,Jauan Jennings,jauan jennings,WR,2,1,1,0,0.08,47.0,0.8
3,2026_03_MIN_TB,MIN,TB,Justin Jefferson,justin jefferson,WR,2,2,32,0,0.08,7.0,0.12
3,2026_03_MIN_TB,MIN,TB,Tai Felton,tai felton,WR,2,0,0,0,0.08,32.0,0.54
3,2026_03_MIN_TB,MIN,TB,Johnny Hekker,johnny hekker,P,0,0,0,0,0.0,0.0,0.0
3,2026_03_MIN_TB,MIN,TB,Harrison Smith,harrison smith,FS,0,0,0,0,0.0,0.0,0.0
3,2026_03_MIN_TB,MIN,TB,Kyle Van Noy,kyle van noy,MLB,0,0,0,0,0.0,0.0,0.0
3,2026_03_MIN_TB,MIN,TB,Eric Wilson,eric wilson,LB,0,0,0,0,0.0,0.0,0.0
3,2026_03_MIN_TB,MIN,TB,Kyler Murray,kyler murray,QB,0,0,0,0,0.0,59.0,1.0
3,2026_03_MIN_TB,MIN,TB,Byron Murphy,byron murphy,CB,0,0,0,0,0.0,0.0,0.0
3,2026_03_MIN_TB,MIN,TB,Josh Oliver,josh oliver,TE,0,0,0,0,0.0,24.0,0.41
3,2026_03_MIN_TB,MIN,TB,Andrew Van Ginkel,andrew van ginkel,OLB,0,0,0,0,0.0,0.0,0.0
3,2026_03_MIN_TB,MIN,TB,Blake Cashman,blake cashman,LB,0,0,0,0,0.0,0.0,0.0
3,2026_03_MIN_TB,MIN,TB,James Pierre,james pierre,CB,0,0,0,0,0.0,0.0,0.0
3,2026_03_MIN_TB,MIN,TB,Isaiah Rodgers,isaiah rodgers,CB,0,0,0,0,0.0,0.0,0.0
3,2026_03_MIN_TB,MIN,TB,Blake Brandel,blake brandel,C,0,0,0,0,0.0,59.0,1.0
3,2026_03_MIN_TB,MIN,TB,Josh Metellus,josh metellus,SAF,0,0,0,0,0.0,0.0,0.0
3,2026_03_MIN_TB,MIN,TB,DeeJay Dallas,deejay dallas,RB,0,0,0,0,0.0,9.0,0.15
3,2026_03_MIN_TB,MIN,TB,Will Fries,will fries,G,0,0,0,0,0.0,59.0,1.0
3,2026_03_MIN_TB,MIN,TB,Theo Jackson,theo jackson,DB,0,0,0,0,0.0,0.0,0.0
3,2026_03_MIN_TB,MIN,TB,Jalen Redmond,jalen redmond,DL,0,0,0,0,0.0,0.0,0.0
3,2026_03_MIN_TB,MIN,TB,Ivan Pace Jr.,ivan pace,LB,0,0,0,0,0.0,0.0,0.0
3,2026_03_MIN_TB,MIN,TB,Will Reichard,will reichard,K,0,0,0,0,0.0,0.0,0.0
3,2026_03_MIN_TB,MIN,TB,Levi Drake Rodriguez,levi drake rodriguez,DL,0,0,0,0,0.0,0.0,0.0
3,2026_03_MIN_TB,MIN,TB,Bo Richter,bo richter,LB,0,0,0,0,0.0,0.0,0.0
3,2026_03_MIN_TB,MIN,TB,Dallas Turner,dallas turner,LB,0,0,0,0,0.0,0.0,0.0
3,2026_03_MIN_TB,MIN,TB,Tyrion Ingram-Dawkins,tyrion ingramdawkins,DT,0,0,0,0,0.0,0.0,0.0
3,2026_03_MIN_TB,MIN,TB,Chaz Chambliss,chaz chambliss,LB,0,0,0,0,0.0,0.0,0.0
3,2026_03_MIN_TB,MIN,TB,Myles Price,myles price,WR,0,0,0,0,0.0,4.0,0.07
3,2026_03_MIN_TB,MIN,TB,Donovan Jackson,donovan jackson,G,0,0,0,0,0.0,59.0,1.0
3,2026_03_MIN_TB,MIN,TB,Caleb Banks,caleb banks,DT,0,0,0,0,0.0,0.0,0.0
3,2026_03_MIN_TB,MIN,TB,Max Bredeson,max bredeson,RB,0,0,0,0,0.0,10.0,0.17
3,2026_03_MIN_TB,MIN,TB,Demond Claiborne,demond claiborne,RB,0,0,0,0,0.0,3.0,0.05
3,2026_03_MIN_TB,MIN,TB,Jacob Thomas,jacob thomas,SAF,0,0,0,0,0.0,0.0,0.0
3,2026_03_MIN_TB,MIN,TB,Jake Golday,jake golday,LB,0,0,0,0,0.0,0.0,0.0
3,2026_03_NE_JAX,NE,JAX,Mack Hollins,mack hollins,WR,9,6,87,0,0.3,48.0,0.76
3,2026_03_NE_JAX,NE,JAX,DeMario Douglas,demario douglas,WR,5,1,38,0,0.16666666666666666,37.0,0.59
3,2026_03_NE_JAX,NE,JAX,Romeo Doubs,romeo doubs,WR,4,3,49,0,0.13333333333333333,46.0,0.73
3,2026_03_NE_JAX,NE,JAX,Rhamondre Stevenson,rhamondre stevenson,RB,3,3,16,0,0.1,33.0,0.52
3,2026_03_NE_JAX,NE,JAX,Kyle Williams,kyle williams,WR,3,1,34,0,0.1,22.0,0.35
3,2026_03_NE_JAX,NE,JAX,Hunter Henry,hunter henry,TE,2,1,5,0,0.06666666666666667,44.0,0.7
3,2026_03_NE_JAX,NE,JAX,Efton Chism III,efton chism,WR,2,1,1,0,0.06666666666666667,16.0,0.25
3,2026_03_NE_JAX,NE,JAX,Corey Kiner,corey kiner,RB,1,1,9,0,0.03333333333333333,8.0,0.13
3,2026_03_NE_JAX,NE,JAX,TreVeyon Henderson,treveyon henderson,RB,1,1,6,0,0.03333333333333333,23.0,0.37
3,2026_03_NE_JAX,NE,JAX,DaQuan Jones,daquan jones,DE,0,0,0,0,0.0,0.0,0.0
3,2026_03_NE_JAX,NE,JAX,Morgan Moses,morgan moses,OT,0,0,0,0,0.0,43.0,0.68
3,2026_03_NE_JAX,NE,JAX,Kevin Byard,kevin byard,FS,0,0,0,0,0.0,0.0,0.0
3,2026_03_NE_JAX,NE,JAX,Robert Spillane,robert spillane,LB,0,0,0,0,0.0,0.0,0.0
3,2026_03_NE_JAX,NE,JAX,Carlton Davis III,carlton davis,CB,0,0,0,0,0.0,0.0,0.0
3,2026_03_NE_JAX,NE,JAX,Mitch Wishnowsky,mitch wishnowsky,P,0,0,0,0,0.0,0.0,0.0
3,2026_03_NE_JAX,NE,JAX,Christian Elliss,christian elliss,LB,0,0,0,0,0.0,0.0,0.0
3,2026_03_NE_JAX,NE,JAX,Milton Williams,milton williams,DT,0,0,0,0,0.0,0.0,0.0
3,2026_03_NE_JAX,NE,JAX,Christian Barmore,christian barmore,DT,0,0,0,0,0.0,0.0,0.0
3,2026_03_NE_JAX,NE,JAX,Marcus Jones,marcus jones,CB,0,0,0,0,0.0,0.0,0.0
3,2026_03_NE_JAX,NE,JAX,Mike Brown,mike brown,SAF,0,0,0,0,0.0,0.0,0.0
3,2026_03_NE_JAX,NE,JAX,Jeremiah Pharms Jr.,jeremiah pharms,DT,0,0,0,0,0.0,0.0,0.0
3,2026_03_NE_JAX,NE,JAX,Tommy DeVito,tommy devito,QB,0,0,0,0,0.0,12.0,0.19
3,2026_03_NE_JAX,NE,JAX,Cameron Latu,cameron latu,TE,0,0,0,0,0.0,9.0,0.14
3,2026_03_NE_JAX,NE,JAX,Jose Ramirez,jose ramirez,LB,0,0,0,0,0.0,0.0,0.0
3,2026_03_NE_JAX,NE,JAX,Christian Gonzalez,christian gonzalez,CB,0,0,0,0,0.0,0.0,0.0
3,2026_03_NE_JAX,NE,JAX,Charles Woods,charles woods,CB,0,0,0,0,0.0,0.0,0.0
3,2026_03_NE_JAX,NE,JAX,Drake Maye,drake maye,QB,0,0,0,0,0.0,51.0,0.81
3,2026_03_NE_JAX,NE,JAX,Joshua Farmer,joshua farmer,DT,0,0,0,0,0.0,0.0,0.0
3,2026_03_NE_JAX,NE,JAX,Andy Borregales,andy borregales,K,0,0,0,0,0.0,0.0,0.0
3,2026_03_NE_JAX,NE,JAX,Jaylen Reed,jaylen reed,SAF,0,0,0,0,0.0,0.0,0.0
3,2026_03_NE_JAX,NE,JAX,Elijah Ponder,elijah ponder,LB,0,0,0,0,0.0,0.0,0.0
3,2026_03_NE_JAX,NE,JAX,Channing Canada,channing canada,CB,0,0,0,0,0.0,0.0,0.0
3,2026_03_NE_JAX,NE,JAX,Erick Hunter,erick hunter,LB,0,0,0,0,0.0,0.0,0.0
3,2026_03_NE_JAX,NE,JAX,Gabe Jacas,gabe jacas,LB,0,0,0,0,0.0,0.0,0.0
3,2026_03_LV_NO,NO,LV,Chris Olave,chris olave,WR,13,9,107,0,0.325,62.0,0.84
3,2026_03_LV_NO,NO,LV,Juwan Johnson,juwan johnson,TE,8,8,53,2,0.2,46.0,0.62
3,2026_03_LV_NO,NO,LV,Devaughn Vele,devaughn vele,WR,6,3,39,0,0.15,65.0,0.88
3,2026_03_LV_NO,NO,LV,Noah Fant,noah fant,TE,4,4,33,2,0.1,42.0,0.57
3,2026_03_LV_NO,NO,LV,Kendre Miller,kendre miller,RB,3,2,5,0,0.075,14.0,0.19
3,2026_03_LV_NO,NO,LV,Bryce Lance,bryce lance,WR,3,0,0,0,0.075,53.0,0.72
3,2026_03_LV_NO,NO,LV,Travis Etienne,travis etienne,RB,2,2,13,0,0.05,28.0,0.38
3,2026_03_LV_NO,NO,LV,Alvin Kamara,alvin kamara,RB,1,1,5,0,0.025,24.0,0.32
3,2026_03_LV_NO,NO,LV,Davon Godchaux,davon godchaux,DT,0,0,0,0,0.0,0.0,0.0
3,2026_03_LV_NO,NO,LV,Daniel Carlson,daniel carlson,K,0,0,0,0,0.0,0.0,0.0
3,2026_03_LV_NO,NO,LV,Justin Reid,justin reid,S,0,0,0,0,0.0,0.0,0.0
3,2026_03_LV_NO,NO,LV,Nathan Shepherd,nathan shepherd,DE,0,0,0,0,0.0,0.0,0.0
3,2026_03_LV_NO,NO,LV,Kaden Elliss,kaden elliss,LB,0,0,0,0,0.0,0.0,0.0
3,2026_03_LV_NO,NO,LV,Carl Granderson,carl granderson,DE,0,0,0,0,0.0,0.0,0.0
3,2026_03_LV_NO,NO,LV,Anfernee Jennings,anfernee jennings,LB,0,0,0,0,0.0,0.0,0.0
3,2026_03_LV_NO,NO,LV,Julian Blackmon,julian blackmon,SAF,0,0,0,0,0.0,0.0,0.0
3,2026_03_LV_NO,NO,LV,Chase Young,chase young,DE,0,0,0,0,0.0,0.0,0.0
3,2026_03_LV_NO,NO,LV,Cesar Ruiz,cesar ruiz,G,0,0,0,0,0.0,74.0,1.0
3,2026_03_LV_NO,NO,LV,Pete Werner,pete werner,LB,0,0,0,0,0.0,0.0,0.0
3,2026_03_LV_NO,NO,LV,Ryan Wright,ryan wright,P,0,0,0,0,0.0,0.0,0.0
3,2026_03_LV_NO,NO,LV,Colby Wooden,colby wooden,DE,0,0,0,0,0.0,0.0,0.0
3,2026_03_LV_NO,NO,LV,Jordan Howden,jordan howden,SAF,0,0,0,0,0.0,0.0,0.0
3,2026_03_LV_NO,NO,LV,Jalen Cropper,jalen cropper,WR,0,0,0,0,0.0,0.0,0.0
3,2026_03_LV_NO,NO,LV,Khristian Boyd,khristian boyd,DT,0,0,0,0,0.0,0.0,0.0
3,2026_03_LV_NO,NO,LV,Isaiah Stalbird,isaiah stalbird,LB,0,0,0,0,0.0,0.0,0.0
3,2026_03_LV_NO,NO,LV,Jayden Price,jayden price,CB,0,0,0,0,0.0,0.0,0.0
3,2026_03_LV_NO,NO,LV,Kool-Aid McKinstry,koolaid mckinstry,CB,0,0,0,0,0.0,0.0,0.0
3,2026_03_LV_NO,NO,LV,Danny Stutsman,danny stutsman,LB,0,0,0,0,0.0,0.0,0.0
3,2026_03_LV_NO,NO,LV,Quincy Riley,quincy riley,CB,0,0,0,0,0.0,0.0,0.0
3,2026_03_LV_NO,NO,LV,Michael Reid,michael reid,SAF,0,0,0,0,0.0,0.0,0.0
3,2026_03_LV_NO,NO,LV,Vernon Broughton,vernon broughton,DT,0,0,0,0,0.0,0.0,0.0
3,2026_03_LV_NO,NO,LV,Jonas Sanker,jonas sanker,SAF,0,0,0,0,0.0,0.0,0.0
3,2026_03_LV_NO,NO,LV,Tyler Shough,tyler shough,QB,0,0,0,0,0.0,74.0,1.0
3,2026_03_LV_NO,NO,LV,CJ Donaldson,cj donaldson,RB,0,0,0,0,0.0,12.0,0.16
3,2026_03_TEN_NYG,NYG,TEN,Malik Nabers,malik nabers,WR,6,5,26,0,0.2857142857142857,50.0,0.78
3,2026_03_TEN_NYG,NYG,TEN,Isaiah Likely,isaiah likely,TE,5,2,13,0,0.23809523809523808,54.0,0.84
3,2026_03_TEN_NYG,NYG,TEN,Cam Skattebo,cam skattebo,RB,4,3,40,0,0.19047619047619047,49.0,0.77
3,2026_03_TEN_NYG,NYG,TEN,Darnell Mooney,darnell mooney,WR,3,2,20,0,0.14285714285714285,28.0,0.44
3,2026_03_TEN_NYG,NYG,TEN,Malachi Fields,malachi fields,WR,2,2,19,0,0.09523809523809523,44.0,0.69
3,2026_03_TEN_NYG,NYG,TEN,Odell Beckham Jr.,odell beckham,WR,1,0,0,0,0.047619047619047616,6.0,0.09
3,2026_03_TEN_NYG,NYG,TEN,Shelby Harris,shelby harris,DE,0,0,0,0,0.0,0.0,0.0
3,2026_03_TEN_NYG,NYG,TEN,Jameis Winston,jameis winston,QB,0,0,0,0,0.0,64.0,1.0
3,2026_03_TEN_NYG,NYG,TEN,DJ Reader,dj reader,DT,0,0,0,0,0.0,0.0,0.0
3,2026_03_TEN_NYG,NYG,TEN,Jermaine Eluemunor,jermaine eluemunor,G,0,0,0,0,0.0,64.0,1.0
3,2026_03_TEN_NYG,NYG,TEN,Elijah Campbell,elijah campbell,DB,0,0,0,0,0.0,0.0,0.0
3,2026_03_TEN_NYG,NYG,TEN,Braxton Berrios,braxton berrios,WR,0,0,0,0,0.0,5.0,0.08
3,2026_03_TEN_NYG,NYG,TEN,Tremaine Edmunds,tremaine edmunds,MLB,0,0,0,0,0.0,0.0,0.0
3,2026_03_TEN_NYG,NYG,TEN,Brian Burns,brian burns,LB,0,0,0,0,0.0,0.0,0.0
3,2026_03_TEN_NYG,NYG,TEN,Jon Runyan,jon runyan,G,0,0,0,0,0.0,64.0,1.0
3,2026_03_TEN_NYG,NYG,TEN,Malik Harrison,malik harrison,LB,0,0,0,0,0.0,0.0,0.0
3,2026_03_TEN_NYG,NYG,TEN,Jason Pinnock,jason pinnock,SAF,0,0,0,0,0.0,0.0,0.0
3,2026_03_TEN_NYG,NYG,TEN,Ar'Darius Washington,ardarius washington,SAF,0,0,0,0,0.0,0.0,0.0
3,2026_03_TEN_NYG,NYG,TEN,Najee Harris,najee harris,RB,0,0,0,0,0.0,14.0,0.22
3,2026_03_TEN_NYG,NYG,TEN,Chauncey Golston,chauncey golston,DE,0,0,0,0,0.0,0.0,0.0
3,2026_03_TEN_NYG,NYG,TEN,Greg Newsome II,greg newsome,CB,0,0,0,0,0.0,0.0,0.0
3,2026_03_TEN_NYG,NYG,TEN,Jevon Holland,jevon holland,SAF,0,0,0,0,0.0,0.0,0.0
3,2026_03_TEN_NYG,NYG,TEN,Micah McFadden,micah mcfadden,LB,0,0,0,0,0.0,0.0,0.0
3,2026_03_TEN_NYG,NYG,TEN,Kayvon Thibodeaux,kayvon thibodeaux,LB,0,0,0,0,0.0,0.0,0.0
3,2026_03_TEN_NYG,NYG,TEN,Jordan Stout,jordan stout,P,0,0,0,0,0.0,0.0,0.0
3,2026_03_TEN_NYG,NYG,TEN,Zaire Barnes,zaire barnes,LB,0,0,0,0,0.0,0.0,0.0
3,2026_03_TEN_NYG,NYG,TEN,John Michael Schmitz,john michael schmitz,C,0,0,0,0,0.0,64.0,1.0
3,2026_03_TEN_NYG,NYG,TEN,Tyrone Tracy Jr.,tyrone tracy,RB,0,0,0,0,0.0,1.0,0.02
3,2026_03_TEN_NYG,NYG,TEN,Andru Phillips,andru phillips,DB,0,0,0,0,0.0,0.0,0.0
3,2026_03_TEN_NYG,NYG,TEN,Nikko Reed,nikko reed,DB,0,0,0,0,0.0,0.0,0.0
3,2026_03_TEN_NYG,NYG,TEN,Abdul Carter,abdul carter,LB,0,0,0,0,0.0,0.0,0.0
3,2026_03_TEN_NYG,NYG,TEN,Ben Mann,ben mann,LS,0,0,0,0,0.0,0.0,0.0
3,2026_03_TEN_NYG,NYG,TEN,Dominic Zvada,dominic zvada,K,0,0,0,0,0.0,0.0,0.0
3,2026_03_TEN_NYG,NYG,TEN,Colton Hood,colton hood,CB,0,0,0,0,0.0,0.0,0.0
3,2026_03_TEN_NYG,NYG,TEN,Arvell Reese,arvell reese,LB,0,0,0,0,0.0,0.0,0.0
3,2026_03_NYJ_DET,NYJ,DET,Garrett Wilson,garrett wilson,WR,13,10,107,1,0.3611111111111111,62.0,0.94
3,2026_03_NYJ_DET,NYJ,DET,Kenyon Sadiq,kenyon sadiq,TE,8,7,105,1,0.2222222222222222,38.0,0.58
3,2026_03_NYJ_DET,NYJ,DET,Jeremy Ruckert,jeremy ruckert,TE,5,5,39,1,0.1388888888888889,28.0,0.42
3,2026_03_NYJ_DET,NYJ,DET,Breece Hall,breece hall,RB,3,3,23,0,0.08333333333333333,32.0,0.48
3,2026_03_NYJ_DET,NYJ,DET,Braelon Allen,braelon allen,RB,3,3,3,0,0.08333333333333333,34.0,0.52
3,2026_03_NYJ_DET,NYJ,DET,Isaiah Williams,isaiah williams,WR,2,1,21,0,0.05555555555555555,59.0,0.89
3,2026_03_NYJ_DET,NYJ,DET,Sterling Shepard,sterling shepard,WR,1,1,3,0,0.027777777777777776,30.0,0.45
3,2026_03_NYJ_DET,NYJ,DET,Jelani Woods,jelani woods,TE,1,1,20,0,0.027777777777777776,25.0,0.38
3,2026_03_NYJ_DET,NYJ,DET,Demario Davis,demario davis,OLB,0,0,0,0,0.0,0.0,0.0
3,2026_03_NYJ_DET,NYJ,DET,Geno Smith,geno smith,QB,0,0,0,0,0.0,66.0,1.0
3,2026_03_NYJ_DET,NYJ,DET,Harrison Phillips,harrison phillips,DT,0,0,0,0,0.0,0.0,0.0
3,2026_03_NYJ_DET,NYJ,DET,Jason Sanders,jason sanders,K,0,0,0,0,0.0,0.0,0.0
3,2026_03_NYJ_DET,NYJ,DET,Troy Reeder,troy reeder,LB,0,0,0,0,0.0,0.0,0.0
3,2026_03_NYJ_DET,NYJ,DET,Jamien Sherwood,jamien sherwood,LB,0,0,0,0,0.0,0.0,0.0
3,2026_03_NYJ_DET,NYJ,DET,Joseph Ossai,joseph ossai,DE,0,0,0,0,0.0,0.0,0.0
3,2026_03_NYJ_DET,NYJ,DET,Andre Cisco,andre cisco,SAF,0,0,0,0,0.0,0.0,0.0
3,2026_03_NYJ_DET,NYJ,DET,Brandon Stephens,brandon stephens,CB,0,0,0,0,0.0,0.0,0.0
3,2026_03_NYJ_DET,NYJ,DET,Kingsley Enagbare,kingsley enagbare,LB,0,0,0,0,0.0,0.0,0.0
3,2026_03_NYJ_DET,NYJ,DET,Dylan Parham,dylan parham,G,0,0,0,0,0.0,38.0,0.58
3,2026_03_NYJ_DET,NYJ,DET,Dane Belton,dane belton,SAF,0,0,0,0,0.0,0.0,0.0
3,2026_03_NYJ_DET,NYJ,DET,Will McDonald IV,will mcdonald,DE,0,0,0,0,0.0,0.0,0.0
3,2026_03_NYJ_DET,NYJ,DET,Trevin Wallace,trevin wallace,LB,0,0,0,0,0.0,0.0,0.0
3,2026_03_NYJ_DET,NYJ,DET,Jarvis Brownlee Jr.,jarvis brownlee,DB,0,0,0,0,0.0,0.0,0.0
3,2026_03_NYJ_DET,NYJ,DET,Jowon Briggs,jowon briggs,DE,0,0,0,0,0.0,0.0,0.0
3,2026_03_NYJ_DET,NYJ,DET,Austin McNamara,austin mcnamara,P,0,0,0,0,0.0,0.0,0.0
3,2026_03_NYJ_DET,NYJ,DET,Qwan'tez Stiggers,qwantez stiggers,DB,0,0,0,0,0.0,0.0,0.0
3,2026_03_NYJ_DET,NYJ,DET,Isaiah Davis,isaiah davis,RB,0,0,0,0,0.0,0.0,0.0
3,2026_03_NYJ_DET,NYJ,DET,T'Vondre Sweat,tvondre sweat,DT,0,0,0,0,0.0,0.0,0.0
3,2026_03_NYJ_DET,NYJ,DET,Azareye'h Thomas,azareyeh thomas,CB,0,0,0,0,0.0,0.0,0.0
3,2026_03_NYJ_DET,NYJ,DET,Malachi Moore,malachi moore,SAF,0,0,0,0,0.0,0.0,0.0
3,2026_03_NYJ_DET,NYJ,DET,Jamaal Pritchett,jamaal pritchett,WR,0,0,0,0,0.0,0.0,0.0
3,2026_03_NYJ_DET,NYJ,DET,David Bailey,david bailey,LB,0,0,0,0,0.0,0.0,0.0
3,2026_03_NYJ_DET,NYJ,DET,Malik McClain,malik mcclain,WR,0,0,0,0,0.0,18.0,0.27
3,2026_03_NYJ_DET,NYJ,DET,Darrell Jackson Jr.,darrell jackson,DT,0,0,0,0,0.0,0.0,0.0
3,2026_03_PHI_CHI,PHI,CHI,DeVonta Smith,devonta smith,WR,8,6,65,0,0.32,50.0,1.0
3,2026_03_PHI_CHI,PHI,CHI,Dontayvion Wicks,dontayvion wicks,WR,5,2,32,0,0.2,44.0,0.88
3,2026_03_PHI_CHI,PHI,CHI,Makai Lemon,makai lemon,WR,4,3,29,0,0.16,35.0,0.7
3,2026_03_PHI_CHI,PHI,CHI,Zach Ertz,zach ertz,TE,2,1,9,0,0.08,19.0,0.38
3,2026_03_PHI_CHI,PHI,CHI,Saquon Barkley,saquon barkley,RB,2,1,-2,0,0.08,36.0,0.72
3,2026_03_PHI_CHI,PHI,CHI,Will Shipley,will shipley,RB,2,1,11,0,0.08,13.0,0.26
3,2026_03_PHI_CHI,PHI,CHI,Johnny Mundt,johnny mundt,TE,1,1,4,0,0.04,26.0,0.52
3,2026_03_PHI_CHI,PHI,CHI,Tank Bigsby,tank bigsby,RB,1,1,5,0,0.04,2.0,0.04
3,2026_03_PHI_CHI,PHI,CHI,Andy Dalton,andy dalton,QB,0,0,0,0,0.0,4.0,0.08
3,2026_03_PHI_CHI,PHI,CHI,Jake Elliott,jake elliott,K,0,0,0,0,0.0,0.0,0.0
3,2026_03_PHI_CHI,PHI,CHI,Marcus Epps,marcus epps,SAF,0,0,0,0,0.0,0.0,0.0
3,2026_03_PHI_CHI,PHI,CHI,Jonathan Greenard,jonathan greenard,LB,0,0,0,0,0.0,0.0,0.0
3,2026_03_PHI_CHI,PHI,CHI,Braden Mann,braden mann,P,0,0,0,0,0.0,0.0,0.0
3,2026_03_PHI_CHI,PHI,CHI,Jalen Hurts,jalen hurts,QB,0,0,0,0,0.0,46.0,0.92
3,2026_03_PHI_CHI,PHI,CHI,Zack Baun,zack baun,LB,0,0,0,0,0.0,0.0,0.0
3,2026_03_PHI_CHI,PHI,CHI,Michael Carter II,michael carter,CB,0,0,0,0,0.0,0.0,0.0
3,2026_03_PHI_CHI,PHI,CHI,Jordan Davis,jordan davis,DT,0,0,0,0,0.0,0.0,0.0
3,2026_03_PHI_CHI,PHI,CHI,Riq Woolen,riq woolen,CB,0,0,0,0,0.0,0.0,0.0
3,2026_03_PHI_CHI,PHI,CHI,Britain Covey,britain covey,WR,0,0,0,0,0.0,0.0,0.0
3,2026_03_PHI_CHI,PHI,CHI,Chance Campbell,chance campbell,LB,0,0,0,0,0.0,0.0,0.0
3,2026_03_PHI_CHI,PHI,CHI,Arnold Ebiketie,arnold ebiketie,LB,0,0,0,0,0.0,0.0,0.0
3,2026_03_PHI_CHI,PHI,CHI,Jalen Carter,jalen carter,DT,0,0,0,0,0.0,0.0,0.0
3,2026_03_PHI_CHI,PHI,CHI,Moro Ojomo,moro ojomo,DT,0,0,0,0,0.0,0.0,0.0
3,2026_03_PHI_CHI,PHI,CHI,E.J. Jenkins,ej jenkins,TE,0,0,0,0,0.0,13.0,0.26
3,2026_03_PHI_CHI,PHI,CHI,Byron Young,byron young,DT,0,0,0,0,0.0,0.0,0.0
3,2026_03_PHI_CHI,PHI,CHI,Tyler Steen,tyler steen,G,0,0,0,0,0.0,50.0,1.0
3,2026_03_PHI_CHI,PHI,CHI,Nolan Smith,nolan smith,LB,0,0,0,0,0.0,0.0,0.0
3,2026_03_PHI_CHI,PHI,CHI,Kelee Ringo,kelee ringo,CB,0,0,0,0,0.0,0.0,0.0
3,2026_03_PHI_CHI,PHI,CHI,Jalyx Hunt,jalyx hunt,LB,0,0,0,0,0.0,0.0,0.0
3,2026_03_PHI_CHI,PHI,CHI,Cooper DeJean,cooper dejean,CB,0,0,0,0,0.0,0.0,0.0
3,2026_03_PHI_CHI,PHI,CHI,Quinyon Mitchell,quinyon mitchell,CB,0,0,0,0,0.0,0.0,0.0
3,2026_03_PHI_CHI,PHI,CHI,Smael Mondon Jr.,smael mondon,LB,0,0,0,0,0.0,0.0,0.0
3,2026_03_PHI_CHI,PHI,CHI,Darius Cooper,darius cooper,WR,0,0,0,0,0.0,5.0,0.1
3,2026_03_PHI_CHI,PHI,CHI,Drew Kendall,drew kendall,C,0,0,0,0,0.0,50.0,1.0
3,2026_03_PHI_CHI,PHI,CHI,Ty Robinson,ty robinson,DT,0,0,0,0,0.0,0.0,0.0
3,2026_03_PHI_CHI,PHI,CHI,Jihaad Campbell,jihaad campbell,LB,0,0,0,0,0.0,0.0,0.0
3,2026_03_PHI_CHI,PHI,CHI,Andrew Mukuba,andrew mukuba,SAF,0,0,0,0,0.0,0.0,0.0
3,2026_03_CIN_PIT,PIT,CIN,Roman Wilson,roman wilson,WR,6,3,60,1,0.1935483870967742,24.0,0.39
3,2026_03_CIN_PIT,PIT,CIN,DK Metcalf,dk metcalf,WR,5,3,31,1,0.16129032258064516,59.0,0.95
3,2026_03_CIN_PIT,PIT,CIN,Michael Pittman,michael pittman,WR,5,2,16,0,0.16129032258064516,45.0,0.73
3,2026_03_CIN_PIT,PIT,CIN,Pat Freiermuth,pat freiermuth,TE,4,2,30,0,0.12903225806451613,37.0,0.6
3,2026_03_CIN_PIT,PIT,CIN,Jaylen Warren,jaylen warren,RB,4,3,49,0,0.12903225806451613,56.0,0.9
3,2026_03_CIN_PIT,PIT,CIN,Darnell Washington,darnell washington,TE,4,3,67,0,0.12903225806451613,47.0,0.76
3,2026_03_CIN_PIT,PIT,CIN,Robert Tonyan,robert tonyan,TE,1,1,2,0,0.03225806451612903,4.0,0.06
3,2026_03_CIN_PIT,PIT,CIN,Ben Skowronek,ben skowronek,WR,1,1,23,1,0.03225806451612903,11.0,0.18
3,2026_03_CIN_PIT,PIT,CIN,Germie Bernard,germie bernard,WR,1,1,14,0,0.03225806451612903,17.0,0.27
3,2026_03_CIN_PIT,PIT,CIN,Aaron Rodgers,aaron rodgers,QB,0,0,0,0,0.0,62.0,1.0
3,2026_03_CIN_PIT,PIT,CIN,Cameron Heyward,cameron heyward,DE,0,0,0,0,0.0,0.0,0.0
3,2026_03_CIN_PIT,PIT,CIN,Chris Boswell,chris boswell,K,0,0,0,0,0.0,0.0,0.0
3,2026_03_CIN_PIT,PIT,CIN,Jalen Ramsey,jalen ramsey,CB,0,0,0,0,0.0,0.0,0.0
3,2026_03_CIN_PIT,PIT,CIN,Cameron Johnston,cameron johnston,P,0,0,0,0,0.0,0.0,0.0
3,2026_03_CIN_PIT,PIT,CIN,T.J. Watt,tj watt,OLB,0,0,0,0,0.0,0.0,0.0
3,2026_03_CIN_PIT,PIT,CIN,Rayshawn Jenkins,rayshawn jenkins,DB,0,0,0,0,0.0,0.0,0.0
3,2026_03_CIN_PIT,PIT,CIN,Sebastian Joseph-Day,sebastian josephday,DT,0,0,0,0,0.0,0.0,0.0
3,2026_03_CIN_PIT,PIT,CIN,Cole Holcomb,cole holcomb,LB,0,0,0,0,0.0,0.0,0.0
3,2026_03_CIN_PIT,PIT,CIN,Travis Homer,travis homer,RB,0,0,0,0,0.0,3.0,0.05
3,2026_03_CIN_PIT,PIT,CIN,Jamel Dean,jamel dean,CB,0,0,0,0,0.0,0.0,0.0
3,2026_03_CIN_PIT,PIT,CIN,Patrick Queen,patrick queen,LB,0,0,0,0,0.0,0.0,0.0
3,2026_03_CIN_PIT,PIT,CIN,Brandin Echols,brandin echols,CB,0,0,0,0,0.0,0.0,0.0
3,2026_03_CIN_PIT,PIT,CIN,Asante Samuel Jr.,asante samuel,CB,0,0,0,0,0.0,0.0,0.0
3,2026_03_CIN_PIT,PIT,CIN,Brock Hoffman,brock hoffman,C,0,0,0,0,0.0,62.0,1.0
3,2026_03_CIN_PIT,PIT,CIN,Jaquan Brisker,jaquan brisker,SAF,0,0,0,0,0.0,0.0,0.0
3,2026_03_CIN_PIT,PIT,CIN,Lew Nichols III,lew nichols,RB,0,0,0,0,0.0,3.0,0.05
3,2026_03_CIN_PIT,PIT,CIN,Nick Herbig,nick herbig,LB,0,0,0,0,0.0,0.0,0.0
3,2026_03_CIN_PIT,PIT,CIN,Keeanu Benton,keeanu benton,DT,0,0,0,0,0.0,0.0,0.0
3,2026_03_CIN_PIT,PIT,CIN,Payton Wilson,payton wilson,LB,0,0,0,0,0.0,0.0,0.0
3,2026_03_CIN_PIT,PIT,CIN,Troy Fautanu,troy fautanu,OT,0,0,0,0,0.0,62.0,1.0
3,2026_03_CIN_PIT,PIT,CIN,Jack Sawyer,jack sawyer,LB,0,0,0,0,0.0,0.0,0.0
3,2026_03_CIN_PIT,PIT,CIN,Yahya Black,yahya black,DE,0,0,0,0,0.0,0.0,0.0
3,2026_03_CIN_PIT,PIT,CIN,Carson Bruener,carson bruener,LB,0,0,0,0,0.0,0.0,0.0
3,2026_03_CIN_PIT,PIT,CIN,Doneiko Slaughter,doneiko slaughter,DB,0,0,0,0,0.0,0.0,0.0
3,2026_03_CIN_PIT,PIT,CIN,Derrick Harmon,derrick harmon,DT,0,0,0,0,0.0,0.0,0.0
3,2026_03_CIN_PIT,PIT,CIN,Daylen Everette,daylen everette,CB,0,0,0,0,0.0,0.0,0.0
3,2026_03_CIN_PIT,PIT,CIN,Kaden Wetjen,kaden wetjen,WR,0,0,0,0,0.0,0.0,0.0
3,2026_03_CIN_PIT,PIT,CIN,Robert Spears-Jennings,robert spearsjennings,SAF,0,0,0,0,0.0,0.0,0.0
3,2026_03_SEA_WAS,SEA,WAS,Jaxon Smith-Njigba,jaxon smithnjigba,WR,14,10,128,2,0.3111111111111111,58.0,0.87
3,2026_03_SEA_WAS,SEA,WAS,AJ Barner,aj barner,TE,9,5,69,0,0.2,61.0,0.91
3,2026_03_SEA_WAS,SEA,WAS,Cooper Kupp,cooper kupp,WR,5,4,46,1,0.1111111111111111,45.0,0.67
3,2026_03_SEA_WAS,SEA,WAS,George Holani,george holani,RB,5,5,48,0,0.1111111111111111,24.0,0.36
3,2026_03_SEA_WAS,SEA,WAS,Rashid Shaheed,rashid shaheed,WR,3,2,14,0,0.06666666666666667,31.0,0.46
3,2026_03_SEA_WAS,SEA,WAS,Tory Horton,tory horton,WR,3,3,48,0,0.06666666666666667,15.0,0.22
3,2026_03_SEA_WAS,SEA,WAS,Jadarian Price,jadarian price,RB,3,1,7,0,0.06666666666666667,19.0,0.28
3,2026_03_SEA_WAS,SEA,WAS,Eric Saubert,eric saubert,TE,2,1,13,1,0.044444444444444446,18.0,0.27
3,2026_03_SEA_WAS,SEA,WAS,Brady Russell,brady russell,RB,1,1,20,0,0.022222222222222223,12.0,0.18
3,2026_03_SEA_WAS,SEA,WAS,DeMarcus Lawrence,demarcus lawrence,LB,0,0,0,0,0.0,0.0,0.0
3,2026_03_SEA_WAS,SEA,WAS,Jason Myers,jason myers,K,0,0,0,0,0.0,0.0,0.0
3,2026_03_SEA_WAS,SEA,WAS,Leonard Williams,leonard williams,DE,0,0,0,0,0.0,0.0,0.0
3,2026_03_SEA_WAS,SEA,WAS,Jarran Reed,jarran reed,DT,0,0,0,0,0.0,0.0,0.0
3,2026_03_SEA_WAS,SEA,WAS,Michael Dickson,michael dickson,P,0,0,0,0,0.0,0.0,0.0
3,2026_03_SEA_WAS,SEA,WAS,Uchenna Nwosu,uchenna nwosu,LB,0,0,0,0,0.0,0.0,0.0
3,2026_03_SEA_WAS,SEA,WAS,Sam Darnold,sam darnold,QB,0,0,0,0,0.0,67.0,1.0
3,2026_03_SEA_WAS,SEA,WAS,Ernest Jones,ernest jones,LB,0,0,0,0,0.0,0.0,0.0
3,2026_03_SEA_WAS,SEA,WAS,Josh Jobe,josh jobe,CB,0,0,0,0,0.0,0.0,0.0
3,2026_03_SEA_WAS,SEA,WAS,Rodney Thomas,rodney thomas,SAF,0,0,0,0,0.0,0.0,0.0
3,2026_03_SEA_WAS,SEA,WAS,Emanuel Wilson,emanuel wilson,RB,0,0,0,0,0.0,24.0,0.36
3,2026_03_SEA_WAS,SEA,WAS,AJ Finley,aj finley,SAF,0,0,0,0,0.0,0.0,0.0
3,2026_03_SEA_WAS,SEA,WAS,Drake Thomas,drake thomas,LB,0,0,0,0,0.0,0.0,0.0
3,2026_03_SEA_WAS,SEA,WAS,Derick Hall,derick hall,LB,0,0,0,0,0.0,0.0,0.0
3,2026_03_SEA_WAS,SEA,WAS,Devon Witherspoon,devon witherspoon,CB,0,0,0,0,0.0,0.0,0.0
3,2026_03_SEA_WAS,SEA,WAS,Byron Murphy II,byron murphy,DT,0,0,0,0,0.0,0.0,0.0
3,2026_03_SEA_WAS,SEA,WAS,Nehemiah Pritchett,nehemiah pritchett,CB,0,0,0,0,0.0,0.0,0.0
3,2026_03_SEA_WAS,SEA,WAS,Nick Emmanwori,nick emmanwori,SAF,0,0,0,0,0.0,0.0,0.0
3,2026_03_SEA_WAS,SEA,WAS,Julian Neal,julian neal,CB,0,0,0,0,0.0,0.0,0.0
3,2026_03_ARI_SF,SF,ARI,George Kittle,george kittle,TE,7,6,82,2,0.2692307692307692,46.0,0.85
3,2026_03_ARI_SF,SF,ARI,Mike Evans,mike evans,WR,6,3,34,1,0.23076923076923078,18.0,0.33
3,2026_03_ARI_SF,SF,ARI,Christian McCaffrey,christian mccaffrey,RB,5,4,41,0,0.19230769230769232,45.0,0.83
3,2026_03_ARI_SF,SF,ARI,Kyle Juszczyk,kyle juszczyk,FB,2,0,0,0,0.07692307692307693,30.0,0.56
3,2026_03_ARI_SF,SF,ARI,Jacob Cowing,jacob cowing,WR,2,0,0,0,0.07692307692307693,17.0,0.31
3,2026_03_ARI_SF,SF,ARI,Jordan Watkins,jordan watkins,WR,2,2,60,0,0.07692307692307693,15.0,0.28
3,2026_03_ARI_SF,SF,ARI,Luke Farrell,luke farrell,TE,1,0,0,0,0.038461538461538464,18.0,0.33
3,2026_03_ARI_SF,SF,ARI,Kaelon Black,kaelon black,RB,1,0,0,0,0.038461538461538464,8.0,0.15
3,2026_03_ARI_SF,SF,ARI,Eddy Pineiro,eddy pineiro,K,0,0,0,0,0.0,0.0,0.0
3,2026_03_ARI_SF,SF,ARI,Siran Neal,siran neal,DB,0,0,0,0,0.0,0.0,0.0
3,2026_03_ARI_SF,SF,ARI,Ogbo Okoronkwo,ogbo okoronkwo,DE,0,0,0,0,0.0,0.0,0.0
3,2026_03_ARI_SF,SF,ARI,Fred Warner,fred warner,MLB,0,0,0,0,0.0,0.0,0.0
3,2026_03_ARI_SF,SF,ARI,KhaDarel Hodge,khadarel hodge,WR,0,0,0,0,0.0,30.0,0.56
3,2026_03_ARI_SF,SF,ARI,Dre Greenlaw,dre greenlaw,LB,0,0,0,0,0.0,0.0,0.0
3,2026_03_ARI_SF,SF,ARI,Kevin Givens,kevin givens,DT,0,0,0,0,0.0,0.0,0.0
3,2026_03_ARI_SF,SF,ARI,Luke Gifford,luke gifford,LB,0,0,0,0,0.0,0.0,0.0
3,2026_03_ARI_SF,SF,ARI,Deebo Samuel Sr.,deebo samuel,WR,0,0,80,1,0.0,41.0,0.76
3,2026_03_ARI_SF,SF,ARI,Corliss Waitman,corliss waitman,P,0,0,0,0,0.0,0.0,0.0
3,2026_03_ARI_SF,SF,ARI,Colton McKivitz,colton mckivitz,OT,0,0,0,0,0.0,54.0,1.0
3,2026_03_ARI_SF,SF,ARI,Ashtyn Davis,ashtyn davis,SAF,0,0,0,0,0.0,0.0,0.0
3,2026_03_ARI_SF,SF,ARI,Khalid Kareem,khalid kareem,DE,0,0,0,0,0.0,0.0,0.0
3,2026_03_ARI_SF,SF,ARI,Deommodore Lenoir,deommodore lenoir,CB,0,0,0,0,0.0,0.0,0.0
3,2026_03_ARI_SF,SF,ARI,Naquan Jones,naquan jones,DT,0,0,0,0,0.0,0.0,0.0
3,2026_03_ARI_SF,SF,ARI,Garret Wallow,garret wallow,LB,0,0,0,0,0.0,0.0,0.0
3,2026_03_ARI_SF,SF,ARI,Osa Odighizuwa,osa odighizuwa,DT,0,0,0,0,0.0,0.0,0.0
3,2026_03_ARI_SF,SF,ARI,Brock Purdy,brock purdy,QB,0,0,0,0,0.0,54.0,1.0
3,2026_03_ARI_SF,SF,ARI,Jack Jones,jack jones,CB,0,0,0,0,0.0,0.0,0.0
3,2026_03_ARI_SF,SF,ARI,Ji'Ayir Brown,jiayir brown,SAF,0,0,0,0,0.0,0.0,0.0
3,2026_03_ARI_SF,SF,ARI,Brayden Willis,brayden willis,TE,0,0,0,0,0.0,2.0,0.04
3,2026_03_ARI_SF,SF,ARI,Keion White,keion white,DE,0,0,0,0,0.0,0.0,0.0
3,2026_03_ARI_SF,SF,ARI,Renardo Green,renardo green,CB,0,0,0,0,0.0,0.0,0.0
3,2026_03_ARI_SF,SF,ARI,Malik Mustapha,malik mustapha,SAF,0,0,0,0,0.0,0.0,0.0
3,2026_03_ARI_SF,SF,ARI,Upton Stout,upton stout,CB,0,0,0,0,0.0,0.0,0.0
3,2026_03_ARI_SF,SF,ARI,Marques Sigle,marques sigle,SAF,0,0,0,0,0.0,0.0,0.0
3,2026_03_ARI_SF,SF,ARI,Connor Colby,connor colby,G,0,0,0,0,0.0,54.0,1.0
3,2026_03_ARI_SF,SF,ARI,Sebastian Valdez,sebastian valdez,DL,0,0,0,0,0.0,0.0,0.0
3,2026_03_ARI_SF,SF,ARI,Jaden Dugger,jaden dugger,LB,0,0,0,0,0.0,0.0,0.0
3,2026_03_ARI_SF,SF,ARI,Gracen Halton,gracen halton,DT,0,0,0,0,0.0,0.0,0.0
3,2026_03_MIN_TB,TB,MIN,Emeka Egbuka,emeka egbuka,WR,9,5,62,0,0.2571428571428571,51.0,0.74
3,2026_03_MIN_TB,TB,MIN,Cade Otton,cade otton,TE,6,3,56,0,0.17142857142857143,65.0,0.94
3,2026_03_MIN_TB,TB,MIN,Kenny Gainwell,kenny gainwell,RB,5,2,14,0,0.14285714285714285,0.0,0.0
3,2026_03_MIN_TB,TB,MIN,Chris Godwin Jr.,chris godwin,WR,4,3,25,0,0.11428571428571428,43.0,0.62
3,2026_03_MIN_TB,TB,MIN,Bucky Irving,bucky irving,RB,4,2,12,0,0.11428571428571428,36.0,0.52
3,2026_03_MIN_TB,TB,MIN,Ted Hurst III,ted hurst,WR,3,1,40,1,0.08571428571428572,52.0,0.75
3,2026_03_MIN_TB,TB,MIN,Tez Johnson,tez johnson,WR,2,1,8,0,0.05714285714285714,16.0,0.23
3,2026_03_MIN_TB,TB,MIN,Payne Durham,payne durham,TE,1,0,0,0,0.02857142857142857,38.0,0.55
3,2026_03_MIN_TB,TB,MIN,Jalen McMillan,jalen mcmillan,WR,1,0,0,0,0.02857142857142857,2.0,0.03
3,2026_03_MIN_TB,TB,MIN,Miles Killebrew,miles killebrew,SAF,0,0,0,0,0.0,0.0,0.0
3,2026_03_MIN_TB,TB,MIN,A'Shawn Robinson,ashawn robinson,DT,0,0,0,0,0.0,0.0,0.0
3,2026_03_MIN_TB,TB,MIN,Riley Dixon,riley dixon,P,0,0,0,0,0.0,0.0,0.0
3,2026_03_MIN_TB,TB,MIN,Alex Anzalone,alex anzalone,MLB,0,0,0,0,0.0,0.0,0.0
3,2026_03_MIN_TB,TB,MIN,Al-Quadin Muhammad,alquadin muhammad,LB,0,0,0,0,0.0,0.0,0.0
3,2026_03_MIN_TB,TB,MIN,Vita Vea,vita vea,DT,0,0,0,0,0.0,0.0,0.0
3,2026_03_MIN_TB,TB,MIN,Baker Mayfield,baker mayfield,QB,0,0,0,0,0.0,65.0,0.94
3,2026_03_MIN_TB,TB,MIN,Anthony Nelson,anthony nelson,LB,0,0,0,0,0.0,0.0,0.0
3,2026_03_MIN_TB,TB,MIN,Chase McLaughlin,chase mclaughlin,K,0,0,0,0,0.0,0.0,0.0
3,2026_03_MIN_TB,TB,MIN,Christian Rozeboom,christian rozeboom,LB,0,0,0,0,0.0,0.0,0.0
3,2026_03_MIN_TB,TB,MIN,Antoine Winfield Jr.,antoine winfield,SAF,0,0,0,0,0.0,0.0,0.0
3,2026_03_MIN_TB,TB,MIN,Ifeatu Melifonwu,ifeatu melifonwu,SAF,0,0,0,0,0.0,0.0,0.0
3,2026_03_MIN_TB,TB,MIN,Zyon McCollum,zyon mccollum,CB,0,0,0,0,0.0,0.0,0.0
3,2026_03_MIN_TB,TB,MIN,Ko Kieft,ko kieft,TE,0,0,0,0,0.0,2.0,0.03
3,2026_03_MIN_TB,TB,MIN,Luke Goedeke,luke goedeke,OT,0,0,0,0,0.0,69.0,1.0
3,2026_03_MIN_TB,TB,MIN,SirVocea Dennis,sirvocea dennis,LB,0,0,0,0,0.0,0.0,0.0
3,2026_03_MIN_TB,TB,MIN,Calijah Kancey,calijah kancey,DT,0,0,0,0,0.0,0.0,0.0
3,2026_03_MIN_TB,TB,MIN,Yaya Diaby,yaya diaby,LB,0,0,0,0,0.0,0.0,0.0
3,2026_03_MIN_TB,TB,MIN,Cody Mauch,cody mauch,G,0,0,0,0,0.0,69.0,1.0
3,2026_03_MIN_TB,TB,MIN,Kameron Johnson,kameron johnson,WR,0,0,0,0,0.0,1.0,0.01
3,2026_03_MIN_TB,TB,MIN,Tykee Smith,tykee smith,SAF,0,0,0,0,0.0,0.0,0.0
3,2026_03_MIN_TB,TB,MIN,Graham Barton,graham barton,C,0,0,0,0,0.0,69.0,1.0
3,2026_03_MIN_TB,TB,MIN,Kevin Knowles,kevin knowles,DB,0,0,0,0,0.0,0.0,0.0
3,2026_03_MIN_TB,TB,MIN,Jacob Parrish,jacob parrish,CB,0,0,0,0,0.0,0.0,0.0
3,2026_03_MIN_TB,TB,MIN,David Walker,david walker,LB,0,0,0,0,0.0,0.0,0.0
3,2026_03_MIN_TB,TB,MIN,Elijah Roberts,elijah roberts,DE,0,0,0,0,0.0,0.0,0.0
3,2026_03_MIN_TB,TB,MIN,Elijah Simmons,elijah simmons,DL,0,0,0,0,0.0,0.0,0.0
3,2026_03_MIN_TB,TB,MIN,Keionte Scott,keionte scott,CB,0,0,0,0,0.0,0.0,0.0
3,2026_03_MIN_TB,TB,MIN,Bauer Sharp,bauer sharp,TE,0,0,0,0,0.0,6.0,0.09
3,2026_03_MIN_TB,TB,MIN,Jalon Daniels,jalon daniels,QB,0,0,0,0,0.0,4.0,0.06
3,2026_03_TEN_NYG,TEN,NYG,Wan'Dale Robinson,wandale robinson,WR,11,7,57,1,0.3142857142857143,38.0,0.63
3,2026_03_TEN_NYG,TEN,NYG,Carnell Tate,carnell tate,WR,9,6,58,0,0.2571428571428571,53.0,0.88
3,2026_03_TEN_NYG,TEN,NYG,Tony Pollard,tony pollard,RB,4,4,22,0,0.11428571428571428,32.0,0.53
3,2026_03_TEN_NYG,TEN,NYG,Gunnar Helm,gunnar helm,TE,4,2,14,0,0.11428571428571428,49.0,0.82
3,2026_03_TEN_NYG,TEN,NYG,Elic Ayomanor,elic ayomanor,WR,3,1,11,0,0.08571428571428572,48.0,0.8
3,2026_03_TEN_NYG,TEN,NYG,Daniel Bellinger,daniel bellinger,TE,2,2,16,0,0.05714285714285714,24.0,0.4
3,2026_03_TEN_NYG,TEN,NYG,Calvin Ridley,calvin ridley,WR,1,0,0,0,0.02857142857142857,20.0,0.33
3,2026_03_TEN_NYG,TEN,NYG,Chimere Dike,chimere dike,WR,1,1,3,0,0.02857142857142857,6.0,0.1
3,2026_03_TEN_NYG,TEN,NYG,Jacob Martin,jacob martin,DE,0,0,0,0,0.0,0.0,0.0
3,2026_03_TEN_NYG,TEN,NYG,John Franklin-Myers,john franklinmyers,DE,0,0,0,0,0.0,0.0,0.0
3,2026_03_TEN_NYG,TEN,NYG,Joey Slye,joey slye,K,0,0,0,0,0.0,0.0,0.0
3,2026_03_TEN_NYG,TEN,NYG,Amani Hooker,amani hooker,SAF,0,0,0,0,0.0,0.0,0.0
3,2026_03_TEN_NYG,TEN,NYG,Jeffery Simmons,jeffery simmons,DT,0,0,0,0,0.0,0.0,0.0
3,2026_03_TEN_NYG,TEN,NYG,Cody Barton,cody barton,LB,0,0,0,0,0.0,0.0,0.0
3,2026_03_TEN_NYG,TEN,NYG,Tommy Townsend,tommy townsend,P,0,0,0,0,0.0,0.0,0.0
3,2026_03_TEN_NYG,TEN,NYG,Jordan Elliott,jordan elliott,DT,0,0,0,0,0.0,0.0,0.0
3,2026_03_TEN_NYG,TEN,NYG,Tony Adams,tony adams,SAF,0,0,0,0,0.0,0.0,0.0
3,2026_03_TEN_NYG,TEN,NYG,Julius Chestnut,julius chestnut,RB,0,0,0,0,0.0,0.0,0.0
3,2026_03_TEN_NYG,TEN,NYG,Jermaine Johnson II,jermaine johnson,DE,0,0,0,0,0.0,0.0,0.0
3,2026_03_TEN_NYG,TEN,NYG,Cordale Flott,cordale flott,CB,0,0,0,0,0.0,0.0,0.0
3,2026_03_TEN_NYG,TEN,NYG,Alontae Taylor,alontae taylor,CB,0,0,0,0,0.0,0.0,0.0
3,2026_03_TEN_NYG,TEN,NYG,Truman Jones,truman jones,DE,0,0,0,0,0.0,0.0,0.0
3,2026_03_TEN_NYG,TEN,NYG,Erick Hallett,erick hallett,SAF,0,0,0,0,0.0,0.0,0.0
3,2026_03_TEN_NYG,TEN,NYG,Tyjae Spears,tyjae spears,RB,0,0,0,0,0.0,28.0,0.47
3,2026_03_TEN_NYG,TEN,NYG,James Williams,james williams,LB,0,0,0,0,0.0,0.0,0.0
3,2026_03_TEN_NYG,TEN,NYG,Cedric Gray,cedric gray,LB,0,0,0,0,0.0,0.0,0.0
3,2026_03_TEN_NYG,TEN,NYG,Micah Robinson,micah robinson,CB,0,0,0,0,0.0,0.0,0.0
3,2026_03_TEN_NYG,TEN,NYG,Kevin Winston Jr.,kevin winston,SAF,0,0,0,0,0.0,0.0,0.0
3,2026_03_TEN_NYG,TEN,NYG,Marcus Harris,marcus harris,CB,0,0,0,0,0.0,0.0,0.0
3,2026_03_TEN_NYG,TEN,NYG,Cam Ward,cam ward,QB,0,0,0,0,0.0,60.0,1.0
3,2026_03_TEN_NYG,TEN,NYG,Oluwafemi Oladejo,oluwafemi oladejo,DE,0,0,0,0,0.0,0.0,0.0
3,2026_03_TEN_NYG,TEN,NYG,Anthony Hill Jr.,anthony hill,LB,0,0,0,0,0.0,0.0,0.0
3,2026_03_TEN_NYG,TEN,NYG,Keldric Faulk,keldric faulk,DE,0,0,0,0,0.0,0.0,0.0
3,2026_03_SEA_WAS,WAS,SEA,Terry McLaurin,terry mclaurin,WR,9,6,77,1,0.3,52.0,0.75
3,2026_03_SEA_WAS,WAS,SEA,Stefon Diggs,stefon diggs,WR,7,4,33,0,0.23333333333333334,41.0,0.59
3,2026_03_SEA_WAS,WAS,SEA,Antonio Williams,antonio williams,WR,4,2,15,0,0.13333333333333333,28.0,0.41
3,2026_03_SEA_WAS,WAS,SEA,Treylon Burks,treylon burks,WR,2,2,13,1,0.06666666666666667,25.0,0.36
3,2026_03_SEA_WAS,WAS,SEA,Colson Yankoff,colson yankoff,TE,2,1,2,0,0.06666666666666667,32.0,0.46
3,2026_03_SEA_WAS,WAS,SEA,Dyami Brown,dyami brown,WR,1,0,0,0,0.03333333333333333,21.0,0.3
3,2026_03_SEA_WAS,WAS,SEA,John Bates,john bates,TE,1,1,9,0,0.03333333333333333,37.0,0.54
3,2026_03_SEA_WAS,WAS,SEA,Rachaad White,rachaad white,RB,1,1,6,1,0.03333333333333333,30.0,0.43
3,2026_03_SEA_WAS,WAS,SEA,Ben Sinnott,ben sinnott,TE,1,0,0,0,0.03333333333333333,34.0,0.49
3,2026_03_SEA_WAS,WAS,SEA,Jaylin Lane,jaylin lane,WR,1,1,21,0,0.03333333333333333,5.0,0.07
3,2026_03_SEA_WAS,WAS,SEA,Jacory Croskey-Merritt,jacory croskeymerritt,RB,1,1,7,0,0.03333333333333333,39.0,0.57
3,2026_03_SEA_WAS,WAS,SEA,Tress Way,tress way,P,0,0,0,0,0.0,0.0,0.0
3,2026_03_SEA_WAS,WAS,SEA,Marcus Mariota,marcus mariota,QB,0,0,0,0,0.0,69.0,1.0
3,2026_03_SEA_WAS,WAS,SEA,Rasul Douglas,rasul douglas,CB,0,0,0,0,0.0,0.0,0.0
3,2026_03_SEA_WAS,WAS,SEA,Daron Payne,daron payne,NT,0,0,0,0,0.0,0.0,0.0
3,2026_03_SEA_WAS,WAS,SEA,Dorance Armstrong,dorance armstrong,DE,0,0,0,0,0.0,0.0,0.0
3,2026_03_SEA_WAS,WAS,SEA,Tim Settle,tim settle,DT,0,0,0,0,0.0,0.0,0.0
3,2026_03_SEA_WAS,WAS,SEA,Jeremy Reaves,jeremy reaves,DB,0,0,0,0,0.0,0.0,0.0
3,2026_03_SEA_WAS,WAS,SEA,Charles Omenihu,charles omenihu,DE,0,0,0,0,0.0,0.0,0.0
3,2026_03_SEA_WAS,WAS,SEA,Shy Tuttle,shy tuttle,DT,0,0,0,0,0.0,0.0,0.0
3,2026_03_SEA_WAS,WAS,SEA,Javon Kinlaw,javon kinlaw,DT,0,0,0,0,0.0,0.0,0.0
3,2026_03_SEA_WAS,WAS,SEA,K'Lavon Chaisson,klavon chaisson,LB,0,0,0,0,0.0,0.0,0.0
3,2026_03_SEA_WAS,WAS,SEA,Amik Robertson,amik robertson,CB,0,0,0,0,0.0,0.0,0.0
3,2026_03_SEA_WAS,WAS,SEA,Odafe Oweh,odafe oweh,LB,0,0,0,0,0.0,0.0,0.0
3,2026_03_SEA_WAS,WAS,SEA,Leo Chenal,leo chenal,LB,0,0,0,0,0.0,0.0,0.0
3,2026_03_SEA_WAS,WAS,SEA,Percy Butler,percy butler,SAF,0,0,0,0,0.0,0.0,0.0
3,2026_03_SEA_WAS,WAS,SEA,Quan Martin,quan martin,SAF,0,0,0,0,0.0,0.0,0.0
3,2026_03_SEA_WAS,WAS,SEA,Luke McCaffrey,luke mccaffrey,WR,0,0,0,0,0.0,0.0,0.0
3,2026_03_SEA_WAS,WAS,SEA,Tyler Owens,tyler owens,DB,0,0,0,0,0.0,0.0,0.0
3,2026_03_SEA_WAS,WAS,SEA,Mike Sainristil,mike sainristil,CB,0,0,0,0,0.0,0.0,0.0
3,2026_03_SEA_WAS,WAS,SEA,Kain Medrano,kain medrano,LB,0,0,0,0,0.0,0.0,0.0
3,2026_03_SEA_WAS,WAS,SEA,Ale Kaho,ale kaho,LB,0,0,0,0,0.0,0.0,0.0
3,2026_03_SEA_WAS,WAS,SEA,Josh Conerly Jr.,josh conerly,OT,0,0,0,0,0.0,69.0,1.0
3,2026_03_SEA_WAS,WAS,SEA,Sonny Styles,sonny styles,LB,0,0,0,0,0.0,0.0,0.0
3,2026_03_SEA_WAS,WAS,SEA,Joshua Josephs,joshua josephs,LB,0,0,0,0,0.0,0.0,0.0
3,2026_03_SEA_WAS,WAS,SEA,Drew Stevens,drew stevens,K,0,0,0,0,0.0,0.0,0.0
